invoice_id,vendor,category,invoice_date,entered_date,amount,approver
AP005697,Zephyr Labs,marketing,2025-08-31,2025-09-02,192.46,M01
AP000210,Amazon Web Services,infrastructure,2026-01-11,2026-01-14,1791.63,M14
AP003398,Loom Labs,events,2026-05-10,2026-05-13,387.67,M08
AP004733,Tundra Consulting,office,2025-09-21,2025-09-25,140.76,M10
AP005561,Yonder Trading,office,2026-03-09,2026-03-10,230.16,M07
AP005874,Northgate Logistics,logistics,2026-01-21,2026-01-22,9508.76,M05
AP004463,Rampart Labs,office,2025-08-18,2025-08-21,276.57,M08
AP000418,Amazon Web Services,infrastructure,2026-06-06,2026-06-08,1799.41,M02
AP001671,Cinder Supply,events,2026-06-02,2026-06-03,1088.75,M02
AP000337,Amazon Web Services,infrastructure,2026-03-28,2026-04-01,3751.87,M07
AP004443,Rampart Industries,facilities,2026-04-17,2026-04-17,496.4,M10
AP005566,Zephyr Supply,office,2025-07-10,2025-07-10,522.7,M01
AP005172,Vela Trading,facilities,2026-01-29,2026-02-02,299.93,M01
AP005494,Yonder Group,hardware,2026-05-03,2026-05-06,948.8,M07
AP004174,Quarry Services,marketing,2025-08-13,2025-08-15,551.39,M11
AP001376,Acme Partners,marketing,2026-06-09,2026-06-15,309.58,M10
AP005839,Northgate Logistics,logistics,2025-09-05,2025-09-08,409.67,M12
AP005048,Vela Solutions,software,2025-07-16,2025-07-18,222.58,M10
AP005613,Zephyr Solutions,office,2026-01-01,2026-01-01,358.44,M06
AP002889,Juniper Supply,events,2025-09-18,2025-09-18,101.79,M12
AP001772,Cinder Group,office,2026-02-12,2026-02-12,131.6,M02
AP001721,Cinder Consulting,marketing,2026-04-15,2026-04-20,127.59,M04
AP002909,Juniper Services,professional_services,2025-08-15,2025-08-15,153.4,M06
AP002828,Inlet Labs,facilities,2025-08-04,2025-08-07,483.01,M09
AP000223,Amazon Web Services,infrastructure,2026-01-06,2026-01-12,2363.27,M01
AP002581,Harbor Solutions,logistics,2025-12-11,2025-12-12,1601.79,M05
AP005796,Northgate Logistics,logistics,2026-05-10,2026-05-11,1744.33,M05
AP000560,Salesforce,software,2025-08-02,2025-08-04,3703.16,M08
AP003776,Nimbus Works,software,2026-04-28,2026-05-04,410.45,M14
AP003152,Keystone Partners,hardware,2025-07-11,2025-07-14,487.67,M12
AP004913,Umber Consulting,software,2026-05-08,2026-05-11,918.67,M04
AP004176,Quarry Services,marketing,2025-09-11,2025-09-12,400.88,M09
AP002695,Harbor Works,hardware,2026-04-01,2026-04-06,610.24,M03
AP003447,Mosaic Supply,hardware,2026-05-17,2026-05-21,60.4,M12
AP004696,Tundra Services,office,2025-10-22,2025-10-23,231.12,M03
AP005688,Zephyr Group,logistics,2026-04-12,2026-04-13,121.16,M09
AP002678,Harbor Works,hardware,2025-08-22,2025-08-25,199.08,M12
AP001819,Cinder Trading,marketing,2025-08-06,2025-08-11,110.76,M04
AP003965,Prairie Supply,facilities,2025-07-31,2025-07-31,741.61,M07
AP002795,Inlet Partners,events,2026-02-13,2026-02-16,267.74,M14
AP000066,Amazon Web Services,infrastructure,2025-08-17,2025-08-21,849.0,M07
AP004234,Quarry Partners,logistics,2026-02-13,2026-02-17,347.72,M12
AP004097,Prairie Labs,office,2026-01-11,2026-01-15,158.49,M04
AP005578,Zephyr Supply,office,2026-02-09,2026-02-09,349.06,M04
AP003023,Juniper Works,events,2025-08-07,2025-08-11,535.95,M08
AP000902,Robert Half,recruiting,2026-04-21,2026-04-27,3926.1,M04
AP000075,Amazon Web Services,infrastructure,2025-09-01,2025-09-01,1689.68,M14
AP005360,Wharf Trading,hardware,2025-12-06,2025-12-08,1212.42,M02
AP001336,Acme Consulting,facilities,2025-10-09,2025-10-13,406.56,M11
AP000663,WeWork,facilities,2025-09-16,2025-09-16,6108.75,M08
AP002999,Juniper Industries,events,2026-02-14,2026-02-16,636.44,M12
AP004549,Sable Solutions,software,2025-07-26,2025-07-30,347.28,M12
AP003173,Keystone Industries,professional_services,2025-08-17,2025-08-21,309.94,M02
AP001489,Borealis Services,hardware,2026-02-14,2026-02-18,58.85,M13
AP002190,Ember Trading,hardware,2026-01-17,2026-01-19,426.75,M01
AP003505,Mosaic Consulting,facilities,2026-04-24,2026-04-28,707.01,M13
AP005708,Zephyr Labs,marketing,2026-05-22,2026-05-25,365.17,M09
AP001401,Acme Group,hardware,2025-10-19,2025-10-20,1038.02,M12
AP002052,Ember Solutions,hardware,2025-09-26,2025-09-29,936.54,M07
AP001666,Cinder Supply,events,2026-03-17,2026-03-20,444.61,M12
AP001696,Cinder Solutions,office,2025-12-12,2025-12-15,132.82,M05
AP001056,Global Catering Co,events,2026-04-03,2026-04-06,472.61,M09
AP003448,Mosaic Supply,hardware,2026-04-27,2026-04-30,445.17,M05
AP005743,Amazon Web Services,infrastructure,2025-07-14,2025-07-18,2178.96,M10
AP000790,Staples Business,office,2026-05-13,2026-05-15,293.65,M12
AP004874,Umber Services,hardware,2026-05-04,2026-05-06,430.94,M05
AP003358,Loom Industries,facilities,2026-03-22,2026-03-23,220.19,M07
AP000635,Figma,software,2025-07-13,2025-07-16,350.71,M10
AP004164,Quarry Supply,hardware,2026-03-07,2026-03-09,109.9,M14
AP000380,Amazon Web Services,infrastructure,2026-04-28,2026-04-29,5126.39,M04
AP003194,Keystone Group,facilities,2025-12-19,2025-12-22,187.55,M08
AP000514,Datadog,infrastructure,2025-09-30,2025-09-30,3897.38,M13
AP000738,Staples Business,office,2025-10-21,2025-10-21,483.29,M05
AP005902,Northgate Logistics,logistics,2026-05-22,2026-05-22,11865.9,M13
AP000442,Snowflake,infrastructure,2025-09-10,2025-09-15,4996.48,M10
AP002360,Fulcrum Trading,marketing,2025-07-27,2025-07-28,424.99,M13
AP004068,Prairie Industries,marketing,2026-04-03,2026-04-07,192.6,M05
AP002624,Harbor Partners,software,2026-01-23,2026-01-27,484.37,M07
AP005900,Northgate Logistics,logistics,2025-11-23,2025-11-24,566.9,M10
AP002545,Harbor Supply,logistics,2025-12-10,2025-12-15,280.87,M13
AP004795,Tundra Group,facilities,2026-01-14,2026-01-15,541.67,M06
AP002844,Inlet Labs,facilities,2026-06-05,2026-06-08,204.42,M06
AP001301,Acme Services,facilities,2025-07-04,2025-07-07,801.84,M08
AP000409,Amazon Web Services,infrastructure,2026-06-23,2026-06-26,1161.39,M02
AP003873,Onyx Industries,facilities,2025-08-02,2025-08-04,62.59,M09
AP000535,Datadog,infrastructure,2026-01-30,2026-01-30,3105.46,M09
AP005834,Northgate Logistics,logistics,2026-02-21,2026-02-23,1770.47,M04
AP002930,Juniper Solutions,facilities,2026-03-03,2026-03-03,811.63,M11
AP002735,Inlet Supply,logistics,2026-04-03,2026-04-06,147.36,M06
AP000246,Amazon Web Services,infrastructure,2026-02-06,2026-02-06,1144.12,M03
AP004969,Umber Labs,office,2026-01-21,2026-01-21,1107.02,M07
AP003075,Keystone Supply,office,2026-04-23,2026-04-27,158.01,M13
AP002722,Inlet Supply,logistics,2025-10-24,2025-10-24,271.24,M05
AP002394,Gable Services,hardware,2025-09-01,2025-09-02,1014.06,M11
AP004986,Umber Works,marketing,2026-01-21,2026-01-22,366.96,M10
AP004958,Umber Group,software,2026-02-27,2026-03-02,485.3,M08
AP005041,Vela Services,software,2026-03-21,2026-03-23,399.93,M11
AP001264,Verizon Business,telecom,2026-01-22,2026-01-23,1000.3,M04
AP004167,Quarry Supply,hardware,2026-03-29,2026-04-01,194.96,M05
AP005004,Umber Trading,professional_services,2025-12-01,2025-12-04,749.77,M08
AP001941,Dockside Group,hardware,2025-08-16,2025-08-18,831.28,M08
AP001948,Dockside Group,hardware,2025-11-29,2025-12-01,156.4,M14
AP004351,Rampart Services,logistics,2025-08-22,2025-08-22,75.64,M10
AP002162,Ember Works,hardware,2025-10-03,2025-10-06,556.15,M12
AP004511,Rampart Trading,office,2026-02-22,2026-02-23,409.13,M14
AP005039,Vela Services,software,2026-02-12,2026-02-16,244.44,M02
AP002115,Ember Industries,office,2026-06-02,2026-06-08,50.0,M07
AP002879,Inlet Trading,hardware,2026-03-05,2026-03-09,370.34,M09
AP002422,Gable Solutions,software,2026-04-29,2026-05-01,202.13,M13
AP001853,Dockside Supply,events,2026-05-03,2026-05-04,428.11,M04
AP001794,Cinder Labs,marketing,2025-12-30,2026-01-02,356.4,M10
AP003184,Keystone Industries,professional_services,2026-05-19,2026-05-20,375.14,M03
AP002499,Gable Labs,software,2026-02-22,2026-02-25,680.4,M02
AP000036,Amazon Web Services,infrastructure,2025-07-14,2025-07-15,1299.55,M04
AP004765,Tundra Industries,software,2025-10-07,2025-10-10,2019.73,M03
AP000264,Amazon Web Services,infrastructure,2026-02-22,2026-02-25,3653.29,M01
AP000465,Snowflake,infrastructure,2026-01-10,2026-01-12,2449.98,M01
AP004162,Quarry Supply,hardware,2026-01-12,2026-01-16,205.56,M03
AP005804,Northgate Logistics,logistics,2026-06-05,2026-06-08,4248.6,M06
AP000205,Amazon Web Services,infrastructure,2025-12-02,2025-12-03,4469.75,M12
AP003003,Juniper Group,software,2025-09-08,2025-09-12,900.09,M04
AP004350,Rampart Services,logistics,2025-07-03,2025-07-07,122.37,M11
AP003289,Loom Services,professional_services,2026-04-02,2026-04-06,555.61,M03
AP003817,Onyx Services,logistics,2025-11-29,2025-12-03,191.12,M01
AP002072,Ember Consulting,marketing,2025-12-25,2025-12-29,4256.52,M06
AP000424,Snowflake,infrastructure,2025-07-22,2025-07-24,5160.73,M14
AP005014,Umber Trading,professional_services,2026-05-28,2026-06-01,167.8,M04
AP003591,Mosaic Works,marketing,2026-02-10,2026-02-16,317.87,M11
AP002734,Inlet Supply,logistics,2026-03-02,2026-03-04,358.1,M08
AP000853,Robert Half,recruiting,2025-07-07,2025-07-11,3405.32,M05
AP004342,Rampart Supply,software,2026-01-29,2026-02-02,122.88,M04
AP003190,Keystone Group,facilities,2025-10-23,2025-10-27,218.95,M05
AP000147,Amazon Web Services,infrastructure,2025-11-09,2025-11-10,560.78,M01
AP002209,Fulcrum Supply,marketing,2026-01-06,2026-01-09,398.79,M03
AP001538,Borealis Partners,software,2025-08-26,2025-08-29,784.94,M02
AP002388,Gable Supply,office,2026-03-08,2026-03-12,326.79,M10
AP001953,Dockside Group,hardware,2026-05-16,2026-05-18,669.69,M13
AP000693,Iron Mountain,facilities,2025-11-28,2025-11-28,464.01,M03
AP000047,Amazon Web Services,infrastructure,2025-08-27,2025-09-01,519.53,M14
AP000430,Snowflake,infrastructure,2025-08-04,2025-08-04,6761.26,M11
AP004498,Rampart Works,facilities,2026-06-07,2026-06-11,130.79,M13
AP005254,Wharf Consulting,office,2026-04-19,2026-04-21,110.51,M08
AP005885,Northgate Logistics,logistics,2026-02-17,2026-02-19,8971.91,M08
AP001787,Cinder Labs,marketing,2025-10-23,2025-10-27,767.63,M06
AP005702,Zephyr Labs,marketing,2026-02-19,2026-02-19,307.65,M02
AP004833,Tundra Trading,facilities,2025-07-11,2025-07-15,263.3,M12
AP004341,Rampart Supply,software,2026-01-06,2026-01-06,462.77,M14
AP002945,Juniper Consulting,office,2025-10-26,2025-10-27,241.48,M13
AP005871,Northgate Logistics,logistics,2025-11-11,2025-11-14,6956.13,M02
AP004459,Rampart Group,professional_services,2026-05-29,2026-06-02,231.27,M10
AP004064,Prairie Industries,marketing,2026-03-19,2026-03-23,963.13,M14
AP004925,Umber Partners,facilities,2025-11-13,2025-11-14,201.82,M01
AP000518,Datadog,infrastructure,2025-11-07,2025-11-07,3689.16,M04
AP001610,Borealis Labs,logistics,2026-01-14,2026-01-19,2099.73,M11
AP003532,Mosaic Industries,professional_services,2025-09-02,2025-09-08,280.67,M08
AP001378,Acme Industries,facilities,2025-09-23,2025-09-29,692.13,M10
AP001150,Meridian Travel,travel,2025-12-03,2025-12-04,3023.17,M01
AP001877,Dockside Solutions,professional_services,2026-03-17,2026-03-23,166.87,M04
AP005829,Northgate Logistics,logistics,2025-10-29,2025-10-31,436.62,M04
AP005873,Northgate Logistics,logistics,2026-03-25,2026-03-26,7552.61,M04
AP002225,Fulcrum Services,hardware,2025-08-14,2025-08-18,168.34,M14
AP005715,Zephyr Works,logistics,2025-11-11,2025-11-12,2168.31,M04
AP001423,Acme Labs,facilities,2026-03-03,2026-03-06,291.53,M08
AP003211,Keystone Labs,facilities,2026-06-13,2026-06-17,888.86,M13
AP005630,Zephyr Consulting,hardware,2026-03-07,2026-03-11,209.23,M12
AP001279,Acme Supply,software,2025-07-02,2025-07-02,124.22,M03
AP001360,Acme Partners,marketing,2025-09-10,2025-09-11,180.28,M05
AP002392,Gable Services,hardware,2025-07-25,2025-07-29,606.65,M07
AP003881,Onyx Industries,facilities,2026-01-21,2026-01-23,932.93,M09
AP004084,Prairie Group,hardware,2026-04-10,2026-04-13,43.16,M01
AP002389,Gable Supply,office,2026-04-04,2026-04-06,122.16,M05
AP005103,Vela Industries,hardware,2025-10-24,2025-10-27,1737.73,M05
AP003570,Mosaic Labs,hardware,2025-07-06,2025-07-08,516.01,M01
AP000146,Amazon Web Services,infrastructure,2025-11-02,2025-11-05,5790.17,M11
AP005620,Zephyr Consulting,hardware,2025-08-31,2025-09-02,390.95,M03
AP001021,Global Catering Co,events,2025-08-18,2025-08-18,1256.15,M13
AP000396,Amazon Web Services,infrastructure,2026-06-11,2026-06-15,978.36,M07
AP004943,Umber Industries,office,2026-02-12,2026-02-12,908.09,M03
AP001469,Borealis Supply,marketing,2026-02-04,2026-02-09,83.79,M07
AP003739,Nimbus Labs,professional_services,2025-10-24,2025-10-24,331.24,M06
AP001952,Dockside Group,hardware,2026-02-13,2026-02-13,74.53,M13
AP000784,Staples Business,office,2026-04-22,2026-04-27,402.6,M14
AP004956,Umber Group,software,2026-01-23,2026-01-26,97.54,M08
AP004621,Sable Labs,marketing,2025-07-19,2025-07-23,204.35,M14
AP001903,Dockside Partners,facilities,2025-07-07,2025-07-11,683.87,M08
AP002729,Inlet Supply,logistics,2026-01-11,2026-01-15,148.28,M10
AP002238,Fulcrum Solutions,hardware,2025-08-10,2025-08-11,866.42,M04
AP000609,Atlassian,software,2025-10-31,2025-11-03,939.46,M08
AP002504,Gable Labs,software,2026-06-07,2026-06-08,18.66,M06
AP000701,Iron Mountain,facilities,2026-03-30,2026-03-31,362.87,M02
AP000040,Amazon Web Services,infrastructure,2025-08-18,2025-08-18,1602.47,M06
AP002118,Ember Group,events,2025-07-24,2025-07-28,634.8,M09
AP001964,Dockside Labs,logistics,2025-12-20,2025-12-22,403.45,M08
AP004759,Tundra Partners,office,2026-03-14,2026-03-16,306.76,M05
AP005459,Yonder Industries,marketing,2025-07-02,2025-07-07,141.99,M07
AP000065,Amazon Web Services,infrastructure,2025-08-23,2025-08-25,2139.91,M03
AP000751,Staples Business,office,2025-12-12,2025-12-12,25.63,M06
AP001627,Borealis Works,hardware,2026-02-18,2026-02-23,752.43,M08
AP002931,Juniper Solutions,facilities,2026-03-14,2026-03-16,106.66,M05
AP001207,CDW,hardware,2025-10-19,2025-10-22,1218.6,M14
AP001580,Borealis Group,events,2025-11-15,2025-11-17,445.83,M12
AP003376,Loom Group,events,2026-04-23,2026-04-27,1301.1,M07
AP004427,Rampart Industries,facilities,2025-07-19,2025-07-21,423.42,M07
AP001429,Acme Labs,facilities,2026-06-01,2026-06-05,387.63,M12
AP004942,Umber Industries,office,2026-02-08,2026-02-11,702.6,M11
AP004541,Sable Services,logistics,2026-03-30,2026-04-03,1174.43,M11
AP002694,Harbor Works,hardware,2026-03-08,2026-03-09,436.2,M11
AP000197,Amazon Web Services,infrastructure,2025-11-28,2025-12-01,554.79,M08
AP002219,Fulcrum Supply,marketing,2026-05-02,2026-05-04,54.72,M04
AP005559,Yonder Trading,office,2026-02-14,2026-02-16,359.39,M13
AP002275,Fulcrum Partners,professional_services,2025-07-16,2025-07-21,569.9,M04
AP004461,Rampart Labs,office,2025-07-25,2025-07-29,210.63,M12
AP002966,Juniper Partners,hardware,2025-08-17,2025-08-18,1493.65,M07
AP005372,Yonder Supply,software,2025-08-05,2025-08-05,396.34,M05
AP003244,Keystone Trading,hardware,2025-11-01,2025-11-03,1016.68,M03
AP002393,Gable Services,hardware,2025-08-22,2025-08-25,317.53,M02
AP002471,Gable Industries,office,2026-05-28,2026-05-29,286.41,M09
AP001622,Borealis Works,hardware,2025-08-30,2025-09-01,434.78,M14
AP002831,Inlet Labs,facilities,2025-10-15,2025-10-20,118.02,M01
AP002648,Harbor Industries,events,2026-06-17,2026-06-17,1067.95,M01
AP002469,Gable Industries,office,2026-05-04,2026-05-04,554.97,M08
AP003039,Juniper Works,events,2026-03-18,2026-03-23,213.71,M07
AP001372,Acme Partners,marketing,2026-04-22,2026-04-27,6013.19,M14
AP003561,Mosaic Group,professional_services,2026-01-15,2026-01-15,1647.39,M03
AP002128,Ember Group,events,2026-02-22,2026-02-23,1028.32,M09
AP002191,Ember Trading,hardware,2026-01-20,2026-01-20,553.55,M06
AP004582,Sable Partners,office,2025-10-01,2025-10-06,2737.86,M10
AP000839,Uline,office,2026-03-12,2026-03-16,68.76,M11
AP001560,Borealis Industries,facilities,2025-09-03,2025-09-04,467.27,M13
AP003355,Loom Industries,facilities,2025-11-21,2025-11-24,438.39,M03
AP002549,Harbor Supply,logistics,2026-03-02,2026-03-06,130.82,M03
AP001357,Acme Partners,marketing,2025-08-14,2025-08-18,304.35,M14
AP005545,Yonder Works,office,2026-06-17,2026-06-18,776.38,M07
AP005299,Wharf Group,logistics,2025-08-12,2025-08-14,302.85,M11
AP002651,Harbor Group,logistics,2025-07-26,2025-07-30,176.34,M12
AP005891,Northgate Logistics,logistics,2026-05-26,2026-05-28,7017.73,M14
AP004265,Quarry Industries,logistics,2026-06-01,2026-06-02,571.63,M13
AP004355,Rampart Services,logistics,2025-09-08,2025-09-09,205.82,M09
AP002963,Juniper Partners,hardware,2025-07-08,2025-07-11,89.08,M10
AP002134,Ember Group,events,2026-05-03,2026-05-04,515.94,M05
AP005852,Northgate Logistics,logistics,2026-01-16,2026-01-19,792.34,M09
AP004589,Sable Partners,office,2026-05-12,2026-05-14,208.62,M11
AP002182,Ember Trading,hardware,2025-08-10,2025-08-11,1302.4,M03
AP000399,Amazon Web Services,infrastructure,2026-06-01,2026-06-05,256.11,M13
AP000026,Amazon Web Services,infrastructure,2025-07-26,2025-07-28,3892.35,M06
AP005677,Zephyr Group,logistics,2025-11-16,2025-11-20,74.29,M05
AP002172,Ember Works,hardware,2026-05-17,2026-05-19,192.46,M02
AP002474,Gable Group,office,2025-09-18,2025-09-18,736.48,M09
AP003886,Onyx Industries,facilities,2026-03-30,2026-03-30,315.62,M01
AP005737,Zephyr Trading,logistics,2026-05-28,2026-05-28,1351.92,M05
AP002335,Fulcrum Labs,software,2025-09-29,2025-10-01,333.95,M06
AP002527,Gable Trading,events,2026-01-04,2026-01-05,1388.68,M10
AP003898,Onyx Group,office,2025-08-26,2025-08-29,719.72,M14
AP002500,Gable Labs,software,2026-03-22,2026-03-24,158.34,M06
AP004898,Umber Consulting,software,2025-08-03,2025-08-07,480.54,M12
AP002841,Inlet Labs,facilities,2026-03-07,2026-03-10,2576.22,M02
AP001146,Meridian Travel,travel,2025-11-24,2025-11-26,496.63,M12
AP004233,Quarry Partners,logistics,2026-02-08,2026-02-10,305.4,M13
AP002783,Inlet Consulting,marketing,2026-02-13,2026-02-17,460.03,M14
AP004030,Prairie Consulting,hardware,2026-04-14,2026-04-16,224.08,M14
AP000825,Uline,office,2025-12-12,2025-12-15,332.78,M05
AP002956,Juniper Consulting,office,2026-05-03,2026-05-07,55.73,M03
AP000873,Robert Half,recruiting,2025-10-31,2025-11-03,4669.42,M14
AP005070,Vela Consulting,office,2025-12-03,2025-12-05,70.82,M08
AP004867,Umber Services,hardware,2025-08-27,2025-08-27,1592.19,M09
AP001471,Borealis Supply,marketing,2026-03-09,2026-03-10,96.89,M14
AP004702,Tundra Services,office,2026-04-20,2026-04-23,1062.37,M11
AP000919,Indeed,recruiting,2025-07-09,2025-07-14,640.58,M06
AP001526,Borealis Consulting,facilities,2026-01-22,2026-01-26,1281.96,M06
AP004849,Umber Supply,facilities,2025-10-22,2025-10-27,55.43,M12
AP002325,Fulcrum Group,professional_services,2026-03-16,2026-03-18,186.13,M08
AP000087,Amazon Web Services,infrastructure,2025-08-30,2025-09-01,1288.26,M10
AP003437,Mosaic Supply,hardware,2025-10-26,2025-10-30,349.89,M03
AP005410,Yonder Solutions,events,2025-11-25,2025-12-01,64.34,M05
AP001158,Meridian Travel,travel,2026-01-16,2026-01-19,1294.8,M06
AP000520,Datadog,infrastructure,2025-11-02,2025-11-03,4237.23,M12
AP002000,Dockside Trading,professional_services,2025-12-14,2025-12-16,349.04,M05
AP004430,Rampart Industries,facilities,2025-08-13,2025-08-18,652.62,M11
AP000127,Amazon Web Services,infrastructure,2025-10-26,2025-10-28,4616.73,M14
AP000269,Amazon Web Services,infrastructure,2026-02-04,2026-02-05,2164.64,M10
AP003062,Keystone Supply,office,2025-09-24,2025-09-29,290.81,M07
AP001830,Cinder Trading,marketing,2026-03-22,2026-03-23,319.4,M03
AP001311,Acme Services,facilities,2026-06-20,2026-06-24,864.62,M10
AP005504,Yonder Labs,facilities,2025-09-02,2025-09-03,233.21,M01
AP004923,Umber Partners,facilities,2025-10-19,2025-10-23,2265.27,M12
AP001755,Cinder Industries,software,2025-10-29,2025-10-31,469.75,M03
AP004976,Umber Labs,office,2026-05-03,2026-05-06,309.93,M08
AP001988,Dockside Works,software,2026-04-03,2026-04-06,280.68,M12
AP001532,Borealis Consulting,facilities,2026-05-03,2026-05-07,127.81,M07
AP001000,PwC,accounting,2026-06-09,2026-06-15,15192.45,M04
AP004822,Tundra Works,events,2025-10-15,2025-10-15,67.39,M11
AP000988,PwC,accounting,2025-10-30,2025-11-03,10161.61,M09
AP005168,Vela Trading,facilities,2025-12-23,2025-12-26,1061.09,M02
AP001313,Acme Solutions,software,2025-07-08,2025-07-09,1358.42,M14
AP003648,Nimbus Services,software,2026-05-22,2026-05-25,370.62,M10
AP004318,Quarry Works,logistics,2026-04-18,2026-04-22,278.05,M11
AP000329,Amazon Web Services,infrastructure,2026-04-23,2026-04-23,6320.15,M12
AP001309,Acme Services,facilities,2026-04-20,2026-04-20,634.69,M02
AP003099,Keystone Solutions,events,2025-08-10,2025-08-12,498.37,M03
AP002311,Fulcrum Group,professional_services,2025-07-09,2025-07-14,469.72,M05
AP002869,Inlet Trading,hardware,2025-10-07,2025-10-07,95.08,M14
AP005283,Wharf Industries,professional_services,2025-09-26,2025-09-30,242.99,M02
AP001972,Dockside Labs,logistics,2026-06-19,2026-06-22,166.8,M08
AP001743,Cinder Partners,events,2026-05-28,2026-06-01,723.13,M12
AP004285,Quarry Group,facilities,2026-06-21,2026-06-22,413.41,M14
AP005326,Wharf Works,professional_services,2025-07-18,2025-07-18,356.08,M06
AP004884,Umber Solutions,events,2025-11-03,2025-11-07,1093.72,M12
AP003569,Mosaic Labs,hardware,2025-07-08,2025-07-09,3563.55,M06
AP004226,Quarry Partners,logistics,2025-07-23,2025-07-25,250.33,M13
AP005651,Zephyr Partners,professional_services,2026-05-16,2026-05-18,1597.08,M03
AP004244,Quarry Industries,logistics,2025-07-23,2025-07-28,38.22,M07
AP000711,Staples Business,office,2025-07-21,2025-07-24,158.92,M11
AP001514,Borealis Consulting,facilities,2025-07-15,2025-07-21,679.54,M06
AP000532,Datadog,infrastructure,2026-02-21,2026-02-24,5068.0,M09
AP005485,Yonder Group,hardware,2025-10-19,2025-10-20,183.63,M10
AP002940,Juniper Consulting,office,2025-08-19,2025-08-25,100.06,M12
AP001756,Cinder Industries,software,2025-12-29,2026-01-02,114.08,M11
AP004306,Quarry Labs,events,2026-06-08,2026-06-09,372.66,M01
AP000273,Amazon Web Services,infrastructure,2026-02-03,2026-02-09,1201.12,M14
AP001204,CDW,hardware,2025-10-23,2025-10-24,2380.17,M10
AP003482,Mosaic Solutions,events,2026-02-26,2026-02-26,192.76,M07
AP003163,Keystone Partners,hardware,2026-02-17,2026-02-19,467.37,M11
AP004204,Quarry Solutions,office,2026-05-05,2026-05-05,550.08,M11
AP004683,Tundra Supply,logistics,2025-10-24,2025-10-27,162.91,M08
AP005849,Northgate Logistics,logistics,2026-05-11,2026-05-12,392.91,M06
AP005078,Vela Consulting,office,2026-05-18,2026-05-22,1309.59,M10
AP001974,Dockside Works,software,2025-07-31,2025-08-04,728.04,M02
AP000833,Uline,office,2026-02-22,2026-02-23,253.19,M12
AP005044,Vela Services,software,2026-05-09,2026-05-11,449.13,M01
AP005817,Northgate Logistics,logistics,2025-09-06,2025-09-09,4287.09,M13
AP001083,Apex Print Media,marketing,2025-09-10,2025-09-10,565.71,M12
AP005323,Wharf Labs,office,2026-05-08,2026-05-11,112.81,M10
AP005706,Zephyr Labs,marketing,2026-04-01,2026-04-06,1055.03,M14
AP005732,Zephyr Trading,logistics,2026-01-16,2026-01-19,344.86,M11
AP002350,Fulcrum Works,professional_services,2025-09-09,2025-09-15,110.83,M08
AP001640,Borealis Trading,logistics,2025-08-14,2025-08-18,640.59,M07
AP004818,Tundra Works,events,2025-07-17,2025-07-21,548.26,M01
AP001832,Cinder Trading,marketing,2026-03-11,2026-03-13,403.1,M08
AP003416,Loom Trading,hardware,2025-10-26,2025-10-29,93.28,M04
AP000528,Datadog,infrastructure,2026-01-12,2026-01-13,3336.89,M12
AP003308,Loom Solutions,professional_services,2026-02-18,2026-02-18,271.29,M08
AP000228,Amazon Web Services,infrastructure,2026-01-19,2026-01-22,1533.49,M06
AP003026,Juniper Works,events,2025-09-21,2025-09-22,102.53,M03
AP004658,Sable Works,office,2026-02-16,2026-02-16,266.26,M02
AP000240,Amazon Web Services,infrastructure,2026-01-09,2026-01-13,5926.06,M01
AP002463,Gable Industries,office,2026-02-08,2026-02-11,140.62,M11
AP000776,Staples Business,office,2026-02-27,2026-03-02,76.22,M02
AP003213,Keystone Works,professional_services,2025-07-01,2025-07-02,1223.63,M10
AP003214,Keystone Works,professional_services,2025-07-25,2025-07-28,179.19,M11
AP001359,Acme Partners,marketing,2025-09-12,2025-09-15,253.79,M08
AP004716,Tundra Solutions,facilities,2026-01-28,2026-01-30,1135.03,M07
AP003047,Juniper Trading,events,2025-09-30,2025-10-03,327.44,M05
AP003239,Keystone Trading,hardware,2025-09-07,2025-09-08,229.57,M09
AP002084,Ember Partners,events,2025-09-18,2025-09-22,167.93,M07
AP004717,Tundra Solutions,facilities,2026-02-04,2026-02-05,274.07,M07
AP005268,Wharf Partners,professional_services,2025-11-06,2025-11-10,607.18,M05
AP003950,Onyx Trading,events,2025-08-05,2025-08-11,298.67,M13
AP003933,Onyx Works,facilities,2025-09-19,2025-09-23,191.25,M12
AP002949,Juniper Consulting,office,2025-12-21,2025-12-25,473.37,M04
AP005506,Yonder Labs,facilities,2025-10-20,2025-10-20,274.64,M02
AP005574,Zephyr Supply,office,2026-01-14,2026-01-14,49.11,M13
AP000900,Robert Half,recruiting,2026-03-29,2026-03-31,2974.81,M04
AP000538,Datadog,infrastructure,2026-03-09,2026-03-12,2871.21,M09
AP002288,Fulcrum Partners,professional_services,2025-12-12,2025-12-15,151.64,M06
AP000990,PwC,accounting,2025-12-24,2025-12-26,26361.37,M09
AP002446,Gable Partners,marketing,2025-07-14,2025-07-17,362.02,M04
AP005807,Northgate Logistics,logistics,2025-11-03,2025-11-06,64325.44,M01
AP000139,Amazon Web Services,infrastructure,2025-10-01,2025-10-01,1177.56,M11
AP001335,Acme Consulting,facilities,2025-08-20,2025-08-25,290.26,M10
AP001186,Meridian Travel,travel,2026-06-05,2026-06-09,1603.68,M14
AP002712,Harbor Trading,software,2026-01-28,2026-01-30,379.25,M14
AP002417,Gable Solutions,software,2026-03-13,2026-03-16,90.12,M13
AP002363,Fulcrum Trading,marketing,2025-08-30,2025-09-01,761.47,M05
AP005233,Wharf Solutions,office,2026-03-14,2026-03-18,240.17,M13
AP002811,Inlet Industries,professional_services,2026-06-18,2026-06-22,873.58,M03
AP000437,Snowflake,infrastructure,2025-09-26,2025-09-29,5680.47,M04
AP004634,Sable Labs,marketing,2025-12-30,2026-01-02,379.7,M02
AP004895,Umber Solutions,events,2026-04-28,2026-04-28,215.57,M04
AP005819,Northgate Logistics,logistics,2026-06-12,2026-06-15,3650.63,M12
AP002765,Inlet Solutions,logistics,2026-01-28,2026-02-02,689.05,M05
AP003680,Nimbus Consulting,office,2025-12-28,2025-12-29,1246.51,M07
AP002057,Ember Solutions,hardware,2026-01-21,2026-01-26,328.5,M03
AP001403,Acme Group,hardware,2026-01-19,2026-01-19,434.4,M01
AP001924,Dockside Industries,software,2025-08-27,2025-08-29,399.35,M10
AP000878,Robert Half,recruiting,2025-11-11,2025-11-14,3471.63,M02
AP005032,Vela Supply,facilities,2026-05-29,2026-05-29,730.24,M07
AP005928,Harbor Industries,events,2026-05-18,2026-05-23,1965.12,M02
AP000271,Amazon Web Services,infrastructure,2026-02-14,2026-02-16,3288.13,M13
AP002991,Juniper Industries,events,2025-08-30,2025-09-02,97.77,M03
AP001288,Acme Supply,software,2025-12-31,2026-01-02,353.35,M14
AP002201,Fulcrum Supply,marketing,2025-09-05,2025-09-08,100.21,M03
AP003396,Loom Labs,events,2026-04-28,2026-04-29,356.64,M11
AP002046,Ember Services,hardware,2026-04-23,2026-04-27,163.68,M01
AP005672,Zephyr Group,logistics,2025-08-16,2025-08-18,419.86,M12
AP004766,Tundra Industries,software,2025-10-11,2025-10-14,486.17,M06
AP005924,Cinder Services,facilities,2025-10-17,2025-10-18,1544.98,M04
AP004287,Quarry Labs,events,2025-08-12,2025-08-18,262.48,M03
AP004503,Rampart Trading,office,2025-08-03,2025-08-04,278.77,M02
AP002810,Inlet Industries,professional_services,2026-04-01,2026-04-06,1592.56,M10
AP001911,Dockside Partners,facilities,2025-10-21,2025-10-27,885.38,M06
AP000176,Amazon Web Services,infrastructure,2025-11-30,2025-12-03,1450.4,M01
AP005833,Northgate Logistics,logistics,2025-12-24,2025-12-25,644.73,M02
AP000922,Indeed,recruiting,2025-08-07,2025-08-07,1343.49,M02
AP003804,Onyx Supply,hardware,2026-05-30,2026-06-02,123.32,M08
AP004138,Prairie Trading,professional_services,2025-11-10,2025-11-14,358.56,M14
AP003559,Mosaic Group,professional_services,2025-11-10,2025-11-10,254.86,M07
AP002273,Fulcrum Consulting,professional_services,2026-05-21,2026-05-21,574.72,M13
AP000610,Atlassian,software,2025-12-20,2025-12-22,2964.25,M06
AP004783,Tundra Group,facilities,2025-07-26,2025-07-28,1294.41,M13
AP002290,Fulcrum Partners,professional_services,2026-03-03,2026-03-05,480.95,M03
AP001863,Dockside Services,logistics,2026-05-05,2026-05-06,378.89,M14
AP005936,CDW,hardware,2025-11-14,2025-11-15,496.69,M09
AP001664,Cinder Supply,events,2026-02-20,2026-02-24,727.94,M11
AP004359,Rampart Services,logistics,2025-12-10,2025-12-12,579.59,M09
AP005918,Northgate Logistics,logistics,2026-06-16,2026-06-22,9632.0,M11
AP001677,Cinder Services,facilities,2025-11-10,2025-11-13,1107.68,M09
AP001367,Acme Partners,marketing,2026-01-02,2026-01-02,230.98,M11
AP004979,Umber Labs,office,2026-05-27,2026-05-28,156.32,M11
AP004798,Tundra Group,facilities,2026-04-16,2026-04-20,88.77,M05
AP001780,Cinder Group,office,2026-05-08,2026-05-11,388.4,M06
AP003187,Keystone Group,facilities,2025-07-26,2025-07-28,714.3,M06
AP000474,Snowflake,infrastructure,2026-02-12,2026-02-12,3898.65,M06
AP004889,Umber Solutions,events,2026-02-05,2026-02-09,169.73,M08
AP000737,Staples Business,office,2025-10-26,2025-10-27,156.38,M09
AP004453,Rampart Group,professional_services,2026-02-04,2026-02-05,250.09,M06
AP002382,Gable Supply,office,2025-10-23,2025-10-23,226.42,M01
AP004749,Tundra Partners,office,2025-10-21,2025-10-21,109.69,M10
AP005722,Zephyr Works,logistics,2026-03-12,2026-03-16,279.79,M11
AP003097,Keystone Solutions,events,2025-08-09,2025-08-12,760.7,M03
AP004872,Umber Services,hardware,2026-02-18,2026-02-18,67.44,M05
AP002572,Harbor Services,events,2026-05-12,2026-05-12,54.06,M10
AP002556,Harbor Services,events,2025-08-15,2025-08-18,1691.11,M08
AP004001,Prairie Solutions,events,2025-10-11,2025-10-14,467.18,M01
AP004232,Quarry Partners,logistics,2025-12-19,2025-12-23,253.93,M11
AP000013,Amazon Web Services,infrastructure,2025-07-12,2025-07-16,4206.19,M02
AP003468,Mosaic Solutions,events,2025-07-25,2025-07-28,341.39,M04
AP004734,Tundra Consulting,office,2025-11-14,2025-11-14,202.33,M08
AP000752,Staples Business,office,2025-12-18,2025-12-22,527.54,M12
AP004231,Quarry Partners,logistics,2025-12-24,2025-12-29,1323.63,M07
AP002515,Gable Works,office,2026-02-04,2026-02-09,160.55,M08
AP000357,Amazon Web Services,infrastructure,2026-05-24,2026-05-26,1042.79,M02
AP005770,Summit Interiors,facilities,2026-03-14,2026-03-18,7599.56,M12
AP005857,Northgate Logistics,logistics,2025-10-24,2025-10-28,520.3,M12
AP005503,Yonder Labs,facilities,2025-08-24,2025-08-25,776.02,M11
AP002929,Juniper Solutions,facilities,2026-02-06,2026-02-09,557.39,M06
AP005173,Vela Trading,facilities,2026-03-07,2026-03-10,230.53,M08
AP001849,Dockside Supply,events,2026-04-24,2026-04-27,81.19,M09
AP003470,Mosaic Solutions,events,2025-08-19,2025-08-22,418.99,M10
AP005293,Wharf Industries,professional_services,2026-05-04,2026-05-04,637.05,M08
AP002064,Ember Consulting,marketing,2025-07-25,2025-07-29,94.88,M07
AP003973,Prairie Supply,facilities,2026-02-28,2026-03-02,325.44,M08
AP005118,Vela Group,professional_services,2025-07-18,2025-07-18,222.98,M10
AP004939,Umber Industries,office,2025-10-15,2025-10-17,792.85,M05
AP005440,Yonder Partners,marketing,2025-07-27,2025-07-28,108.75,M14
AP001698,Cinder Solutions,office,2025-12-20,2025-12-22,864.67,M11
AP003981,Prairie Services,logistics,2025-09-01,2025-09-05,714.37,M14
AP002917,Juniper Services,professional_services,2026-05-02,2026-05-06,429.01,M05
AP000463,Snowflake,infrastructure,2026-01-11,2026-01-12,3226.62,M11
AP003332,Loom Partners,professional_services,2025-09-08,2025-09-10,1127.55,M10
AP000971,Wilson Sonsini,legal,2026-01-18,2026-01-19,6596.21,M01
AP000884,Robert Half,recruiting,2025-12-17,2025-12-18,3116.2,M03
AP004381,Rampart Solutions,professional_services,2026-03-24,2026-03-25,259.01,M05
AP000536,Datadog,infrastructure,2026-02-28,2026-03-03,9109.56,M02
AP002155,Ember Labs,software,2026-05-30,2026-06-01,93.34,M11
AP003803,Onyx Supply,hardware,2026-05-14,2026-05-18,136.13,M02
AP001984,Dockside Works,software,2026-02-17,2026-02-23,561.09,M01
AP004180,Quarry Services,marketing,2025-12-01,2025-12-01,746.11,M02
AP004304,Quarry Labs,events,2026-04-29,2026-05-04,603.82,M03
AP001246,CDW,hardware,2026-06-03,2026-06-08,866.15,M06
AP000466,Snowflake,infrastructure,2026-01-11,2026-01-12,5905.39,M04
AP003086,Keystone Services,office,2025-11-21,2025-11-24,516.01,M02
AP002511,Gable Works,office,2026-01-20,2026-01-22,283.83,M06
AP002520,Gable Works,office,2026-04-30,2026-05-01,391.87,M03
AP005074,Vela Consulting,office,2026-03-17,2026-03-18,454.63,M04
AP001387,Acme Industries,facilities,2026-03-09,2026-03-11,127.69,M11
AP000614,Atlassian,software,2026-01-01,2026-01-02,1013.44,M06
AP002774,Inlet Consulting,marketing,2025-10-19,2025-10-22,224.11,M05
AP003127,Keystone Consulting,logistics,2025-09-16,2025-09-18,466.35,M05
AP003606,Mosaic Trading,office,2025-10-25,2025-10-27,106.01,M06
AP000088,Amazon Web Services,infrastructure,2025-09-15,2025-09-18,4237.23,M09
AP001051,Global Catering Co,events,2026-03-23,2026-03-26,935.54,M08
AP000475,Snowflake,infrastructure,2026-02-07,2026-02-09,2362.02,M12
AP002801,Inlet Partners,events,2026-06-17,2026-06-22,190.84,M12
AP000347,Amazon Web Services,infrastructure,2026-04-18,2026-04-20,2407.44,M02
AP002477,Gable Group,office,2025-09-30,2025-09-30,284.6,M12
AP003074,Keystone Supply,office,2026-04-17,2026-04-17,139.68,M06
AP001042,Global Catering Co,events,2026-01-23,2026-01-26,218.74,M02
AP003630,Nimbus Supply,hardware,2026-05-13,2026-05-15,1340.88,M06
AP003674,Nimbus Consulting,office,2025-09-09,2025-09-12,362.69,M09
AP004404,Rampart Consulting,professional_services,2026-05-31,2026-06-01,299.74,M10
AP002295,Fulcrum Partners,professional_services,2026-06-14,2026-06-17,503.88,M09
AP005162,Vela Trading,facilities,2025-08-20,2025-08-25,150.05,M07
AP000352,Amazon Web Services,infrastructure,2026-03-30,2026-04-01,2175.39,M06
AP001702,Cinder Solutions,office,2026-04-22,2026-04-22,3410.87,M02
AP002323,Fulcrum Group,professional_services,2026-01-30,2026-02-03,660.24,M03
AP004720,Tundra Solutions,facilities,2026-03-23,2026-03-26,332.82,M09
AP002621,Harbor Partners,software,2025-12-08,2025-12-08,353.72,M12
AP001268,Verizon Business,telecom,2026-02-14,2026-02-17,926.56,M02
AP001244,CDW,hardware,2026-06-05,2026-06-05,966.2,M06
AP003539,Mosaic Industries,professional_services,2025-12-09,2025-12-11,148.94,M01
AP003705,Nimbus Industries,facilities,2025-09-02,2025-09-08,927.21,M10
AP002848,Inlet Works,facilities,2025-10-01,2025-10-06,1020.58,M02
AP001689,Cinder Solutions,office,2025-07-04,2025-07-07,288.64,M06
AP003426,Loom Trading,hardware,2026-04-02,2026-04-06,450.1,M06
AP000199,Amazon Web Services,infrastructure,2025-12-25,2025-12-29,3119.52,M06
AP004836,Tundra Trading,facilities,2025-08-31,2025-09-03,930.94,M09
AP002740,Inlet Services,software,2025-08-24,2025-08-26,695.72,M04
AP005170,Vela Trading,facilities,2026-02-05,2026-02-09,264.27,M05
AP000451,Snowflake,infrastructure,2025-11-21,2025-11-24,7398.84,M06
AP001399,Acme Group,hardware,2025-08-19,2025-08-22,202.29,M05
AP000909,Robert Half,recruiting,2026-05-09,2026-05-11,5968.7,M06
AP003193,Keystone Group,facilities,2025-12-12,2025-12-15,220.64,M10
AP002051,Ember Solutions,hardware,2025-09-12,2025-09-15,282.35,M03
AP003121,Keystone Solutions,events,2026-06-22,2026-06-24,755.0,M11
AP000960,Wilson Sonsini,legal,2025-08-07,2025-08-07,8259.36,M14
AP004694,Tundra Services,office,2025-09-12,2025-09-16,1041.86,M09
AP001767,Cinder Group,office,2025-09-10,2025-09-15,744.56,M13
AP002938,Juniper Consulting,office,2025-07-03,2025-07-07,351.36,M12
AP001364,Acme Partners,marketing,2025-12-19,2025-12-19,598.35,M07
AP001752,Cinder Industries,software,2025-10-04,2025-10-06,127.23,M09
AP002352,Fulcrum Works,professional_services,2025-11-06,2025-11-10,50.03,M13
AP001836,Dockside Supply,events,2025-08-23,2025-08-25,421.83,M03
AP001693,Cinder Solutions,office,2025-10-03,2025-10-07,635.74,M06
AP002656,Harbor Group,logistics,2026-02-14,2026-02-16,890.18,M07
AP001269,Verizon Business,telecom,2026-03-25,2026-03-30,869.82,M06
AP004927,Umber Partners,facilities,2026-01-21,2026-01-26,98.49,M03
AP003944,Onyx Works,facilities,2026-04-23,2026-04-23,502.43,M07
AP004480,Rampart Works,facilities,2025-08-25,2025-08-25,165.68,M14
AP005628,Zephyr Consulting,hardware,2026-02-12,2026-02-13,218.38,M07
AP002110,Ember Industries,office,2026-02-26,2026-03-02,638.78,M08
AP003199,Keystone Group,facilities,2026-06-06,2026-06-10,773.58,M10
AP001797,Cinder Labs,marketing,2026-05-06,2026-05-11,287.9,M06
AP003339,Loom Partners,professional_services,2026-01-14,2026-01-14,225.18,M06
AP000353,Amazon Web Services,infrastructure,2026-05-06,2026-05-07,1548.58,M10
AP001815,Cinder Trading,marketing,2025-07-08,2025-07-10,128.47,M12
AP004768,Tundra Industries,software,2025-11-04,2025-11-05,206.33,M13
AP004129,Prairie Trading,professional_services,2025-08-06,2025-08-08,700.03,M12
AP005331,Wharf Works,professional_services,2025-09-15,2025-09-17,294.93,M09
AP005899,Northgate Logistics,logistics,2026-02-14,2026-02-16,801.89,M10
AP000637,Figma,software,2025-08-05,2025-08-08,669.85,M11
AP004700,Tundra Services,office,2025-12-23,2025-12-29,310.68,M08
AP001349,Acme Consulting,facilities,2026-02-26,2026-03-02,174.66,M02
AP005342,Wharf Works,professional_services,2026-02-12,2026-02-12,49.26,M14
AP002465,Gable Industries,office,2026-03-14,2026-03-17,137.37,M11
AP002609,Harbor Consulting,marketing,2026-04-30,2026-04-30,224.13,M05
AP003226,Keystone Works,professional_services,2025-12-24,2025-12-29,100.77,M01
AP000691,Iron Mountain,facilities,2025-11-05,2025-11-05,249.91,M10
AP003477,Mosaic Solutions,events,2026-01-24,2026-01-27,334.6,M11
AP000939,Indeed,recruiting,2026-01-18,2026-01-22,535.47,M04
AP004869,Umber Services,hardware,2025-10-05,2025-10-06,95.99,M09
AP005637,Zephyr Partners,professional_services,2025-09-24,2025-09-29,173.81,M02
AP001050,Global Catering Co,events,2026-03-02,2026-03-03,1225.86,M10
AP004241,Quarry Partners,logistics,2026-06-12,2026-06-15,190.81,M12
AP000729,Staples Business,office,2025-10-08,2025-10-13,36.65,M01
AP003626,Nimbus Supply,hardware,2026-01-30,2026-02-02,1370.9,M03
AP001970,Dockside Labs,logistics,2026-04-09,2026-04-10,473.88,M11
AP002470,Gable Industries,office,2026-05-20,2026-05-22,223.45,M09
AP003456,Mosaic Services,facilities,2025-09-15,2025-09-17,108.38,M03
AP005598,Zephyr Services,professional_services,2026-05-29,2026-06-01,64.54,M03
AP000792,Staples Business,office,2026-05-19,2026-05-21,295.38,M04
AP000648,Figma,software,2026-02-10,2026-02-16,654.61,M13
AP005232,Wharf Solutions,office,2026-03-24,2026-03-30,317.46,M13
AP000908,Robert Half,recruiting,2026-05-12,2026-05-14,3719.99,M09
AP001382,Acme Industries,facilities,2025-10-19,2025-10-21,922.02,M01
AP005879,Northgate Logistics,logistics,2026-03-24,2026-03-27,167.88,M09
AP002650,Harbor Industries,events,2026-06-06,2026-06-08,197.8,M04
AP003574,Mosaic Labs,hardware,2025-09-04,2025-09-08,4099.39,M04
AP002864,Inlet Trading,hardware,2025-07-25,2025-07-28,646.41,M11
AP003677,Nimbus Consulting,office,2025-12-17,2025-12-22,533.61,M14
AP001287,Acme Supply,software,2026-01-19,2026-01-21,345.55,M13
AP001625,Borealis Works,hardware,2025-12-20,2025-12-23,978.56,M05
AP004121,Prairie Works,office,2026-04-11,2026-04-13,361.86,M12
AP004268,Quarry Group,facilities,2025-10-26,2025-10-28,1258.86,M12
AP002720,Inlet Supply,logistics,2025-07-12,2025-07-16,815.41,M02
AP000503,Datadog,infrastructure,2025-08-26,2025-08-29,1334.98,M08
AP001852,Dockside Supply,events,2026-05-04,2026-05-07,376.08,M12
AP000717,Staples Business,office,2025-08-09,2025-08-11,443.13,M06
AP001124,Meridian Travel,travel,2025-08-14,2025-08-14,3130.04,M01
AP003207,Keystone Labs,facilities,2026-05-24,2026-05-25,255.52,M06
AP003523,Mosaic Partners,hardware,2026-01-13,2026-01-14,357.48,M10
AP005023,Vela Supply,facilities,2025-11-18,2025-11-20,207.08,M14
AP001363,Acme Partners,marketing,2025-11-21,2025-11-24,619.64,M05
AP001841,Dockside Supply,events,2025-10-07,2025-10-10,44.8,M05
AP001525,Borealis Consulting,facilities,2025-12-06,2025-12-09,1257.41,M13
AP000511,Datadog,infrastructure,2025-10-22,2025-10-23,3289.26,M11
AP005776,Summit Interiors,facilities,2025-08-04,2025-08-05,8140.63,M05
AP004786,Tundra Group,facilities,2025-08-27,2025-08-29,127.14,M09
AP000557,Salesforce,software,2025-07-28,2025-07-29,2798.72,M06
AP001800,Cinder Works,logistics,2025-09-01,2025-09-02,482.81,M02
AP002910,Juniper Services,professional_services,2025-11-13,2025-11-17,838.24,M09
AP001492,Borealis Services,hardware,2026-04-21,2026-04-21,314.62,M13
AP000232,Amazon Web Services,infrastructure,2026-01-16,2026-01-19,2437.67,M07
AP000733,Staples Business,office,2025-09-29,2025-10-01,110.18,M05
AP004170,Quarry Supply,hardware,2026-05-12,2026-05-13,369.2,M01
AP000746,Staples Business,office,2025-11-23,2025-11-26,130.76,M07
AP003580,Mosaic Labs,hardware,2026-06-10,2026-06-15,258.58,M08
AP002661,Harbor Group,logistics,2026-06-01,2026-06-05,430.0,M12
AP005011,Umber Trading,professional_services,2026-04-05,2026-04-08,623.32,M08
AP001650,Borealis Trading,logistics,2026-02-19,2026-02-23,461.05,M10
AP005744,WeWork,facilities,2025-08-03,2025-08-04,6393.21,M12
AP001340,Acme Consulting,facilities,2025-12-08,2025-12-10,160.04,M02
AP002280,Fulcrum Partners,professional_services,2025-10-13,2025-10-13,511.2,M11
AP004813,Tundra Labs,professional_services,2025-12-05,2025-12-08,435.03,M02
AP002260,Fulcrum Consulting,professional_services,2025-08-26,2025-08-27,1032.21,M08
AP004281,Quarry Group,facilities,2026-04-04,2026-04-06,63.17,M06
AP000323,Amazon Web Services,infrastructure,2026-04-10,2026-04-13,330.44,M09
AP005082,Vela Partners,office,2025-07-03,2025-07-07,470.98,M09
AP003004,Juniper Group,software,2025-12-16,2025-12-16,1132.65,M12
AP003628,Nimbus Supply,hardware,2026-03-12,2026-03-12,116.15,M10
AP000106,Amazon Web Services,infrastructure,2025-09-01,2025-09-01,769.25,M05
AP005222,Wharf Solutions,office,2025-10-15,2025-10-17,1499.34,M04
AP003653,Nimbus Solutions,facilities,2025-07-04,2025-07-08,257.89,M05
AP005952,Figma,software,2025-07-01,2025-07-05,454.23,M09
AP003637,Nimbus Services,software,2025-10-18,2025-10-21,1118.98,M05
AP005611,Zephyr Solutions,office,2025-10-29,2025-11-03,445.41,M08
AP001131,Meridian Travel,travel,2025-09-25,2025-09-26,4575.88,M02
AP003903,Onyx Group,office,2025-11-03,2025-11-04,222.97,M11
AP005646,Zephyr Partners,professional_services,2026-01-29,2026-02-02,163.22,M14
AP001331,Acme Solutions,software,2026-05-23,2026-05-25,113.48,M07
AP000406,Amazon Web Services,infrastructure,2026-05-28,2026-05-29,945.49,M13
AP005593,Zephyr Services,professional_services,2026-01-31,2026-02-02,324.21,M04
AP005585,Zephyr Supply,office,2026-05-22,2026-05-25,294.47,M12
AP001551,Borealis Partners,software,2026-05-14,2026-05-15,588.61,M06
AP005681,Zephyr Group,logistics,2026-01-18,2026-01-19,633.76,M06
AP000588,Salesforce,software,2026-04-02,2026-04-02,4991.22,M11
AP000103,Amazon Web Services,infrastructure,2025-09-09,2025-09-12,3602.82,M01
AP002683,Harbor Works,hardware,2025-11-11,2025-11-13,97.84,M11
AP002020,Ember Supply,marketing,2026-01-30,2026-02-03,682.42,M03
AP002969,Juniper Partners,hardware,2025-11-23,2025-11-27,972.11,M04
AP004260,Quarry Industries,logistics,2026-01-20,2026-01-20,804.96,M10
AP001061,Global Catering Co,events,2026-05-01,2026-05-04,1152.01,M11
AP002045,Ember Services,hardware,2025-12-05,2025-12-05,450.54,M13
AP001176,Meridian Travel,travel,2026-04-17,2026-04-20,1088.41,M04
AP002532,Harbor Supply,logistics,2025-07-12,2025-07-15,319.27,M08
AP001595,Borealis Group,events,2026-04-12,2026-04-13,201.98,M09
AP002362,Fulcrum Trading,marketing,2025-08-22,2025-08-25,793.11,M11
AP001428,Acme Labs,facilities,2026-05-13,2026-05-13,583.9,M07
AP000454,Snowflake,infrastructure,2025-11-01,2025-11-04,4773.22,M03
AP003311,Loom Consulting,marketing,2025-09-14,2025-09-16,1311.01,M09
AP002770,Inlet Consulting,marketing,2025-07-09,2025-07-14,1505.81,M03
AP005434,Yonder Consulting,professional_services,2026-02-27,2026-03-02,653.9,M11
AP005634,Zephyr Partners,professional_services,2025-07-09,2025-07-14,112.28,M08
AP005594,Zephyr Services,professional_services,2026-04-24,2026-04-27,586.69,M14
AP004745,Tundra Consulting,office,2026-03-17,2026-03-17,226.97,M06
AP001961,Dockside Labs,logistics,2025-11-22,2025-11-24,370.46,M10
AP001386,Acme Industries,facilities,2025-12-28,2025-12-30,307.8,M02
AP000871,Robert Half,recruiting,2025-09-30,2025-10-01,9726.09,M13
AP002263,Fulcrum Consulting,professional_services,2025-09-23,2025-09-26,1835.81,M05
AP001444,Acme Works,professional_services,2026-03-13,2026-03-16,48.17,M08
AP001118,Meridian Travel,travel,2025-07-28,2025-07-30,1636.11,M13
AP001109,Apex Print Media,marketing,2026-05-17,2026-05-21,1370.46,M12
AP003041,Juniper Trading,events,2025-07-08,2025-07-09,620.88,M13
AP002568,Harbor Services,events,2026-03-31,2026-04-01,76.09,M02
AP005310,Wharf Group,logistics,2026-04-19,2026-04-21,292.7,M05
AP003103,Keystone Solutions,events,2025-10-25,2025-10-27,419.8,M07
AP000773,Staples Business,office,2026-03-07,2026-03-09,304.71,M10
AP003205,Keystone Labs,facilities,2026-03-17,2026-03-19,523.93,M02
AP001821,Cinder Trading,marketing,2025-10-04,2025-10-08,388.11,M11
AP004141,Prairie Trading,professional_services,2025-12-10,2025-12-12,353.25,M09
AP005018,Vela Supply,facilities,2025-09-19,2025-09-22,113.04,M05
AP001305,Acme Services,facilities,2025-09-21,2025-09-24,716.55,M12
AP003133,Keystone Consulting,logistics,2025-11-07,2025-11-10,436.23,M13
AP005569,Zephyr Supply,office,2025-08-07,2025-08-11,501.88,M06
AP000008,Amazon Web Services,infrastructure,2025-07-01,2025-07-01,1524.56,M09
AP001771,Cinder Group,office,2025-11-22,2025-11-24,303.02,M10
AP001035,Global Catering Co,events,2025-12-08,2025-12-12,445.76,M03
AP001143,Meridian Travel,travel,2025-11-14,2025-11-18,760.86,M10
AP005603,Zephyr Solutions,office,2025-07-31,2025-07-31,330.35,M05
AP004088,Prairie Group,hardware,2026-06-18,2026-06-22,178.38,M01
AP003243,Keystone Trading,hardware,2025-10-05,2025-10-07,465.93,M08
AP001555,Borealis Industries,facilities,2025-07-16,2025-07-21,328.28,M06
AP001117,Meridian Travel,travel,2025-07-02,2025-07-03,1634.81,M05
AP004719,Tundra Solutions,facilities,2026-03-08,2026-03-12,63.14,M04
AP004774,Tundra Industries,software,2026-03-10,2026-03-13,681.44,M11
AP003130,Keystone Consulting,logistics,2025-10-09,2025-10-10,718.67,M06
AP004378,Rampart Solutions,professional_services,2026-02-03,2026-02-06,655.79,M10
AP002752,Inlet Services,software,2026-06-12,2026-06-15,350.38,M14
AP000489,Snowflake,infrastructure,2026-05-31,2026-06-03,1515.19,M04
AP005301,Wharf Group,logistics,2025-09-02,2025-09-02,492.84,M10
AP005908,Northgate Logistics,logistics,2026-03-08,2026-03-12,586.55,M02
AP001306,Acme Services,facilities,2025-12-19,2025-12-23,1230.1,M09
AP005533,Yonder Works,office,2026-02-18,2026-02-23,473.63,M01
AP000209,Amazon Web Services,infrastructure,2025-12-29,2025-12-29,8099.91,M09
AP004000,Prairie Solutions,events,2025-10-10,2025-10-13,186.09,M03
AP004054,Prairie Industries,marketing,2025-07-31,2025-08-04,414.96,M13
AP005841,Northgate Logistics,logistics,2025-09-25,2025-09-25,756.7,M02
AP002847,Inlet Works,facilities,2025-08-24,2025-08-26,230.83,M04
AP000189,Amazon Web Services,infrastructure,2025-11-30,2025-12-02,2812.72,M07
AP003636,Nimbus Services,software,2025-10-06,2025-10-10,350.97,M11
AP003650,Nimbus Services,software,2026-06-20,2026-06-22,144.19,M04
AP002467,Gable Industries,office,2026-03-25,2026-03-30,411.34,M02
AP004213,Quarry Consulting,office,2025-09-20,2025-09-22,804.38,M12
AP000346,Amazon Web Services,infrastructure,2026-04-01,2026-04-03,802.75,M14
AP002372,Fulcrum Trading,marketing,2026-04-16,2026-04-20,198.77,M13
AP001857,Dockside Services,logistics,2025-11-15,2025-11-19,108.09,M08
AP001209,CDW,hardware,2025-10-30,2025-10-30,1613.33,M10
AP005439,Yonder Consulting,professional_services,2026-06-17,2026-06-22,725.5,M14
AP004047,Prairie Partners,office,2025-12-31,2026-01-02,382.32,M05
AP002594,Harbor Consulting,marketing,2025-07-20,2025-07-24,766.04,M03
AP001553,Borealis Partners,software,2026-06-21,2026-06-22,44.5,M10
AP002123,Ember Group,events,2025-09-18,2025-09-22,167.22,M06
AP000611,Atlassian,software,2025-12-11,2025-12-15,740.95,M04
AP002034,Ember Services,hardware,2025-08-21,2025-08-25,588.57,M01
AP002867,Inlet Trading,hardware,2025-09-16,2025-09-19,122.27,M13
AP004075,Prairie Group,hardware,2025-09-24,2025-09-26,179.56,M14
AP000857,Robert Half,recruiting,2025-08-13,2025-08-15,5382.7,M09
AP002857,Inlet Works,facilities,2026-04-06,2026-04-07,317.36,M09
AP003813,Onyx Services,logistics,2025-10-11,2025-10-14,1435.8,M06
AP001608,Borealis Labs,logistics,2026-01-17,2026-01-21,213.65,M13
AP005867,Northgate Logistics,logistics,2025-10-18,2025-10-20,110.16,M06
AP002047,Ember Services,hardware,2026-06-14,2026-06-15,549.77,M12
AP000045,Amazon Web Services,infrastructure,2025-08-18,2025-08-22,1049.29,M08
AP003760,Nimbus Works,software,2025-10-19,2025-10-20,800.81,M07
AP001151,Meridian Travel,travel,2026-01-23,2026-01-26,456.55,M08
AP004975,Umber Labs,office,2026-04-27,2026-04-29,891.11,M08
AP000326,Amazon Web Services,infrastructure,2026-04-22,2026-04-23,1521.57,M03
AP000686,Iron Mountain,facilities,2025-07-25,2025-07-25,823.78,M07
AP004139,Prairie Trading,professional_services,2025-12-18,2025-12-22,3084.34,M02
AP001013,Marsh Insurance,insurance,2026-05-03,2026-05-07,7625.79,M11
AP002090,Ember Partners,events,2026-01-02,2026-01-05,413.79,M11
AP001082,Apex Print Media,marketing,2025-08-30,2025-09-02,827.85,M03
AP002761,Inlet Solutions,logistics,2025-11-24,2025-11-24,809.5,M14
AP001106,Apex Print Media,marketing,2026-04-12,2026-04-16,490.13,M12
AP000365,Amazon Web Services,infrastructure,2026-05-21,2026-05-22,2827.52,M11
AP004483,Rampart Works,facilities,2025-09-10,2025-09-12,204.32,M13
AP005160,Vela Works,facilities,2026-03-20,2026-03-20,67.6,M04
AP000508,Datadog,infrastructure,2025-09-19,2025-09-22,2788.63,M13
AP004736,Tundra Consulting,office,2025-11-25,2025-12-01,384.5,M08
AP005411,Yonder Solutions,events,2025-12-01,2025-12-01,311.28,M09
AP004930,Umber Partners,facilities,2026-04-24,2026-04-27,1242.25,M05
AP001027,Global Catering Co,events,2025-09-29,2025-10-01,390.73,M06
AP004024,Prairie Consulting,hardware,2026-02-01,2026-02-05,266.05,M04
AP002503,Gable Labs,software,2026-05-17,2026-05-18,381.2,M03
AP005236,Wharf Solutions,office,2026-05-21,2026-05-22,70.13,M02
AP001085,Apex Print Media,marketing,2025-10-13,2025-10-17,1181.79,M11
AP001537,Borealis Partners,software,2025-08-01,2025-08-05,1894.14,M10
AP002813,Inlet Industries,professional_services,2026-06-12,2026-06-15,137.07,M11
AP005623,Zephyr Consulting,hardware,2025-12-12,2025-12-15,46.08,M12
AP003888,Onyx Industries,facilities,2026-03-30,2026-03-30,295.71,M09
AP001322,Acme Solutions,software,2025-12-22,2025-12-25,376.5,M06
AP000247,Amazon Web Services,infrastructure,2026-02-22,2026-02-25,713.37,M07
AP005691,Zephyr Group,logistics,2026-06-15,2026-06-17,593.2,M10
AP000343,Amazon Web Services,infrastructure,2026-04-13,2026-04-15,1339.03,M03
AP004900,Umber Consulting,software,2025-11-19,2025-11-24,421.4,M07
AP001858,Dockside Services,logistics,2026-01-14,2026-01-19,275.28,M03
AP001194,CDW,hardware,2025-08-09,2025-08-11,1377.82,M10
AP004150,Quarry Supply,hardware,2025-08-07,2025-08-11,165.12,M07
AP001260,Verizon Business,telecom,2025-11-09,2025-11-11,1047.57,M04
AP000062,Amazon Web Services,infrastructure,2025-08-11,2025-08-14,5298.21,M13
AP000227,Amazon Web Services,infrastructure,2026-01-17,2026-01-19,1742.22,M09
AP003435,Mosaic Supply,hardware,2025-09-17,2025-09-17,218.87,M09
AP002818,Inlet Group,events,2026-01-22,2026-01-23,550.48,M06
AP005495,Yonder Group,hardware,2026-05-21,2026-05-21,1032.34,M11
AP000582,Salesforce,software,2026-02-01,2026-02-02,3091.23,M03
AP003915,Onyx Group,office,2026-05-31,2026-06-01,497.28,M14
AP001498,Borealis Services,hardware,2026-06-23,2026-06-23,355.52,M05
AP004366,Rampart Services,logistics,2026-03-19,2026-03-19,167.46,M05
AP005220,Wharf Solutions,office,2025-08-25,2025-08-27,125.51,M04
AP003201,Keystone Labs,facilities,2025-07-31,2025-08-04,249.68,M14
AP004840,Tundra Trading,facilities,2026-05-15,2026-05-18,247.22,M10
AP000491,Snowflake,infrastructure,2026-06-23,2026-06-24,10106.09,M11
AP005676,Zephyr Group,logistics,2025-10-05,2025-10-09,130.28,M09
AP002175,Ember Works,hardware,2026-06-22,2026-06-22,1091.01,M13
AP002459,Gable Industries,office,2025-08-12,2025-08-14,807.52,M02
AP000153,Amazon Web Services,infrastructure,2025-11-04,2025-11-04,2313.23,M07
AP000490,Snowflake,infrastructure,2026-06-16,2026-06-22,4426.79,M13
AP004092,Prairie Labs,office,2025-10-11,2025-10-13,578.12,M05
AP002150,Ember Labs,software,2026-02-26,2026-02-27,155.0,M01
AP001206,CDW,hardware,2025-10-23,2025-10-27,686.43,M03
AP003265,Loom Supply,professional_services,2025-12-14,2025-12-17,103.26,M14
AP003772,Nimbus Works,software,2026-03-28,2026-03-31,678.14,M11
AP000479,Snowflake,infrastructure,2026-03-25,2026-03-27,2716.71,M13
AP003830,Onyx Solutions,software,2025-10-20,2025-10-21,820.52,M01
AP002528,Gable Trading,events,2026-04-14,2026-04-20,2040.84,M04
AP001464,Borealis Supply,marketing,2025-12-25,2025-12-29,166.8,M07
AP003028,Juniper Works,events,2025-09-25,2025-09-29,117.91,M01
AP003525,Mosaic Partners,hardware,2026-02-06,2026-02-09,1637.55,M07
AP005225,Wharf Solutions,office,2025-11-04,2025-11-05,198.92,M09
AP002445,Gable Consulting,facilities,2026-06-23,2026-06-29,564.3,M01
AP003231,Keystone Works,professional_services,2026-03-23,2026-03-27,1366.93,M02
AP002508,Gable Works,office,2025-11-21,2025-11-24,408.55,M14
AP005785,Northgate Logistics,logistics,2026-04-17,2026-04-21,574.5,M10
AP002296,Fulcrum Partners,professional_services,2026-06-07,2026-06-11,43.95,M12
AP005178,Vela Trading,facilities,2026-05-24,2026-05-25,142.94,M11
AP002554,Harbor Services,events,2025-07-13,2025-07-15,137.9,M07
AP002852,Inlet Works,facilities,2025-12-23,2025-12-25,203.78,M14
AP000403,Amazon Web Services,infrastructure,2026-06-22,2026-06-25,5003.97,M03
AP004439,Rampart Industries,facilities,2026-03-15,2026-03-18,140.37,M08
AP004838,Tundra Trading,facilities,2025-11-11,2025-11-14,350.41,M10
AP000308,Amazon Web Services,infrastructure,2026-03-18,2026-03-19,1292.7,M10
AP000320,Amazon Web Services,infrastructure,2026-03-30,2026-03-31,606.2,M03
AP004756,Tundra Partners,office,2026-01-19,2026-01-20,1407.75,M01
AP000015,Amazon Web Services,infrastructure,2025-07-10,2025-07-10,448.01,M06
AP000286,Amazon Web Services,infrastructure,2026-03-01,2026-03-02,1335.05,M14
AP004553,Sable Solutions,software,2025-10-11,2025-10-13,672.4,M07
AP005316,Wharf Labs,office,2025-09-22,2025-09-23,436.56,M07
AP003318,Loom Consulting,marketing,2026-01-06,2026-01-09,351.31,M09
AP002550,Harbor Supply,logistics,2026-03-17,2026-03-19,186.75,M12
AP000067,Amazon Web Services,infrastructure,2025-08-15,2025-08-18,5108.26,M01
AP002901,Juniper Supply,events,2026-01-23,2026-01-26,2745.31,M06
AP004612,Sable Group,logistics,2025-11-30,2025-12-03,912.18,M12
AP002062,Ember Consulting,marketing,2025-07-26,2025-07-29,1149.67,M03
AP004309,Quarry Works,logistics,2025-09-16,2025-09-19,471.36,M04
AP000713,Staples Business,office,2025-07-08,2025-07-08,170.21,M06
AP002111,Ember Industries,office,2026-04-21,2026-04-22,415.05,M09
AP002468,Gable Industries,office,2026-04-29,2026-05-04,390.12,M07
AP004977,Umber Labs,office,2026-05-14,2026-05-18,202.16,M10
AP001714,Cinder Consulting,marketing,2025-11-23,2025-11-26,130.46,M01
AP000868,Robert Half,recruiting,2025-09-09,2025-09-15,17691.85,M13
AP005497,Yonder Group,hardware,2026-06-20,2026-06-23,44.38,M05
AP003474,Mosaic Solutions,events,2025-10-02,2025-10-06,566.48,M03
AP001937,Dockside Industries,software,2026-04-03,2026-04-03,138.66,M06
AP003242,Keystone Trading,hardware,2025-10-21,2025-10-27,322.82,M10
AP003089,Keystone Services,office,2026-01-06,2026-01-09,396.02,M09
AP003940,Onyx Works,facilities,2026-02-08,2026-02-11,790.79,M14
AP002582,Harbor Solutions,logistics,2025-12-20,2025-12-22,630.58,M04
AP005919,Northgate Logistics,logistics,2025-09-05,2025-09-08,242.29,M08
AP004627,Sable Labs,marketing,2025-09-08,2025-09-11,283.09,M06
AP001840,Dockside Supply,events,2025-10-15,2025-10-16,530.4,M10
AP003380,Loom Group,events,2026-05-31,2026-06-02,1226.5,M06
AP001159,Meridian Travel,travel,2026-01-10,2026-01-14,1376.57,M07
AP004664,Sable Works,office,2026-05-22,2026-05-22,168.51,M11
AP001448,Acme Works,professional_services,2026-04-28,2026-05-04,226.42,M01
AP001612,Borealis Labs,logistics,2026-03-04,2026-03-09,811.58,M04
AP004725,Tundra Solutions,facilities,2026-06-12,2026-06-12,1211.83,M02
AP000662,WeWork,facilities,2025-08-13,2025-08-18,9531.43,M12
AP004586,Sable Partners,office,2026-02-23,2026-02-25,134.43,M02
AP002385,Gable Supply,office,2026-01-24,2026-01-28,362.09,M01
AP002425,Gable Consulting,facilities,2025-07-12,2025-07-14,581.63,M12
AP005298,Wharf Group,logistics,2025-08-18,2025-08-20,681.99,M13
AP002912,Juniper Services,professional_services,2025-11-05,2025-11-05,541.59,M06
AP002250,Fulcrum Solutions,hardware,2026-05-05,2026-05-08,518.06,M12
AP004624,Sable Labs,marketing,2025-08-02,2025-08-05,637.44,M10
AP000303,Amazon Web Services,infrastructure,2026-03-07,2026-03-09,6478.08,M03
AP001137,Meridian Travel,travel,2025-10-16,2025-10-20,430.4,M06
AP003491,Mosaic Consulting,facilities,2025-07-14,2025-07-15,450.99,M02
AP004990,Umber Works,marketing,2026-03-13,2026-03-16,555.83,M03
AP003581,Mosaic Labs,hardware,2026-05-30,2026-06-02,101.48,M01
AP001470,Borealis Supply,marketing,2026-02-13,2026-02-16,212.97,M11
AP000317,Amazon Web Services,infrastructure,2026-03-28,2026-03-30,1707.1,M06
AP001618,Borealis Works,hardware,2025-07-14,2025-07-14,255.62,M05
AP002261,Fulcrum Consulting,professional_services,2025-09-26,2025-09-30,451.84,M14
AP003741,Nimbus Labs,professional_services,2025-10-11,2025-10-14,344.75,M03
AP004670,Sable Trading,hardware,2025-10-22,2025-10-27,167.06,M11
AP003686,Nimbus Consulting,office,2026-05-02,2026-05-04,206.59,M07
AP004081,Prairie Group,hardware,2026-01-22,2026-01-22,3179.91,M10
AP003217,Keystone Works,professional_services,2025-08-09,2025-08-11,836.87,M14
AP000736,Staples Business,office,2025-10-24,2025-10-27,124.75,M03
AP005922,Northgate Logistics,logistics,2026-03-22,2026-03-24,1319.72,M12
AP004455,Rampart Group,professional_services,2026-03-02,2026-03-06,161.0,M02
AP001658,Cinder Supply,events,2025-12-23,2025-12-24,270.31,M06
AP004855,Umber Supply,facilities,2025-12-23,2025-12-23,251.04,M13
AP003863,Onyx Partners,software,2026-02-07,2026-02-09,260.86,M06
AP005426,Yonder Consulting,professional_services,2025-10-29,2025-10-31,62.44,M11
AP002395,Gable Services,hardware,2025-09-03,2025-09-05,77.34,M12
AP001741,Cinder Partners,events,2026-05-02,2026-05-04,102.98,M10
AP001930,Dockside Industries,software,2025-12-12,2025-12-16,2103.17,M12
AP003954,Onyx Trading,events,2025-09-14,2025-09-18,740.91,M13
AP003387,Loom Labs,events,2025-10-22,2025-10-22,237.27,M03
AP004358,Rampart Services,logistics,2025-11-01,2025-11-03,349.24,M14
AP004101,Prairie Labs,office,2026-03-19,2026-03-23,173.07,M01
AP005230,Wharf Solutions,office,2026-02-10,2026-02-16,831.72,M11
AP005318,Wharf Labs,office,2025-11-22,2025-11-24,230.17,M12
AP001837,Dockside Supply,events,2025-09-19,2025-09-19,566.65,M11
AP003807,Onyx Services,logistics,2025-07-05,2025-07-09,90.41,M09
AP004858,Umber Supply,facilities,2026-02-09,2026-02-10,1522.76,M02
AP002693,Harbor Works,hardware,2026-02-28,2026-03-04,675.15,M03
AP000181,Amazon Web Services,infrastructure,2025-12-12,2025-12-15,2004.39,M03
AP001554,Borealis Partners,software,2026-06-07,2026-06-10,254.89,M13
AP002913,Juniper Services,professional_services,2025-12-04,2025-12-04,300.46,M01
AP003410,Loom Works,facilities,2026-06-15,2026-06-16,497.14,M04
AP004618,Sable Group,logistics,2026-04-18,2026-04-20,81.62,M12
AP000566,Salesforce,software,2025-10-23,2025-10-24,5283.68,M05
AP001442,Acme Works,professional_services,2026-01-27,2026-01-29,184.93,M02
AP001261,Verizon Business,telecom,2025-11-21,2025-11-24,1125.34,M09
AP004045,Prairie Partners,office,2025-12-12,2025-12-16,235.03,M08
AP000810,Uline,office,2025-08-11,2025-08-11,319.17,M12
AP003554,Mosaic Group,professional_services,2025-08-18,2025-08-19,1284.0,M10
AP002853,Inlet Works,facilities,2026-02-14,2026-02-16,316.01,M02
AP001977,Dockside Works,software,2025-11-07,2025-11-10,677.56,M11
AP005094,Vela Partners,office,2026-05-22,2026-05-25,562.81,M14
AP005641,Zephyr Partners,professional_services,2025-11-06,2025-11-06,1127.51,M04
AP001488,Borealis Services,hardware,2026-01-06,2026-01-06,287.79,M01
AP000930,Indeed,recruiting,2025-11-15,2025-11-17,4762.04,M10
AP000530,Datadog,infrastructure,2026-01-10,2026-01-12,2943.65,M03
AP001243,CDW,hardware,2026-05-19,2026-05-20,1511.51,M10
AP003609,Mosaic Trading,office,2026-02-06,2026-02-10,456.93,M01
AP000108,Amazon Web Services,infrastructure,2025-10-01,2025-10-01,1634.73,M13
AP005035,Vela Services,software,2025-09-29,2025-09-30,269.83,M08
AP003586,Mosaic Works,marketing,2025-12-09,2025-12-11,286.82,M03
AP001161,Meridian Travel,travel,2026-01-31,2026-02-02,460.71,M07
AP005195,Wharf Supply,professional_services,2026-04-29,2026-04-30,636.68,M08
AP004211,Quarry Consulting,office,2025-08-09,2025-08-11,728.56,M07
AP002610,Harbor Partners,software,2025-07-05,2025-07-07,1439.21,M09
AP001769,Cinder Group,office,2025-10-18,2025-10-21,175.82,M09
AP002541,Harbor Supply,logistics,2025-10-31,2025-10-31,86.8,M06
AP004410,Rampart Partners,logistics,2025-08-13,2025-08-18,153.21,M14
AP003431,Loom Trading,hardware,2026-05-02,2026-05-04,182.78,M09
AP001707,Cinder Solutions,office,2026-05-15,2026-05-18,168.44,M13
AP005446,Yonder Partners,marketing,2025-10-10,2025-10-13,148.15,M14
AP003516,Mosaic Partners,hardware,2025-09-17,2025-09-17,1214.01,M02
AP000110,Amazon Web Services,infrastructure,2025-10-10,2025-10-13,1066.03,M06
AP001187,Meridian Travel,travel,2026-05-31,2026-06-01,416.12,M04
AP005479,Yonder Group,hardware,2025-07-12,2025-07-14,240.87,M06
AP002802,Inlet Industries,professional_services,2025-07-13,2025-07-17,380.46,M02
AP004058,Prairie Industries,marketing,2025-10-24,2025-10-27,810.68,M13
AP001813,Cinder Works,logistics,2026-06-19,2026-06-22,168.88,M04
AP000854,Robert Half,recruiting,2025-07-28,2025-08-01,2420.14,M12
AP001568,Borealis Industries,facilities,2026-05-19,2026-05-21,89.21,M09
AP002010,Ember Supply,marketing,2025-07-22,2025-07-23,1410.5,M14
AP002309,Fulcrum Industries,professional_services,2026-05-02,2026-05-04,714.44,M09
AP004851,Umber Supply,facilities,2025-11-12,2025-11-12,383.28,M10
AP005897,Northgate Logistics,logistics,2025-07-23,2025-07-28,79667.39,M11
AP004413,Rampart Partners,logistics,2025-09-24,2025-09-24,191.83,M05
AP005423,Yonder Consulting,professional_services,2025-09-05,2025-09-08,21.48,M13
AP002106,Ember Industries,office,2025-11-04,2025-11-05,263.06,M06
AP003076,Keystone Supply,office,2026-06-23,2026-06-26,579.43,M06
AP002341,Fulcrum Labs,software,2026-01-10,2026-01-12,391.29,M12
AP004008,Prairie Solutions,events,2026-02-27,2026-03-02,281.6,M06
AP004753,Tundra Partners,office,2025-11-04,2025-11-07,563.12,M09
AP001980,Dockside Works,software,2026-01-11,2026-01-12,444.01,M04
AP005389,Yonder Services,facilities,2025-11-05,2025-11-10,952.57,M14
AP001586,Borealis Group,events,2026-01-02,2026-01-05,394.44,M11
AP002514,Gable Works,office,2026-01-28,2026-01-28,522.09,M10
AP004235,Quarry Partners,logistics,2026-02-26,2026-02-26,783.31,M14
AP004637,Sable Labs,marketing,2026-04-07,2026-04-07,311.49,M05
AP003552,Mosaic Group,professional_services,2025-08-07,2025-08-11,264.44,M13
AP003277,Loom Supply,professional_services,2026-06-13,2026-06-15,213.24,M05
AP001063,Global Catering Co,events,2026-05-09,2026-05-13,787.56,M09
AP000642,Figma,software,2025-12-06,2025-12-08,472.46,M08
AP002028,Ember Supply,marketing,2026-05-07,2026-05-11,1956.34,M12
AP004953,Umber Group,software,2025-11-19,2025-11-24,123.46,M06
AP000759,Staples Business,office,2026-01-16,2026-01-16,73.28,M07
AP003549,Mosaic Group,professional_services,2025-07-25,2025-07-28,3244.74,M08
AP002664,Harbor Labs,professional_services,2025-10-19,2025-10-20,257.23,M08
AP005210,Wharf Services,professional_services,2025-12-10,2025-12-12,640.1,M10
AP004502,Rampart Trading,office,2025-08-04,2025-08-06,728.42,M04
AP001520,Borealis Consulting,facilities,2025-09-13,2025-09-15,500.59,M13
AP003621,Nimbus Supply,hardware,2025-12-03,2025-12-04,409.41,M07
AP001764,Cinder Group,office,2025-07-27,2025-07-30,837.01,M01
AP004772,Tundra Industries,software,2026-02-21,2026-02-24,142.22,M05
AP003462,Mosaic Services,facilities,2025-12-17,2025-12-18,596.58,M04
AP003651,Nimbus Services,software,2026-06-03,2026-06-05,827.96,M14
AP004706,Tundra Solutions,facilities,2025-07-11,2025-07-14,150.81,M11
AP002358,Fulcrum Works,professional_services,2026-05-16,2026-05-20,297.07,M06
AP005683,Zephyr Group,logistics,2026-03-16,2026-03-19,322.44,M05
AP005847,Northgate Logistics,logistics,2025-08-25,2025-08-26,91134.02,M13
AP001765,Cinder Group,office,2025-07-11,2025-07-14,489.11,M07
AP000021,Amazon Web Services,infrastructure,2025-07-12,2025-07-16,3662.96,M06
AP000699,Iron Mountain,facilities,2026-03-15,2026-03-17,319.57,M02
AP005511,Yonder Labs,facilities,2025-12-05,2025-12-05,322.13,M14
AP000963,Wilson Sonsini,legal,2025-09-09,2025-09-09,6909.95,M03
AP001999,Dockside Trading,professional_services,2025-12-23,2025-12-26,876.13,M14
AP002061,Ember Solutions,hardware,2026-06-18,2026-06-22,492.7,M10
AP003256,Loom Supply,professional_services,2025-07-04,2025-07-08,376.77,M09
AP005761,Pinnacle Consulting,consulting,2026-03-17,2026-03-18,9000,M02
AP005221,Wharf Solutions,office,2025-08-12,2025-08-18,1121.59,M11
AP004335,Rampart Supply,software,2025-07-24,2025-07-28,743.57,M11
AP003353,Loom Industries,facilities,2025-10-10,2025-10-10,65.87,M11
AP003669,Nimbus Solutions,facilities,2026-05-19,2026-05-22,350.35,M08
AP002832,Inlet Labs,facilities,2025-11-18,2025-11-18,860.4,M03
AP002708,Harbor Trading,software,2025-12-06,2025-12-09,509.82,M10
AP001715,Cinder Consulting,marketing,2025-11-04,2025-11-10,382.7,M02
AP003465,Mosaic Services,facilities,2026-04-08,2026-04-13,159.56,M10
AP005632,Zephyr Consulting,hardware,2026-06-11,2026-06-15,889.84,M14
AP002340,Fulcrum Labs,software,2025-12-30,2026-01-05,271.68,M12
AP000429,Snowflake,infrastructure,2025-07-05,2025-07-09,7898.87,M11
AP002407,Gable Solutions,software,2025-08-10,2025-08-12,166.34,M02
AP002984,Juniper Industries,events,2025-07-17,2025-07-21,3508.64,M09
AP003457,Mosaic Services,facilities,2025-10-10,2025-10-13,770.09,M10
AP002152,Ember Labs,software,2026-05-10,2026-05-13,1408.54,M12
AP001352,Acme Consulting,facilities,2026-04-23,2026-04-27,288.57,M06
AP003346,Loom Partners,professional_services,2026-06-06,2026-06-10,826.54,M07
AP000924,Indeed,recruiting,2025-08-08,2025-08-11,3097.58,M07
AP001653,Borealis Trading,logistics,2026-05-09,2026-05-11,159.24,M07
AP004614,Sable Group,logistics,2025-12-28,2025-12-29,836.97,M03
AP003319,Loom Consulting,marketing,2026-02-17,2026-02-18,620.12,M07
AP001623,Borealis Works,hardware,2025-09-04,2025-09-08,223.95,M02
AP001766,Cinder Group,office,2025-09-02,2025-09-04,152.19,M04
AP004880,Umber Solutions,events,2025-09-18,2025-09-22,76.12,M14
AP001779,Cinder Group,office,2026-05-09,2026-05-11,1000.11,M05
AP001503,Borealis Solutions,marketing,2025-11-01,2025-11-04,354.69,M14
AP001955,Dockside Labs,logistics,2025-08-22,2025-08-22,327.22,M11
AP004193,Quarry Solutions,office,2025-08-19,2025-08-25,294.07,M09
AP005888,Northgate Logistics,logistics,2026-01-03,2026-01-05,35919.02,M05
AP003144,Keystone Consulting,logistics,2026-03-25,2026-03-30,484.87,M11
AP003607,Mosaic Trading,office,2025-11-21,2025-11-21,308.8,M13
AP003177,Keystone Industries,professional_services,2025-09-21,2025-09-24,83.75,M06
AP001761,Cinder Industries,software,2026-03-11,2026-03-11,187.79,M05
AP005445,Yonder Partners,marketing,2025-09-14,2025-09-16,1129.18,M08
AP000782,Staples Business,office,2026-04-14,2026-04-14,91.25,M10
AP004984,Umber Works,marketing,2025-11-21,2025-11-24,689.34,M11
AP005831,Northgate Logistics,logistics,2026-04-03,2026-04-06,7684.36,M04
AP004044,Prairie Partners,office,2025-12-11,2025-12-15,255.6,M01
AP003132,Keystone Consulting,logistics,2025-10-22,2025-10-22,647.17,M10
AP004742,Tundra Consulting,office,2026-01-11,2026-01-14,253.61,M10
AP000208,Amazon Web Services,infrastructure,2025-12-02,2025-12-04,2070.55,M04
AP004712,Tundra Solutions,facilities,2025-11-22,2025-11-24,467.84,M14
AP000243,Amazon Web Services,infrastructure,2026-01-04,2026-01-05,4216.01,M07
AP000184,Amazon Web Services,infrastructure,2025-12-13,2025-12-16,554.93,M11
AP005583,Zephyr Supply,office,2026-04-06,2026-04-10,1324.4,M06
AP000631,Atlassian,software,2026-06-07,2026-06-10,563.38,M03
AP000821,Uline,office,2025-11-20,2025-11-21,305.76,M06
AP002704,Harbor Trading,software,2025-10-04,2025-10-08,330.08,M12
AP005890,Northgate Logistics,logistics,2026-06-12,2026-06-16,12874.79,M03
AP002738,Inlet Supply,logistics,2026-06-17,2026-06-19,157.52,M01
AP005346,Wharf Works,professional_services,2026-03-05,2026-03-05,2850.96,M06
AP000043,Amazon Web Services,infrastructure,2025-08-26,2025-08-28,1033.3,M04
AP005803,Northgate Logistics,logistics,2026-03-29,2026-04-02,489.96,M13
AP000695,Iron Mountain,facilities,2026-01-06,2026-01-08,276.83,M13
AP005069,Vela Consulting,office,2025-10-01,2025-10-06,459.28,M10
AP003327,Loom Partners,professional_services,2025-07-18,2025-07-22,80.94,M02
AP000236,Amazon Web Services,infrastructure,2026-01-09,2026-01-12,3357.16,M03
AP000102,Amazon Web Services,infrastructure,2025-09-18,2025-09-18,2426.78,M04
AP000918,Indeed,recruiting,2025-07-22,2025-07-24,1569.83,M02
AP000709,Staples Business,office,2025-07-26,2025-07-30,95.1,M01
AP002266,Fulcrum Consulting,professional_services,2025-10-04,2025-10-07,539.68,M07
AP002444,Gable Consulting,facilities,2026-06-01,2026-06-05,234.55,M09
AP005640,Zephyr Partners,professional_services,2025-10-12,2025-10-15,228.48,M12
AP005384,Yonder Services,facilities,2025-09-14,2025-09-16,255.84,M14
AP000727,Staples Business,office,2025-09-09,2025-09-11,105.27,M13
AP001362,Acme Partners,marketing,2025-10-13,2025-10-14,1916.0,M12
AP002011,Ember Supply,marketing,2025-07-12,2025-07-16,481.32,M09
AP002744,Inlet Services,software,2025-11-24,2025-11-28,406.79,M06
AP004123,Prairie Works,office,2026-05-16,2026-05-19,76.87,M11
AP004052,Prairie Partners,office,2026-06-16,2026-06-18,178.62,M04
AP003299,Loom Solutions,professional_services,2025-08-17,2025-08-18,359.09,M02
AP001703,Cinder Solutions,office,2026-04-05,2026-04-08,2093.83,M11
AP001563,Borealis Industries,facilities,2025-11-14,2025-11-17,171.2,M07
AP003790,Nimbus Trading,software,2026-04-30,2026-04-30,618.38,M03
AP005750,Amazon Web Services,infrastructure,2025-12-12,2025-12-12,4692.54,M05
AP005679,Zephyr Group,logistics,2026-01-03,2026-01-05,217.22,M13
AP001564,Borealis Industries,facilities,2026-02-06,2026-02-09,529.42,M14
AP000667,WeWork,facilities,2025-11-21,2025-11-25,5770.48,M14
AP000481,Snowflake,infrastructure,2026-04-23,2026-04-23,2694.21,M09
AP000542,Datadog,infrastructure,2026-04-20,2026-04-20,3231.59,M10
AP003975,Prairie Supply,facilities,2026-06-05,2026-06-09,135.52,M08
AP001673,Cinder Services,facilities,2025-10-17,2025-10-20,220.96,M04
AP004794,Tundra Group,facilities,2025-12-28,2025-12-31,680.84,M11
AP005876,Northgate Logistics,logistics,2025-11-11,2025-11-11,777.33,M02
AP002370,Fulcrum Trading,marketing,2026-03-01,2026-03-03,159.82,M01
AP002939,Juniper Consulting,office,2025-07-01,2025-07-04,275.24,M13
AP004418,Rampart Partners,logistics,2026-02-10,2026-02-16,642.91,M13
AP005861,Northgate Logistics,logistics,2025-07-10,2025-07-14,3879.11,M02
AP001373,Acme Partners,marketing,2026-04-05,2026-04-08,236.91,M10
AP004313,Quarry Works,logistics,2026-01-18,2026-01-19,53.34,M12
AP003987,Prairie Services,logistics,2026-01-01,2026-01-02,257.66,M06
AP004578,Sable Consulting,professional_services,2026-06-22,2026-06-24,852.69,M03
AP004667,Sable Trading,hardware,2025-08-07,2025-08-11,548.04,M07
AP000016,Amazon Web Services,infrastructure,2025-07-20,2025-07-21,1697.75,M06
AP003862,Onyx Partners,software,2026-02-21,2026-02-23,2728.47,M07
AP005292,Wharf Industries,professional_services,2026-02-28,2026-03-02,91.11,M01
AP003848,Onyx Consulting,events,2025-08-23,2025-08-25,489.3,M02
AP000937,Indeed,recruiting,2025-12-28,2025-12-29,936.24,M12
AP000478,Snowflake,infrastructure,2026-03-12,2026-03-12,1535.67,M09
AP002412,Gable Solutions,software,2026-01-03,2026-01-06,489.55,M04
AP005080,Vela Consulting,office,2026-06-07,2026-06-09,129.28,M11
AP003611,Mosaic Trading,office,2026-03-17,2026-03-17,492.74,M02
AP005241,Wharf Consulting,office,2025-09-30,2025-10-06,756.38,M07
AP003783,Nimbus Trading,software,2025-11-21,2025-11-24,238.82,M03
AP000048,Amazon Web Services,infrastructure,2025-08-09,2025-08-13,1494.87,M11
AP000540,Datadog,infrastructure,2026-04-05,2026-04-06,2325.4,M09
AP004185,Quarry Services,marketing,2026-03-19,2026-03-23,1559.52,M01
AP004124,Prairie Works,office,2026-05-07,2026-05-07,799.6,M11
AP000660,WeWork,facilities,2025-07-11,2025-07-14,8629.73,M05
AP003759,Nimbus Works,software,2025-09-01,2025-09-03,293.13,M14
AP000624,Atlassian,software,2026-03-10,2026-03-11,1867.91,M13
AP004711,Tundra Solutions,facilities,2025-11-23,2025-11-25,615.79,M02
AP002452,Gable Partners,marketing,2026-01-21,2026-01-26,178.18,M05
AP002954,Juniper Consulting,office,2026-04-13,2026-04-16,815.65,M01
AP000274,Amazon Web Services,infrastructure,2026-02-08,2026-02-12,7028.69,M14
AP000809,Uline,office,2025-08-23,2025-08-25,232.45,M08
AP001867,Dockside Solutions,professional_services,2025-07-19,2025-07-21,653.13,M03
AP002677,Harbor Works,hardware,2025-08-11,2025-08-13,98.99,M02
AP002097,Ember Partners,events,2026-04-27,2026-04-27,1339.32,M04
AP000473,Snowflake,infrastructure,2026-02-11,2026-02-11,4187.38,M01
AP003371,Loom Group,events,2025-12-18,2025-12-22,296.87,M14
AP002861,Inlet Works,facilities,2026-05-22,2026-05-25,1281.51,M14
AP000439,Snowflake,infrastructure,2025-09-04,2025-09-08,4454.93,M08
AP001624,Borealis Works,hardware,2025-12-19,2025-12-23,752.03,M03
AP005478,Yonder Industries,marketing,2026-05-19,2026-05-20,130.65,M11
AP004492,Rampart Works,facilities,2026-03-04,2026-03-09,85.1,M09
AP004368,Rampart Services,logistics,2026-04-27,2026-04-28,301.82,M10
AP001377,Acme Industries,facilities,2025-08-18,2025-08-18,258.03,M01
AP002834,Inlet Labs,facilities,2026-01-18,2026-01-20,788.85,M06
AP001750,Cinder Industries,software,2025-09-23,2025-09-26,359.17,M12
AP002506,Gable Works,office,2025-09-07,2025-09-11,323.39,M14
AP000513,Datadog,infrastructure,2025-10-13,2025-10-13,2638.24,M12
AP003693,Nimbus Partners,software,2025-09-26,2025-09-29,145.9,M03
AP005239,Wharf Consulting,office,2025-08-04,2025-08-08,253.33,M06
AP005542,Yonder Works,office,2026-05-07,2026-05-11,91.3,M09
AP003765,Nimbus Works,software,2025-12-06,2025-12-08,328.3,M11
AP003786,Nimbus Trading,software,2026-01-17,2026-01-21,871.33,M10
AP005418,Yonder Solutions,events,2026-06-20,2026-06-24,502.88,M02
AP004370,Rampart Solutions,professional_services,2025-07-20,2025-07-24,641.51,M12
AP004360,Rampart Services,logistics,2025-12-04,2025-12-08,584.93,M04
AP004276,Quarry Group,facilities,2026-02-21,2026-02-24,483.08,M02
AP001928,Dockside Industries,software,2025-11-25,2025-11-26,325.35,M01
AP002040,Ember Services,hardware,2025-11-20,2025-11-24,221.97,M04
AP004019,Prairie Consulting,hardware,2025-10-22,2025-10-22,447.58,M04
AP004125,Prairie Works,office,2026-06-02,2026-06-08,450.28,M10
AP000991,PwC,accounting,2026-01-14,2026-01-19,14928.18,M08
AP002338,Fulcrum Labs,software,2025-11-29,2025-12-01,175.22,M12
AP004290,Quarry Labs,events,2025-10-08,2025-10-08,298.55,M01
AP001113,Apex Print Media,marketing,2026-06-05,2026-06-08,487.5,M04
AP002531,Gable Trading,events,2026-06-20,2026-06-23,92.94,M05
AP001411,Acme Labs,facilities,2025-10-08,2025-10-13,1697.09,M05
AP005825,Northgate Logistics,logistics,2025-11-04,2025-11-07,7366.72,M02
AP000438,Snowflake,infrastructure,2025-09-23,2025-09-24,6004.48,M05
AP000487,Snowflake,infrastructure,2026-05-16,2026-05-18,4479.34,M03
AP002316,Fulcrum Group,professional_services,2025-08-26,2025-08-28,107.53,M12
AP001087,Apex Print Media,marketing,2025-10-06,2025-10-08,810.0,M07
AP005734,Zephyr Trading,logistics,2026-02-18,2026-02-19,906.51,M10
AP003822,Onyx Services,logistics,2026-04-20,2026-04-24,553.17,M08
AP001462,Borealis Supply,marketing,2025-11-09,2025-11-12,470.56,M03
AP001440,Acme Works,professional_services,2026-01-11,2026-01-12,133.29,M04
AP004585,Sable Partners,office,2026-01-31,2026-02-02,325.42,M03
AP005097,Vela Partners,office,2026-05-27,2026-05-27,1202.9,M10
AP003466,Mosaic Services,facilities,2026-05-14,2026-05-18,624.69,M08
AP004533,Sable Services,logistics,2025-09-23,2025-09-25,167.94,M02
AP003451,Mosaic Supply,hardware,2026-06-23,2026-06-26,93.09,M08
AP002980,Juniper Partners,hardware,2026-04-22,2026-04-22,61.96,M01
AP000944,Indeed,recruiting,2026-03-11,2026-03-11,748.3,M03
AP003719,Nimbus Group,logistics,2025-09-24,2025-09-24,93.34,M01
AP005818,Northgate Logistics,logistics,2026-01-17,2026-01-19,9053.75,M06
AP003714,Nimbus Industries,facilities,2026-06-02,2026-06-05,418.81,M07
AP004470,Rampart Labs,office,2026-02-17,2026-02-20,252.95,M03
AP003995,Prairie Solutions,events,2025-07-16,2025-07-18,710.48,M06
AP004041,Prairie Partners,office,2025-10-13,2025-10-15,1028.68,M06
AP000057,Amazon Web Services,infrastructure,2025-08-16,2025-08-18,4816.53,M05
AP005866,Northgate Logistics,logistics,2026-06-15,2026-06-18,27446.5,M05
AP004888,Umber Solutions,events,2026-02-13,2026-02-16,93.12,M07
AP003051,Juniper Trading,events,2026-02-01,2026-02-05,568.97,M11
AP002794,Inlet Partners,events,2025-12-03,2025-12-08,704.3,M10
AP001431,Acme Labs,facilities,2026-06-11,2026-06-15,915.09,M01
AP002419,Gable Solutions,software,2026-04-01,2026-04-03,163.82,M02
AP003162,Keystone Partners,hardware,2026-01-04,2026-01-05,147.3,M06
AP002346,Fulcrum Labs,software,2026-06-22,2026-06-25,3984.38,M06
AP000284,Amazon Web Services,infrastructure,2026-03-03,2026-03-06,1176.02,M11
AP004224,Quarry Consulting,office,2026-06-23,2026-06-29,818.13,M01
AP004929,Umber Partners,facilities,2026-02-01,2026-02-04,1180.68,M14
AP000079,Amazon Web Services,infrastructure,2025-09-07,2025-09-09,3887.0,M06
AP003166,Keystone Partners,hardware,2026-03-09,2026-03-13,166.12,M05
AP005525,Yonder Works,office,2025-09-13,2025-09-16,2355.8,M04
AP003762,Nimbus Works,software,2025-10-16,2025-10-17,399.25,M01
AP005854,Northgate Logistics,logistics,2025-12-04,2025-12-08,6648.91,M05
AP000961,Wilson Sonsini,legal,2025-09-11,2025-09-12,8538.49,M12
AP001581,Borealis Group,events,2025-11-19,2025-11-24,1530.01,M04
AP002449,Gable Partners,marketing,2025-12-02,2025-12-08,953.51,M07
AP000090,Amazon Web Services,infrastructure,2025-09-14,2025-09-15,1248.74,M13
AP002995,Juniper Industries,events,2025-11-03,2025-11-06,2054.71,M01
AP004601,Sable Industries,professional_services,2026-06-09,2026-06-10,192.13,M14
AP004399,Rampart Consulting,professional_services,2026-01-21,2026-01-26,132.35,M13
AP004273,Quarry Group,facilities,2025-12-03,2025-12-05,722.74,M14
AP000270,Amazon Web Services,infrastructure,2026-02-13,2026-02-16,4388.24,M09
AP003219,Keystone Works,professional_services,2025-09-18,2025-09-19,233.13,M14
AP003073,Keystone Supply,office,2026-04-01,2026-04-06,1069.48,M02
AP005940,Quarry Supply,hardware,2026-03-29,2026-04-04,599.86,M09
AP005775,Summit Interiors,facilities,2026-06-08,2026-06-09,-721.52,M09
AP000581,Salesforce,software,2026-02-20,2026-02-23,2766.48,M02
AP005306,Wharf Group,logistics,2026-02-21,2026-02-23,949.32,M05
AP000818,Uline,office,2025-10-16,2025-10-20,359.41,M06
AP004397,Rampart Consulting,professional_services,2025-12-13,2025-12-16,1466.96,M03
AP000224,Amazon Web Services,infrastructure,2026-01-12,2026-01-16,920.26,M12
AP003452,Mosaic Services,facilities,2025-07-20,2025-07-21,61.24,M08
AP000167,Amazon Web Services,infrastructure,2025-11-15,2025-11-17,921.9,M13
AP003687,Nimbus Consulting,office,2026-05-11,2026-05-14,3389.16,M11
AP001347,Acme Consulting,facilities,2026-03-12,2026-03-12,75.99,M07
AP000506,Datadog,infrastructure,2025-08-17,2025-08-21,4820.14,M14
AP003359,Loom Industries,facilities,2026-03-13,2026-03-16,214.53,M14
AP001103,Apex Print Media,marketing,2026-03-10,2026-03-10,884.39,M02
AP002348,Fulcrum Works,professional_services,2025-09-02,2025-09-08,425.13,M13
AP002782,Inlet Consulting,marketing,2026-01-21,2026-01-22,32.5,M03
AP003304,Loom Solutions,professional_services,2025-10-29,2025-10-31,676.74,M08
AP003273,Loom Supply,professional_services,2026-04-27,2026-04-30,640.86,M12
AP002022,Ember Supply,marketing,2026-01-28,2026-01-28,107.36,M02
AP004005,Prairie Solutions,events,2026-02-22,2026-02-26,97.2,M02
AP005443,Yonder Partners,marketing,2025-09-09,2025-09-09,1555.51,M09
AP005126,Vela Group,professional_services,2025-11-03,2025-11-03,643.63,M11
AP002741,Inlet Services,software,2025-09-20,2025-09-22,349.0,M14
AP005481,Yonder Group,hardware,2025-08-17,2025-08-21,270.55,M08
AP000001,Amazon Web Services,infrastructure,2025-07-02,2025-07-07,2248.65,M05
AP005281,Wharf Industries,professional_services,2025-09-10,2025-09-10,267.27,M03
AP002069,Ember Consulting,marketing,2025-10-29,2025-10-31,91.42,M07
AP004080,Prairie Group,hardware,2026-01-13,2026-01-16,255.43,M05
AP004198,Quarry Solutions,office,2025-12-23,2025-12-23,578.65,M08
AP005367,Wharf Trading,hardware,2026-06-07,2026-06-10,970.49,M03
AP004797,Tundra Group,facilities,2026-03-25,2026-03-27,645.66,M10
AP004684,Tundra Supply,logistics,2025-11-22,2025-11-26,317.15,M11
AP004428,Rampart Industries,facilities,2025-08-04,2025-08-05,1586.56,M03
AP003808,Onyx Services,logistics,2025-07-09,2025-07-11,172.81,M06
AP000573,Salesforce,software,2025-12-24,2025-12-26,3903.38,M02
AP000331,Amazon Web Services,infrastructure,2026-04-17,2026-04-17,1345.7,M10
AP000785,Staples Business,office,2026-04-17,2026-04-21,35.85,M04
AP000314,Amazon Web Services,infrastructure,2026-03-02,2026-03-04,1025.39,M09
AP003748,Nimbus Labs,professional_services,2026-03-28,2026-03-30,211.14,M05
AP000362,Amazon Web Services,infrastructure,2026-05-11,2026-05-11,3726.48,M04
AP005704,Zephyr Labs,marketing,2026-02-03,2026-02-03,806.91,M03
AP004922,Umber Partners,facilities,2025-10-17,2025-10-17,206.32,M09
AP005374,Yonder Supply,software,2025-10-19,2025-10-22,1025.22,M05
AP001192,CDW,hardware,2025-07-13,2025-07-14,1482.31,M04
AP000966,Wilson Sonsini,legal,2025-10-26,2025-10-27,2217.69,M04
AP005100,Vela Industries,hardware,2025-08-16,2025-08-18,608.71,M03
AP004491,Rampart Works,facilities,2026-03-08,2026-03-11,204.65,M11
AP003237,Keystone Trading,hardware,2025-07-04,2025-07-04,120.31,M07
AP002148,Ember Labs,software,2025-12-30,2025-12-31,422.5,M01
AP003035,Juniper Works,events,2026-02-23,2026-02-23,406.5,M14
AP001621,Borealis Works,hardware,2025-09-19,2025-09-23,456.33,M10
AP005931,Amazon Web Services,infrastructure,2025-09-07,2025-09-13,1374.52,M06
AP002053,Ember Solutions,hardware,2025-10-24,2025-10-27,919.34,M10
AP003464,Mosaic Services,facilities,2026-01-03,2026-01-07,93.35,M04
AP005025,Vela Supply,facilities,2026-02-08,2026-02-12,474.74,M01
AP004017,Prairie Consulting,hardware,2025-10-04,2025-10-06,117.92,M09
AP002625,Harbor Partners,software,2026-03-06,2026-03-09,248.41,M05
AP000898,Robert Half,recruiting,2026-03-16,2026-03-20,5652.97,M12
AP001182,Meridian Travel,travel,2026-05-19,2026-05-21,470.6,M13
AP000897,Robert Half,recruiting,2026-03-13,2026-03-16,7419.78,M11
AP004349,Rampart Services,logistics,2025-07-21,2025-07-21,203.84,M05
AP002546,Harbor Supply,logistics,2025-12-16,2025-12-16,195.12,M01
AP004310,Quarry Works,logistics,2025-11-21,2025-11-25,338.62,M04
AP002908,Juniper Supply,events,2026-06-22,2026-06-22,291.86,M07
AP001443,Acme Works,professional_services,2026-02-06,2026-02-06,1025.15,M04
AP004493,Rampart Works,facilities,2026-04-20,2026-04-24,143.9,M05
AP002840,Inlet Labs,facilities,2026-03-16,2026-03-19,139.5,M01
AP004371,Rampart Solutions,professional_services,2025-09-18,2025-09-22,260.12,M12
AP004201,Quarry Solutions,office,2026-01-22,2026-01-26,617.56,M04
AP002643,Harbor Industries,events,2026-04-19,2026-04-21,85.53,M07
AP000565,Salesforce,software,2025-10-17,2025-10-21,2911.82,M12
AP003920,Onyx Labs,office,2025-10-09,2025-10-09,526.94,M12
AP001405,Acme Group,hardware,2026-02-11,2026-02-12,110.61,M10
AP000033,Amazon Web Services,infrastructure,2025-07-25,2025-07-28,1697.97,M10
AP002751,Inlet Services,software,2026-06-03,2026-06-05,700.21,M07
AP003732,Nimbus Group,logistics,2026-03-05,2026-03-06,148.55,M06
AP004551,Sable Solutions,software,2025-08-14,2025-08-18,94.29,M08
AP004324,Quarry Trading,logistics,2025-10-22,2025-10-23,311.66,M02
AP001860,Dockside Services,logistics,2026-04-24,2026-04-27,87.54,M02
AP005312,Wharf Group,logistics,2026-05-11,2026-05-14,214.73,M08
AP004947,Umber Group,software,2025-07-27,2025-07-31,703.19,M14
AP003461,Mosaic Services,facilities,2025-12-07,2025-12-11,448.61,M13
AP005636,Zephyr Partners,professional_services,2025-09-09,2025-09-10,201.41,M05
AP004448,Rampart Group,professional_services,2025-08-14,2025-08-18,2291.27,M01
AP004970,Umber Labs,office,2026-01-28,2026-01-30,744.84,M12
AP005746,Dockside Solutions,professional_services,2026-06-26,2026-06-30,2407.35,M03
AP005649,Zephyr Partners,professional_services,2026-03-02,2026-03-04,133.89,M11
AP005119,Vela Group,professional_services,2025-07-06,2025-07-09,267.03,M06
AP004485,Rampart Works,facilities,2025-11-23,2025-11-26,64.02,M13
AP005856,Northgate Logistics,logistics,2025-11-10,2025-11-11,644.42,M09
AP002203,Fulcrum Supply,marketing,2025-10-21,2025-10-27,173.5,M01
AP005061,Vela Solutions,software,2026-05-24,2026-05-25,247.29,M02
AP000149,Amazon Web Services,infrastructure,2025-11-11,2025-11-12,1225.15,M02
AP000469,Snowflake,infrastructure,2026-01-09,2026-01-12,5246.59,M06
AP001486,Borealis Services,hardware,2025-12-02,2025-12-08,205.31,M11
AP004680,Tundra Supply,logistics,2025-09-03,2025-09-04,317.91,M06
AP002521,Gable Works,office,2026-05-08,2026-05-11,258.71,M12
AP005705,Zephyr Labs,marketing,2026-03-16,2026-03-18,339.83,M05
AP002058,Ember Solutions,hardware,2026-02-22,2026-02-26,156.38,M06
AP001450,Acme Trading,office,2025-08-27,2025-08-27,125.22,M03
AP004301,Quarry Labs,events,2026-03-03,2026-03-06,420.07,M09
AP000742,Staples Business,office,2025-10-29,2025-10-29,105.92,M13
AP004065,Prairie Industries,marketing,2026-03-19,2026-03-23,792.39,M06
AP001731,Cinder Partners,events,2025-08-25,2025-08-25,249.43,M05
AP002489,Gable Group,office,2026-03-25,2026-03-30,140.36,M13
AP002310,Fulcrum Industries,professional_services,2026-05-04,2026-05-08,586.03,M04
AP004802,Tundra Labs,professional_services,2025-07-13,2025-07-14,173.32,M08
AP000332,Amazon Web Services,infrastructure,2026-04-15,2026-04-16,1530.72,M09
AP001604,Borealis Labs,logistics,2025-11-07,2025-11-11,1051.73,M01
AP000395,Amazon Web Services,infrastructure,2026-06-21,2026-06-25,6359.34,M05
AP002815,Inlet Group,events,2025-09-10,2025-09-10,263.22,M08
AP001421,Acme Labs,facilities,2026-01-19,2026-01-20,71.74,M08
AP001994,Dockside Trading,professional_services,2025-09-04,2025-09-08,856.56,M01
AP005911,Northgate Logistics,logistics,2025-11-14,2025-11-17,46702.0,M06
AP004555,Sable Solutions,software,2025-10-10,2025-10-14,310.05,M10
AP004878,Umber Services,hardware,2026-06-07,2026-06-10,1301.35,M09
AP005896,Northgate Logistics,logistics,2026-01-19,2026-01-19,32459.82,M13
AP005264,Wharf Partners,professional_services,2025-09-11,2025-09-12,378.67,M06
AP000942,Indeed,recruiting,2026-03-02,2026-03-04,1935.57,M09
AP005161,Vela Works,facilities,2026-03-30,2026-04-01,981.55,M12
AP004744,Tundra Consulting,office,2026-03-08,2026-03-09,95.13,M04
AP001933,Dockside Industries,software,2026-02-01,2026-02-04,320.97,M11
AP000962,Wilson Sonsini,legal,2025-09-09,2025-09-10,3132.25,M07
AP000354,Amazon Web Services,infrastructure,2026-05-13,2026-05-18,1167.72,M07
AP005149,Vela Labs,software,2026-06-05,2026-06-09,114.14,M13
AP002249,Fulcrum Solutions,hardware,2026-03-21,2026-03-23,967.16,M05
AP002014,Ember Supply,marketing,2025-08-06,2025-08-11,30.73,M05
AP004419,Rampart Partners,logistics,2026-02-20,2026-02-23,677.58,M08
AP005375,Yonder Supply,software,2025-11-14,2025-11-14,2393.9,M13
AP004013,Prairie Consulting,hardware,2025-07-06,2025-07-09,1454.7,M11
AP004221,Quarry Consulting,office,2026-03-31,2026-04-02,149.94,M03
AP000634,Figma,software,2025-07-01,2025-07-02,517.94,M02
AP003186,Keystone Industries,professional_services,2026-06-06,2026-06-09,149.74,M04
AP004758,Tundra Partners,office,2026-01-21,2026-01-26,924.16,M08
AP001582,Borealis Group,events,2025-12-02,2025-12-05,135.69,M08
AP003511,Mosaic Consulting,facilities,2026-06-23,2026-06-23,249.66,M04
AP003639,Nimbus Services,software,2025-11-13,2025-11-17,211.23,M08
AP005184,Wharf Supply,professional_services,2025-08-24,2025-08-27,75.61,M04
AP003598,Mosaic Works,marketing,2026-04-27,2026-04-29,515.22,M05
AP004754,Tundra Partners,office,2025-12-05,2025-12-09,240.58,M09
AP003049,Juniper Trading,events,2026-02-07,2026-02-10,179.53,M05
AP002328,Fulcrum Labs,software,2025-07-25,2025-07-29,3949.42,M09
AP003568,Mosaic Labs,hardware,2025-07-20,2025-07-22,185.39,M04
AP005523,Yonder Works,office,2025-08-11,2025-08-12,233.15,M14
AP004639,Sable Labs,marketing,2026-05-17,2026-05-19,460.75,M01
AP000720,Staples Business,office,2025-08-03,2025-08-04,329.88,M03
AP001390,Acme Industries,facilities,2026-04-15,2026-04-15,509.52,M09
AP003794,Onyx Supply,hardware,2025-07-31,2025-08-04,753.42,M13
AP000384,Amazon Web Services,infrastructure,2026-05-05,2026-05-08,1235.49,M02
AP004886,Umber Solutions,events,2025-11-10,2025-11-10,446.83,M03
AP002989,Juniper Industries,events,2025-09-05,2025-09-05,105.61,M14
AP004336,Rampart Supply,software,2025-08-09,2025-08-11,646.75,M11
AP001747,Cinder Industries,software,2025-07-12,2025-07-15,1104.41,M14
AP003901,Onyx Group,office,2025-10-17,2025-10-20,89.68,M05
AP005466,Yonder Industries,marketing,2025-12-04,2025-12-08,351.52,M01
AP000310,Amazon Web Services,infrastructure,2026-03-25,2026-03-30,1487.87,M02
AP004778,Tundra Industries,software,2026-04-27,2026-04-29,621.92,M09
AP004153,Quarry Supply,hardware,2025-09-13,2025-09-15,498.24,M02
AP001425,Acme Labs,facilities,2026-04-07,2026-04-08,364.11,M09
AP000838,Uline,office,2026-03-17,2026-03-17,253.76,M08
AP002428,Gable Consulting,facilities,2025-10-02,2025-10-06,150.96,M12
AP004831,Tundra Works,events,2026-06-17,2026-06-22,1036.36,M14
AP005058,Vela Solutions,software,2026-04-08,2026-04-13,68.79,M07
AP002151,Ember Labs,software,2026-03-03,2026-03-04,139.59,M04
AP004496,Rampart Works,facilities,2026-05-31,2026-06-03,1332.78,M04
AP003427,Loom Trading,hardware,2026-04-06,2026-04-07,120.4,M14
AP001333,Acme Solutions,software,2026-06-12,2026-06-15,136.77,M06
AP001651,Borealis Trading,logistics,2026-02-02,2026-02-03,412.45,M06
AP000494,Snowflake,infrastructure,2026-06-08,2026-06-12,5178.93,M07
AP001033,Global Catering Co,events,2025-10-31,2025-11-04,1865.66,M03
AP003034,Juniper Works,events,2026-01-18,2026-01-22,240.31,M09
AP003306,Loom Solutions,professional_services,2025-12-02,2025-12-03,1371.83,M05
AP003614,Mosaic Trading,office,2026-04-15,2026-04-20,85.39,M06
AP000412,Amazon Web Services,infrastructure,2026-06-08,2026-06-11,2345.74,M14
AP001292,Acme Supply,software,2026-03-14,2026-03-16,589.34,M08
AP000894,Robert Half,recruiting,2026-02-05,2026-02-09,6382.52,M13
AP001558,Borealis Industries,facilities,2025-08-01,2025-08-04,200.43,M11
AP000136,Amazon Web Services,infrastructure,2025-10-03,2025-10-06,1562.15,M06
AP005212,Wharf Services,professional_services,2026-03-08,2026-03-12,311.93,M13
AP003020,Juniper Labs,software,2026-03-13,2026-03-16,368.75,M10
AP000098,Amazon Web Services,infrastructure,2025-09-14,2025-09-15,1934.96,M06
AP000801,Staples Business,office,2026-06-14,2026-06-15,117.88,M01
AP003050,Juniper Trading,events,2026-02-23,2026-02-26,164.86,M04
AP003033,Juniper Works,events,2025-12-29,2025-12-31,659.83,M11
AP001897,Dockside Consulting,office,2026-01-03,2026-01-05,246.41,M08
AP004940,Umber Industries,office,2025-12-18,2025-12-22,1411.48,M08
AP004788,Tundra Group,facilities,2025-07-31,2025-08-01,379.84,M02
AP005904,Northgate Logistics,logistics,2025-12-31,2026-01-01,8055.84,M04
AP005441,Yonder Partners,marketing,2025-07-20,2025-07-21,441.44,M05
AP004225,Quarry Consulting,office,2026-06-18,2026-06-22,253.11,M03
AP003868,Onyx Partners,software,2026-05-13,2026-05-14,127.96,M03
AP000204,Amazon Web Services,infrastructure,2025-12-13,2025-12-15,1566.15,M05
AP002302,Fulcrum Industries,professional_services,2025-12-06,2025-12-08,221.41,M13
AP005791,Northgate Logistics,logistics,2026-04-10,2026-04-13,353.4,M13
AP003298,Loom Solutions,professional_services,2025-08-21,2025-08-22,216.61,M05
AP001077,Apex Print Media,marketing,2025-08-26,2025-08-27,757.31,M04
AP004859,Umber Supply,facilities,2026-02-16,2026-02-17,192.42,M05
AP003972,Prairie Supply,facilities,2026-02-12,2026-02-16,513.68,M13
AP000342,Amazon Web Services,infrastructure,2026-04-08,2026-04-13,1481.33,M02
AP005408,Yonder Solutions,events,2025-09-11,2025-09-15,1423.74,M06
AP005261,Wharf Partners,professional_services,2025-07-31,2025-08-04,201.96,M13
AP004659,Sable Works,office,2026-02-17,2026-02-20,316.16,M06
AP002743,Inlet Services,software,2025-10-13,2025-10-17,165.31,M14
AP000290,Amazon Web Services,infrastructure,2026-03-17,2026-03-17,751.99,M10
AP000339,Amazon Web Services,infrastructure,2026-04-23,2026-04-23,2256.08,M02
AP002941,Juniper Consulting,office,2025-08-06,2025-08-06,717.6,M04
AP005889,Northgate Logistics,logistics,2025-10-03,2025-10-06,778.68,M05
AP000449,Snowflake,infrastructure,2025-11-24,2025-11-24,3782.91,M05
AP005727,Zephyr Works,logistics,2026-06-07,2026-06-10,427.68,M03
AP004722,Tundra Solutions,facilities,2026-04-20,2026-04-24,237.06,M01
AP002746,Inlet Services,software,2025-12-24,2025-12-29,140.7,M14
AP000287,Amazon Web Services,infrastructure,2026-03-01,2026-03-02,1096.78,M02
AP004677,Tundra Supply,logistics,2025-08-17,2025-08-19,316.48,M04
AP004296,Quarry Labs,events,2025-12-30,2026-01-02,372.16,M12
AP005498,Yonder Labs,facilities,2025-07-27,2025-07-28,202.68,M06
AP001104,Apex Print Media,marketing,2026-03-19,2026-03-23,830.86,M07
AP003909,Onyx Group,office,2026-01-01,2026-01-05,796.91,M05
AP003095,Keystone Services,office,2026-03-29,2026-04-01,873.08,M12
AP001848,Dockside Supply,events,2026-03-22,2026-03-23,392.72,M08
AP005417,Yonder Solutions,events,2026-06-15,2026-06-16,418.5,M09
AP001881,Dockside Solutions,professional_services,2026-05-17,2026-05-20,177.11,M10
AP002003,Dockside Trading,professional_services,2026-01-04,2026-01-05,118.48,M06
AP002971,Juniper Partners,hardware,2025-12-19,2025-12-22,369.88,M13
AP003689,Nimbus Consulting,office,2026-06-13,2026-06-15,253.68,M03
AP000115,Amazon Web Services,infrastructure,2025-10-02,2025-10-06,1369.2,M01
AP001675,Cinder Services,facilities,2025-10-04,2025-10-06,512.07,M10
AP005376,Yonder Supply,software,2025-12-08,2025-12-08,276.93,M05
AP004202,Quarry Solutions,office,2026-04-14,2026-04-17,529.99,M14
AP001257,Verizon Business,telecom,2025-09-29,2025-09-30,1287.63,M05
AP000627,Atlassian,software,2026-04-20,2026-04-20,549.18,M08
AP002860,Inlet Works,facilities,2026-04-29,2026-04-29,294.92,M07
AP005812,Northgate Logistics,logistics,2025-09-01,2025-09-03,462.06,M12
AP004489,Rampart Works,facilities,2026-02-14,2026-02-18,553.5,M06
AP003044,Juniper Trading,events,2025-08-21,2025-08-21,143.64,M14
AP001896,Dockside Consulting,office,2026-01-20,2026-01-23,376.2,M03
AP000006,Amazon Web Services,infrastructure,2025-07-19,2025-07-22,1815.46,M14
AP001436,Acme Works,professional_services,2025-10-02,2025-10-06,331.52,M06
AP000252,Amazon Web Services,infrastructure,2026-02-16,2026-02-18,1090.56,M11
AP001969,Dockside Labs,logistics,2026-04-13,2026-04-15,776.17,M06
AP003315,Loom Consulting,marketing,2025-11-14,2025-11-17,969.55,M11
AP005946,Wharf Partners,professional_services,2025-07-21,2025-07-26,2255.76,M01
AP000259,Amazon Web Services,infrastructure,2026-02-09,2026-02-09,1509.61,M02
AP000461,Snowflake,infrastructure,2025-12-19,2025-12-19,4548.27,M10
AP004652,Sable Works,office,2025-11-22,2025-11-24,1653.74,M13
AP003077,Keystone Services,office,2025-07-18,2025-07-22,325.44,M14
AP004377,Rampart Solutions,professional_services,2025-11-24,2025-11-26,827.54,M06
AP000840,Uline,office,2026-04-23,2026-04-23,613.7,M08
AP001032,Global Catering Co,events,2025-10-13,2025-10-16,411.07,M12
AP002374,Fulcrum Trading,marketing,2026-05-01,2026-05-04,449.72,M12
AP003042,Juniper Trading,events,2025-07-28,2025-08-01,247.84,M08
AP004846,Umber Supply,facilities,2025-07-17,2025-07-21,81.86,M10
AP001214,CDW,hardware,2025-11-20,2025-11-24,1983.77,M09
AP004474,Rampart Labs,office,2026-05-09,2026-05-11,227.61,M12
AP002258,Fulcrum Consulting,professional_services,2025-08-18,2025-08-21,461.13,M12
AP005917,Northgate Logistics,logistics,2025-11-04,2025-11-10,253.28,M10
AP002079,Ember Consulting,marketing,2026-06-22,2026-06-22,158.02,M08
AP002564,Harbor Services,events,2025-12-23,2025-12-24,716.66,M01
AP005012,Umber Trading,professional_services,2026-04-13,2026-04-16,203.83,M10
AP004865,Umber Supply,facilities,2026-05-27,2026-05-27,304.26,M09
AP004564,Sable Consulting,professional_services,2025-09-25,2025-09-26,242.17,M01
AP004764,Tundra Industries,software,2025-08-30,2025-09-01,163.55,M05
AP003743,Nimbus Labs,professional_services,2025-12-19,2025-12-23,142.08,M08
AP003204,Keystone Labs,facilities,2025-11-14,2025-11-17,46.05,M11
AP000525,Datadog,infrastructure,2025-12-08,2025-12-10,5321.75,M08
AP004676,Sable Trading,hardware,2026-06-23,2026-06-26,290.3,M11
AP000595,Salesforce,software,2026-05-31,2026-06-01,2559.93,M10
AP003782,Nimbus Trading,software,2025-11-10,2025-11-12,923.2,M14
AP000300,Amazon Web Services,infrastructure,2026-03-02,2026-03-03,1960.72,M05
AP003742,Nimbus Labs,professional_services,2025-12-03,2025-12-08,457.94,M13
AP003853,Onyx Consulting,events,2026-01-28,2026-01-28,839.99,M11
AP000445,Snowflake,infrastructure,2025-10-20,2025-10-23,5203.52,M03
AP000152,Amazon Web Services,infrastructure,2025-11-08,2025-11-12,995.48,M09
AP003666,Nimbus Solutions,facilities,2026-02-02,2026-02-02,263.89,M12
AP003401,Loom Works,facilities,2025-10-29,2025-11-03,501.55,M02
AP005464,Yonder Industries,marketing,2025-10-10,2025-10-13,314.93,M11
AP005629,Zephyr Consulting,hardware,2026-03-19,2026-03-20,780.75,M02
AP002943,Juniper Consulting,office,2025-09-09,2025-09-15,616.66,M03
AP005514,Yonder Labs,facilities,2026-01-29,2026-02-02,187.43,M09
AP003949,Onyx Trading,events,2025-07-05,2025-07-09,484.63,M10
AP001308,Acme Services,facilities,2026-02-05,2026-02-09,358.96,M11
AP001918,Dockside Partners,facilities,2026-02-06,2026-02-09,144.46,M09
AP004194,Quarry Solutions,office,2025-09-23,2025-09-24,369.19,M09
AP004442,Rampart Industries,facilities,2026-04-14,2026-04-16,107.65,M04
AP000851,Robert Half,recruiting,2025-07-18,2025-07-18,4881.91,M12
AP003927,Onyx Labs,office,2026-04-22,2026-04-27,268.5,M02
AP000954,Indeed,recruiting,2026-06-03,2026-06-08,1340.07,M04
AP003287,Loom Services,professional_services,2026-02-27,2026-02-27,1192.14,M07
AP005605,Zephyr Solutions,office,2025-09-10,2025-09-15,330.11,M12
AP001636,Borealis Trading,logistics,2025-07-06,2025-07-07,177.59,M06
AP003135,Keystone Consulting,logistics,2025-11-04,2025-11-10,1450.63,M13
AP002481,Gable Group,office,2025-11-08,2025-11-10,218.1,M11
AP005067,Vela Consulting,office,2025-08-19,2025-08-20,88.91,M07
AP005615,Zephyr Solutions,office,2025-12-30,2025-12-31,149.25,M04
AP002935,Juniper Solutions,facilities,2026-05-20,2026-05-25,397.11,M06
AP002657,Harbor Group,logistics,2026-02-23,2026-02-24,638.72,M06
AP000640,Figma,software,2025-11-19,2025-11-24,563.73,M04
AP000731,Staples Business,office,2025-10-23,2025-10-24,298.51,M05
AP000555,Salesforce,software,2025-07-06,2025-07-08,5987.16,M03
AP001229,CDW,hardware,2026-01-29,2026-02-02,8444.77,M08
AP003588,Mosaic Works,marketing,2026-01-09,2026-01-12,365.32,M04
AP000350,Amazon Web Services,infrastructure,2026-04-13,2026-04-14,3064.85,M04
AP005567,Zephyr Supply,office,2025-07-03,2025-07-07,547.74,M02
AP005053,Vela Solutions,software,2025-11-09,2025-11-13,723.01,M01
AP004565,Sable Consulting,professional_services,2025-10-12,2025-10-15,153.32,M12
AP002649,Harbor Industries,events,2026-06-01,2026-06-02,221.26,M05
AP002181,Ember Trading,hardware,2025-08-02,2025-08-04,502.78,M11
AP003900,Onyx Group,office,2025-10-14,2025-10-15,660.75,M13
AP003111,Keystone Solutions,events,2026-01-28,2026-01-29,98.26,M08
AP005007,Umber Trading,professional_services,2026-01-27,2026-01-30,342.49,M12
AP005392,Yonder Services,facilities,2026-01-22,2026-01-23,400.16,M09
AP000964,Wilson Sonsini,legal,2025-10-05,2025-10-07,15726.58,M10
AP001591,Borealis Group,events,2026-03-03,2026-03-03,153.69,M11
AP003951,Onyx Trading,events,2025-08-01,2025-08-04,91.8,M09
AP004973,Umber Labs,office,2026-03-21,2026-03-23,124.56,M08
AP003942,Onyx Works,facilities,2026-04-20,2026-04-24,723.76,M01
AP000888,Robert Half,recruiting,2026-01-11,2026-01-14,5874.74,M08
AP004189,Quarry Services,marketing,2026-06-18,2026-06-19,271.99,M10
AP004875,Umber Services,hardware,2026-05-08,2026-05-11,562.64,M01
AP004625,Sable Labs,marketing,2025-08-02,2025-08-04,1052.82,M06
AP005037,Vela Services,software,2026-01-16,2026-01-19,411.36,M05
AP001562,Borealis Industries,facilities,2025-10-17,2025-10-17,267.73,M01
AP000644,Figma,software,2026-01-12,2026-01-13,561.56,M03
AP000791,Staples Business,office,2026-04-30,2026-04-30,100.07,M12
AP005846,Northgate Logistics,logistics,2026-04-15,2026-04-16,59640.22,M13
AP003053,Juniper Trading,events,2026-03-18,2026-03-18,46.28,M02
AP000941,Indeed,recruiting,2026-02-03,2026-02-04,707.69,M11
AP000360,Amazon Web Services,infrastructure,2026-05-19,2026-05-19,2537.87,M10
AP004222,Quarry Consulting,office,2026-04-12,2026-04-13,396.85,M01
AP002779,Inlet Consulting,marketing,2025-12-07,2025-12-09,380.82,M04
AP004681,Tundra Supply,logistics,2025-10-19,2025-10-23,513.24,M09
AP003158,Keystone Partners,hardware,2025-11-14,2025-11-14,514.64,M12
AP001674,Cinder Services,facilities,2025-10-02,2025-10-03,435.6,M06
AP003140,Keystone Consulting,logistics,2026-02-19,2026-02-19,208.85,M06
AP001573,Borealis Industries,facilities,2026-05-30,2026-06-01,299.64,M11
AP000879,Robert Half,recruiting,2025-11-12,2025-11-13,6023.61,M01
AP003769,Nimbus Works,software,2026-01-28,2026-02-02,107.72,M06
AP001725,Cinder Consulting,marketing,2026-04-30,2026-05-01,525.71,M07
AP004773,Tundra Industries,software,2026-02-06,2026-02-09,895.74,M03
AP002689,Harbor Works,hardware,2026-01-31,2026-02-04,1584.47,M08
AP001081,Apex Print Media,marketing,2025-09-05,2025-09-08,722.83,M12
AP002634,Harbor Industries,events,2025-07-08,2025-07-08,174.77,M12
AP003428,Loom Trading,hardware,2026-03-29,2026-04-02,759.87,M14
AP005461,Yonder Industries,marketing,2025-08-13,2025-08-18,62.66,M14
AP002615,Harbor Partners,software,2025-09-20,2025-09-22,212.48,M02
AP003733,Nimbus Group,logistics,2026-04-01,2026-04-06,218.38,M13
AP002480,Gable Group,office,2025-11-13,2025-11-17,155.54,M13
AP003506,Mosaic Consulting,facilities,2026-05-12,2026-05-14,186.26,M14
AP000827,Uline,office,2025-12-16,2025-12-19,225.28,M09
AP003546,Mosaic Industries,professional_services,2026-05-04,2026-05-06,1012.66,M10
AP000081,Amazon Web Services,infrastructure,2025-09-24,2025-09-24,1156.99,M10
AP002109,Ember Industries,office,2026-01-27,2026-01-29,211.9,M13
AP002898,Juniper Supply,events,2025-11-29,2025-12-01,300.99,M08
AP002492,Gable Group,office,2026-04-28,2026-04-29,32.21,M10
AP003638,Nimbus Services,software,2025-10-17,2025-10-20,197.59,M10
AP003946,Onyx Works,facilities,2026-05-29,2026-06-02,1425.28,M14
AP003507,Mosaic Consulting,facilities,2026-04-30,2026-05-04,100.51,M10
AP002653,Harbor Group,logistics,2025-10-23,2025-10-27,748.44,M12
AP002851,Inlet Works,facilities,2025-11-23,2025-11-27,545.79,M02
AP002516,Gable Works,office,2026-04-24,2026-04-27,152.97,M02
AP002378,Gable Supply,office,2025-09-05,2025-09-08,70.71,M02
AP001782,Cinder Labs,marketing,2025-07-27,2025-07-30,607.58,M11
AP003810,Onyx Services,logistics,2025-08-03,2025-08-07,864.27,M09
AP002608,Harbor Consulting,marketing,2026-05-21,2026-05-25,292.27,M13
AP003838,Onyx Solutions,software,2026-02-12,2026-02-16,114.2,M01
AP000389,Amazon Web Services,infrastructure,2026-06-07,2026-06-11,5180.75,M08
AP000143,Amazon Web Services,infrastructure,2025-10-18,2025-10-22,306.12,M14
AP000563,Salesforce,software,2025-09-05,2025-09-08,2699.84,M02
AP003377,Loom Group,events,2026-05-08,2026-05-11,1217.92,M10
AP005015,Vela Supply,facilities,2025-08-02,2025-08-04,1583.32,M01
AP003279,Loom Services,professional_services,2025-07-14,2025-07-16,58.05,M03
AP005460,Yonder Industries,marketing,2025-08-13,2025-08-14,279.3,M02
AP001487,Borealis Services,hardware,2025-12-29,2025-12-31,742.28,M01
AP003151,Keystone Partners,hardware,2025-07-01,2025-07-02,248.74,M04
AP003139,Keystone Consulting,logistics,2026-01-12,2026-01-14,255.57,M02
AP004835,Tundra Trading,facilities,2025-09-11,2025-09-12,115.15,M03
AP000948,Indeed,recruiting,2026-05-07,2026-05-11,2894.06,M03
AP001982,Dockside Works,software,2025-12-29,2026-01-02,517.6,M12
AP004131,Prairie Trading,professional_services,2025-09-26,2025-09-29,416.14,M01
AP000477,Snowflake,infrastructure,2026-03-20,2026-03-23,2686.76,M11
AP002453,Gable Partners,marketing,2026-02-09,2026-02-11,315.33,M11
AP001040,Global Catering Co,events,2026-01-12,2026-01-13,328.54,M07
AP001461,Borealis Supply,marketing,2025-11-07,2025-11-07,328.53,M03
AP004761,Tundra Partners,office,2026-04-10,2026-04-13,463.09,M06
AP002748,Inlet Services,software,2026-03-02,2026-03-03,136.51,M01
AP005228,Wharf Solutions,office,2025-12-18,2025-12-22,87.32,M12
AP003338,Loom Partners,professional_services,2025-12-29,2025-12-30,234.18,M03
AP001542,Borealis Partners,software,2025-12-22,2025-12-23,121.41,M05
AP001034,Global Catering Co,events,2025-11-11,2025-11-17,244.66,M05
AP005428,Yonder Consulting,professional_services,2025-11-07,2025-11-10,1615.57,M02
AP001015,Global Catering Co,events,2025-07-17,2025-07-18,1024.78,M01
AP002953,Juniper Consulting,office,2026-04-05,2026-04-09,114.97,M08
AP005216,Wharf Services,professional_services,2026-05-27,2026-05-29,625.31,M10
AP001509,Borealis Solutions,marketing,2026-01-06,2026-01-12,1923.68,M03
AP002655,Harbor Group,logistics,2025-12-24,2025-12-29,312.82,M05
AP001569,Borealis Industries,facilities,2026-05-10,2026-05-11,301.23,M10
AP001739,Cinder Partners,events,2026-04-10,2026-04-10,1607.54,M13
AP005487,Yonder Group,hardware,2025-12-17,2025-12-17,753.65,M12
AP001108,Apex Print Media,marketing,2026-05-18,2026-05-22,1837.45,M02
AP004361,Rampart Services,logistics,2025-12-16,2025-12-16,839.57,M10
AP005507,Yonder Labs,facilities,2025-10-14,2025-10-14,256.94,M13
AP000862,Robert Half,recruiting,2025-09-10,2025-09-15,2778.91,M05
AP001557,Borealis Industries,facilities,2025-07-27,2025-07-30,304.73,M08
AP004441,Rampart Industries,facilities,2026-04-01,2026-04-02,109.71,M12
AP001294,Acme Supply,software,2026-04-19,2026-04-23,1969.47,M06
AP004856,Umber Supply,facilities,2026-01-02,2026-01-06,1116.2,M13
AP003992,Prairie Services,logistics,2026-04-28,2026-05-04,120.1,M12
AP005713,Zephyr Works,logistics,2025-11-19,2025-11-19,332.11,M11
AP005050,Vela Solutions,software,2025-08-03,2025-08-05,230.29,M11
AP002826,Inlet Labs,facilities,2025-07-25,2025-07-29,242.86,M11
AP002207,Fulcrum Supply,marketing,2025-11-14,2025-11-17,387.94,M05
AP003658,Nimbus Solutions,facilities,2025-09-19,2025-09-22,194.79,M07
AP003336,Loom Partners,professional_services,2025-12-24,2025-12-26,144.65,M09
AP004903,Umber Consulting,software,2025-12-09,2025-12-15,1713.28,M03
AP001031,Global Catering Co,events,2025-10-13,2025-10-14,2681.73,M01
AP002697,Harbor Works,hardware,2026-05-23,2026-05-25,482.14,M03
AP004689,Tundra Supply,logistics,2026-05-18,2026-05-19,389.92,M05
AP002927,Juniper Solutions,facilities,2025-12-31,2025-12-31,845.81,M13
AP003789,Nimbus Trading,software,2026-04-13,2026-04-17,157.88,M01
AP005830,Northgate Logistics,logistics,2026-01-03,2026-01-07,769.38,M03
AP001665,Cinder Supply,events,2026-03-13,2026-03-13,39.09,M14
AP004146,Prairie Trading,professional_services,2026-04-03,2026-04-03,357.3,M09
AP001609,Borealis Labs,logistics,2026-01-15,2026-01-19,74.95,M04
AP003417,Loom Trading,hardware,2025-11-20,2025-11-24,321.5,M13
AP005515,Yonder Labs,facilities,2026-03-25,2026-03-30,799.54,M12
AP000060,Amazon Web Services,infrastructure,2025-08-15,2025-08-18,1464.58,M07
AP000007,Amazon Web Services,infrastructure,2025-07-23,2025-07-24,371.35,M10
AP005658,Zephyr Industries,logistics,2025-11-07,2025-11-10,3855.18,M08
AP001694,Cinder Solutions,office,2025-10-04,2025-10-08,231.3,M08
AP005733,Zephyr Trading,logistics,2026-01-13,2026-01-16,162.83,M04
AP005837,Northgate Logistics,logistics,2025-11-06,2025-11-06,364.47,M11
AP002812,Inlet Industries,professional_services,2026-06-09,2026-06-10,849.53,M12
AP000843,Uline,office,2026-04-27,2026-05-01,179.65,M11
AP003303,Loom Solutions,professional_services,2025-11-24,2025-11-24,352.8,M02
AP000400,Amazon Web Services,infrastructure,2026-06-04,2026-06-04,1344.24,M09
AP004741,Tundra Consulting,office,2026-01-08,2026-01-12,316.38,M12
AP005726,Zephyr Works,logistics,2026-06-15,2026-06-15,590.1,M09
AP004521,Sable Supply,software,2025-08-30,2025-09-03,511.82,M06
AP002809,Inlet Industries,professional_services,2026-03-03,2026-03-04,467.74,M05
AP003521,Mosaic Partners,hardware,2025-10-31,2025-11-03,361.05,M13
AP000694,Iron Mountain,facilities,2025-12-25,2025-12-29,519.06,M13
AP003595,Mosaic Works,marketing,2026-03-17,2026-03-20,712.42,M13
AP000600,Atlassian,software,2025-08-16,2025-08-18,2159.6,M13
AP001193,CDW,hardware,2025-07-16,2025-07-16,2325.65,M05
AP005828,Northgate Logistics,logistics,2025-11-01,2025-11-04,860.83,M14
AP000914,Robert Half,recruiting,2026-06-18,2026-06-22,2788.32,M06
AP002438,Gable Consulting,facilities,2026-04-23,2026-04-23,829.51,M01
AP000483,Snowflake,infrastructure,2026-04-10,2026-04-14,3422.81,M14
AP000604,Atlassian,software,2025-08-31,2025-09-01,715.23,M03
AP004861,Umber Supply,facilities,2026-04-13,2026-04-14,498.15,M13
AP001136,Meridian Travel,travel,2025-10-02,2025-10-02,286.22,M04
AP004920,Umber Partners,facilities,2025-09-22,2025-09-23,1095.07,M07
AP005338,Wharf Works,professional_services,2025-12-22,2025-12-24,160.68,M12
AP001395,Acme Industries,facilities,2026-06-15,2026-06-19,174.99,M05
AP003025,Juniper Works,events,2025-08-12,2025-08-15,558.04,M01
AP001835,Dockside Supply,events,2025-08-08,2025-08-11,1303.97,M04
AP002747,Inlet Services,software,2025-12-08,2025-12-10,262.04,M13
AP001284,Acme Supply,software,2025-10-11,2025-10-13,412.68,M05
AP002462,Gable Industries,office,2025-11-03,2025-11-07,272.55,M13
AP005596,Zephyr Services,professional_services,2026-05-08,2026-05-08,357.67,M01
AP005115,Vela Industries,hardware,2026-06-20,2026-06-22,220.78,M05
AP001099,Apex Print Media,marketing,2026-01-21,2026-01-22,687.84,M08
AP001723,Cinder Consulting,marketing,2026-03-30,2026-03-30,358.32,M13
AP000916,Robert Half,recruiting,2026-06-12,2026-06-15,3768.46,M08
AP002924,Juniper Solutions,facilities,2025-11-21,2025-11-24,41.04,M07
AP004216,Quarry Consulting,office,2025-12-23,2025-12-26,230.93,M04
AP000841,Uline,office,2026-04-05,2026-04-06,606.3,M14
AP001784,Cinder Labs,marketing,2025-08-06,2025-08-08,374.18,M06
AP000659,WeWork,facilities,2025-07-15,2025-07-17,6518.78,M04
AP000233,Amazon Web Services,infrastructure,2026-01-20,2026-01-26,1120.8,M14
AP005332,Wharf Works,professional_services,2025-09-12,2025-09-15,188.25,M13
AP000141,Amazon Web Services,infrastructure,2025-10-11,2025-10-13,592.23,M14
AP003381,Loom Labs,events,2025-07-16,2025-07-16,131.52,M10
AP001872,Dockside Solutions,professional_services,2025-09-21,2025-09-22,349.28,M05
AP002473,Gable Group,office,2025-09-20,2025-09-23,919.15,M04
AP002992,Juniper Industries,events,2025-10-25,2025-10-29,1090.03,M11
AP000796,Staples Business,office,2026-06-04,2026-06-08,90.49,M12
AP002402,Gable Services,hardware,2026-03-09,2026-03-13,319.48,M01
AP001519,Borealis Consulting,facilities,2025-09-17,2025-09-22,761.6,M14
AP002778,Inlet Consulting,marketing,2025-11-17,2025-11-18,938.01,M09
AP002157,Ember Works,hardware,2025-07-27,2025-07-29,256.15,M06
AP000124,Amazon Web Services,infrastructure,2025-10-20,2025-10-24,6168.76,M11
AP001697,Cinder Solutions,office,2025-12-20,2025-12-23,503.38,M06
AP002318,Fulcrum Group,professional_services,2025-10-25,2025-10-28,707.9,M10
AP005186,Wharf Supply,professional_services,2025-09-09,2025-09-10,273.59,M08
AP005660,Zephyr Industries,logistics,2026-01-07,2026-01-12,244.66,M13
AP002585,Harbor Solutions,logistics,2026-02-01,2026-02-04,159.43,M14
AP003688,Nimbus Consulting,office,2026-05-16,2026-05-19,309.99,M11
AP000327,Amazon Web Services,infrastructure,2026-04-20,2026-04-23,1046.19,M03
AP000453,Snowflake,infrastructure,2025-10-30,2025-10-31,4237.72,M09
AP004901,Umber Consulting,software,2025-11-14,2025-11-14,1811.69,M03
AP004118,Prairie Works,office,2026-01-21,2026-01-26,307.57,M01
AP000128,Amazon Web Services,infrastructure,2025-10-15,2025-10-20,3504.7,M14
AP002719,Inlet Supply,logistics,2025-07-07,2025-07-10,645.78,M07
AP003209,Keystone Labs,facilities,2026-06-09,2026-06-09,435.78,M03
AP005304,Wharf Group,logistics,2026-01-31,2026-02-02,537.72,M03
AP000819,Uline,office,2025-11-21,2025-11-25,344.49,M10
AP004029,Prairie Consulting,hardware,2026-04-01,2026-04-06,362.54,M01
AP003153,Keystone Partners,hardware,2025-09-22,2025-09-22,763.75,M02
AP003262,Loom Supply,professional_services,2025-09-04,2025-09-05,282.04,M08
AP003481,Mosaic Solutions,events,2026-03-02,2026-03-05,341.54,M08
AP001862,Dockside Services,logistics,2026-05-12,2026-05-18,88.77,M03
AP004060,Prairie Industries,marketing,2025-10-31,2025-11-03,56.81,M08
AP002405,Gable Services,hardware,2026-04-08,2026-04-10,212.28,M08
AP003195,Keystone Group,facilities,2026-01-24,2026-01-26,155.88,M14
AP003228,Keystone Works,professional_services,2026-01-31,2026-02-03,87.34,M04
AP000070,Amazon Web Services,infrastructure,2025-08-21,2025-08-25,176.55,M05
AP003864,Onyx Partners,software,2026-03-09,2026-03-09,804.89,M13
AP004094,Prairie Labs,office,2025-11-14,2025-11-14,392.47,M12
AP001823,Cinder Trading,marketing,2025-11-12,2025-11-13,217.57,M05
AP004083,Prairie Group,hardware,2026-03-11,2026-03-16,771.6,M10
AP004027,Prairie Consulting,hardware,2026-03-05,2026-03-09,1326.04,M04
AP002544,Harbor Supply,logistics,2025-12-17,2025-12-22,2238.53,M12
AP003463,Mosaic Services,facilities,2025-12-25,2025-12-25,276.07,M09
AP003993,Prairie Services,logistics,2026-06-21,2026-06-22,108.75,M03
AP001069,Global Catering Co,events,2026-06-06,2026-06-08,1551.46,M04
AP002897,Juniper Supply,events,2025-11-03,2025-11-05,905.01,M06
AP004829,Tundra Works,events,2026-03-18,2026-03-20,789.88,M05
AP004995,Umber Trading,professional_services,2025-07-09,2025-07-14,531.39,M11
AP000980,Wilson Sonsini,legal,2026-05-15,2026-05-18,8556.4,M04
AP002700,Harbor Trading,software,2025-07-02,2025-07-03,79.52,M03
AP002075,Ember Consulting,marketing,2026-03-05,2026-03-09,155.37,M09
AP002401,Gable Services,hardware,2026-03-13,2026-03-16,4185.52,M07
AP002849,Inlet Works,facilities,2025-11-19,2025-11-24,270.9,M07
AP003087,Keystone Services,office,2025-11-24,2025-11-24,433.24,M01
AP001215,CDW,hardware,2025-12-04,2025-12-08,2378.01,M13
AP003045,Juniper Trading,events,2025-08-14,2025-08-18,78.97,M02
AP005341,Wharf Works,professional_services,2026-01-23,2026-01-23,615.11,M02
AP004468,Rampart Labs,office,2025-11-21,2025-11-25,270.03,M05
AP001633,Borealis Works,hardware,2026-05-17,2026-05-19,1914.77,M12
AP004781,Tundra Industries,software,2026-06-12,2026-06-16,82.03,M08
AP000191,Amazon Web Services,infrastructure,2025-12-15,2025-12-17,2285.99,M09
AP003113,Keystone Solutions,events,2026-01-31,2026-02-02,107.05,M14
AP004853,Umber Supply,facilities,2025-12-05,2025-12-05,239.34,M04
AP000017,Amazon Web Services,infrastructure,2025-07-22,2025-07-22,1396.52,M01
AP003990,Prairie Services,logistics,2026-05-04,2026-05-06,311.52,M10
AP002539,Harbor Supply,logistics,2025-10-13,2025-10-17,34.68,M08
AP001472,Borealis Supply,marketing,2026-03-07,2026-03-09,357.63,M10
AP000545,Datadog,infrastructure,2026-04-04,2026-04-08,5946.4,M10
AP000113,Amazon Web Services,infrastructure,2025-10-16,2025-10-17,1822.19,M01
AP004261,Quarry Industries,logistics,2026-01-03,2026-01-07,275.06,M04
AP000734,Staples Business,office,2025-10-18,2025-10-21,112.1,M09
AP003610,Mosaic Trading,office,2026-03-19,2026-03-19,598.6,M06
AP005786,Northgate Logistics,logistics,2026-03-17,2026-03-19,987.9,M14
AP004322,Quarry Works,logistics,2026-06-11,2026-06-11,231.3,M12
AP001394,Acme Industries,facilities,2026-04-30,2026-05-01,202.07,M11
AP000281,Amazon Web Services,infrastructure,2026-03-13,2026-03-16,1388.38,M05
AP005687,Zephyr Group,logistics,2026-04-18,2026-04-22,409.01,M09
AP003717,Nimbus Group,logistics,2025-08-01,2025-08-01,514.11,M12
AP004709,Tundra Solutions,facilities,2025-10-02,2025-10-06,280.25,M09
AP001534,Borealis Consulting,facilities,2026-05-18,2026-05-20,76.22,M04
AP004184,Quarry Services,marketing,2026-03-21,2026-03-23,112.76,M04
AP000580,Salesforce,software,2026-01-08,2026-01-08,3676.62,M01
AP003766,Nimbus Works,software,2026-01-01,2026-01-02,260.66,M09
AP003388,Loom Labs,events,2025-11-28,2025-12-02,203.49,M14
AP004168,Quarry Supply,hardware,2026-05-16,2026-05-18,1005.79,M06
AP000305,Amazon Web Services,infrastructure,2026-03-10,2026-03-11,6859.59,M06
AP000641,Figma,software,2025-11-24,2025-11-24,709.25,M04
AP005552,Yonder Trading,office,2025-11-05,2025-11-10,721.39,M13
AP000921,Indeed,recruiting,2025-07-28,2025-07-28,1984.07,M01
AP004623,Sable Labs,marketing,2025-07-17,2025-07-21,47.9,M12
AP003412,Loom Works,facilities,2026-06-22,2026-06-23,276.06,M11
AP003442,Mosaic Supply,hardware,2026-02-19,2026-02-19,70.48,M06
AP000138,Amazon Web Services,infrastructure,2025-10-18,2025-10-21,5492.93,M14
AP002313,Fulcrum Group,professional_services,2025-07-16,2025-07-17,175.25,M06
AP004525,Sable Supply,software,2026-01-18,2026-01-22,471.92,M06
AP000705,Iron Mountain,facilities,2026-06-20,2026-06-22,276.15,M05
AP004638,Sable Labs,marketing,2026-05-11,2026-05-15,256.65,M09
AP000097,Amazon Web Services,infrastructure,2025-09-15,2025-09-18,1552.94,M14
AP005382,Yonder Services,facilities,2025-07-17,2025-07-17,641.94,M05
AP005052,Vela Solutions,software,2025-11-13,2025-11-17,478.86,M09
AP004015,Prairie Consulting,hardware,2025-07-04,2025-07-07,837.69,M10
AP000672,WeWork,facilities,2026-01-02,2026-01-02,8658.95,M09
AP002936,Juniper Solutions,facilities,2026-06-11,2026-06-15,671.64,M03
AP004062,Prairie Industries,marketing,2025-11-04,2025-11-05,1112.67,M05
AP001459,Borealis Supply,marketing,2025-09-14,2025-09-15,869.73,M01
AP000811,Uline,office,2025-08-31,2025-09-03,366.69,M14
AP001895,Dockside Consulting,office,2026-01-24,2026-01-27,477.01,M09
AP003137,Keystone Consulting,logistics,2025-12-16,2025-12-18,246.87,M10
AP001773,Cinder Group,office,2026-03-16,2026-03-16,114.7,M13
AP005560,Yonder Trading,office,2026-03-16,2026-03-16,64.09,M11
AP004192,Quarry Solutions,office,2025-07-11,2025-07-14,513.74,M03
AP000192,Amazon Web Services,infrastructure,2025-12-04,2025-12-08,3060.42,M04
AP003620,Nimbus Supply,hardware,2025-10-23,2025-10-27,241.42,M05
AP005820,Northgate Logistics,logistics,2025-07-11,2025-07-14,52851.72,M08
AP000805,Uline,office,2025-07-26,2025-07-29,276.88,M13
AP003632,Nimbus Supply,hardware,2026-05-30,2026-06-01,1234.82,M07
AP003941,Onyx Works,facilities,2026-03-09,2026-03-09,271.3,M12
AP002760,Inlet Solutions,logistics,2025-10-01,2025-10-06,184.25,M08
AP001317,Acme Solutions,software,2025-10-11,2025-10-15,516.39,M03
AP000541,Datadog,infrastructure,2026-03-31,2026-04-06,1822.76,M02
AP003322,Loom Consulting,marketing,2026-03-03,2026-03-09,438.96,M02
AP001211,CDW,hardware,2025-11-08,2025-11-11,5692.76,M04
AP000202,Amazon Web Services,infrastructure,2025-12-25,2025-12-29,2219.4,M01
AP001791,Cinder Labs,marketing,2025-11-22,2025-11-26,670.12,M10
AP005208,Wharf Services,professional_services,2025-11-05,2025-11-10,560.53,M02
AP005535,Yonder Works,office,2026-01-31,2026-02-02,172.08,M11
AP000882,Robert Half,recruiting,2025-12-20,2025-12-23,9018.78,M10
AP004517,Sable Supply,software,2025-07-15,2025-07-21,380.97,M13
AP005279,Wharf Partners,professional_services,2026-05-28,2026-06-01,522.3,M12
AP003854,Onyx Consulting,events,2026-02-21,2026-02-24,115.64,M04
AP005028,Vela Supply,facilities,2026-03-22,2026-03-23,141.13,M10
AP000619,Atlassian,software,2026-02-01,2026-02-03,1421.49,M10
AP001173,Meridian Travel,travel,2026-03-19,2026-03-23,340.49,M04
AP000813,Uline,office,2025-09-03,2025-09-05,181.77,M02
AP003887,Onyx Industries,facilities,2026-04-21,2026-04-24,81.99,M02
AP005303,Wharf Group,logistics,2025-11-19,2025-11-19,702.65,M14
AP001630,Borealis Works,hardware,2026-03-09,2026-03-12,306.01,M02
AP000029,Amazon Web Services,infrastructure,2025-07-15,2025-07-16,2502.22,M01
AP005386,Yonder Services,facilities,2025-10-10,2025-10-13,244.44,M08
AP004394,Rampart Consulting,professional_services,2025-11-20,2025-11-24,84.91,M13
AP005291,Wharf Industries,professional_services,2026-03-19,2026-03-23,224.93,M03
AP003370,Loom Group,events,2025-11-10,2025-11-14,214.48,M05
AP001709,Cinder Consulting,marketing,2025-08-09,2025-08-11,346.88,M04
AP001307,Acme Services,facilities,2025-11-30,2025-12-03,288.68,M10
AP003771,Nimbus Works,software,2026-03-16,2026-03-16,1430.03,M09
AP000256,Amazon Web Services,infrastructure,2026-02-01,2026-02-03,1513.0,M06
AP000797,Staples Business,office,2026-06-01,2026-06-03,39.85,M14
AP004339,Rampart Supply,software,2025-11-18,2025-11-24,364.5,M06
AP004177,Quarry Services,marketing,2025-09-12,2025-09-16,70.97,M10
AP000488,Snowflake,infrastructure,2026-05-15,2026-05-18,5145.24,M08
AP003472,Mosaic Solutions,events,2025-09-13,2025-09-15,367.27,M09
AP003157,Keystone Partners,hardware,2025-11-15,2025-11-17,469.91,M09
AP005711,Zephyr Works,logistics,2025-07-16,2025-07-16,468.82,M03
AP000250,Amazon Web Services,infrastructure,2026-01-28,2026-01-30,2488.33,M03
AP005368,Wharf Trading,hardware,2026-06-20,2026-06-22,868.09,M12
AP000321,Amazon Web Services,infrastructure,2026-04-05,2026-04-06,975.93,M10
AP002724,Inlet Supply,logistics,2025-11-16,2025-11-17,1243.25,M04
AP003670,Nimbus Solutions,facilities,2026-05-15,2026-05-18,175.91,M12
AP002239,Fulcrum Solutions,hardware,2025-09-14,2025-09-18,712.88,M10
AP005926,Loom Trading,hardware,2025-10-26,2025-11-01,524.05,M12
AP001102,Apex Print Media,marketing,2026-03-07,2026-03-09,2299.5,M12
AP002173,Ember Works,hardware,2026-05-14,2026-05-18,660.52,M07
AP000865,Robert Half,recruiting,2025-08-31,2025-09-02,7396.22,M14
AP003519,Mosaic Partners,hardware,2025-10-01,2025-10-02,579.87,M08
AP003307,Loom Solutions,professional_services,2025-12-24,2025-12-24,328.76,M10
AP003866,Onyx Partners,software,2026-04-21,2026-04-24,619.36,M02
AP002513,Gable Works,office,2026-01-17,2026-01-19,444.53,M08
AP005164,Vela Trading,facilities,2025-09-17,2025-09-17,1128.18,M03
AP003079,Keystone Services,office,2025-07-28,2025-07-29,56.09,M11
AP002267,Fulcrum Consulting,professional_services,2025-11-03,2025-11-05,703.93,M09
AP003143,Keystone Consulting,logistics,2026-03-21,2026-03-25,670.24,M14
AP002098,Ember Partners,events,2026-05-09,2026-05-12,43.8,M01
AP002080,Ember Partners,events,2025-08-20,2025-08-20,333.9,M06
AP001776,Cinder Group,office,2026-03-30,2026-04-03,924.86,M08
AP002714,Harbor Trading,software,2026-05-05,2026-05-05,816.93,M14
AP005674,Zephyr Group,logistics,2025-10-05,2025-10-09,328.81,M04
AP003038,Juniper Works,events,2026-03-08,2026-03-09,123.23,M10
AP000504,Datadog,infrastructure,2025-08-03,2025-08-07,2231.15,M14
AP003408,Loom Works,facilities,2026-05-22,2026-05-26,401.53,M11
AP001686,Cinder Services,facilities,2026-05-16,2026-05-19,1044.82,M10
AP000235,Amazon Web Services,infrastructure,2025-12-31,2026-01-02,3163.4,M04
AP002605,Harbor Consulting,marketing,2026-02-15,2026-02-16,225.67,M13
AP004417,Rampart Partners,logistics,2026-01-14,2026-01-14,263.86,M05
AP003737,Nimbus Labs,professional_services,2025-08-22,2025-08-26,810.44,M05
AP004380,Rampart Solutions,professional_services,2026-01-29,2026-02-02,275.1,M03
AP005117,Vela Industries,hardware,2026-06-09,2026-06-10,252.43,M11
AP002679,Harbor Works,hardware,2025-08-31,2025-09-01,156.61,M10
AP002331,Fulcrum Labs,software,2025-09-16,2025-09-22,255.59,M08
AP003283,Loom Services,professional_services,2025-12-19,2025-12-22,378.31,M02
AP003572,Mosaic Labs,hardware,2025-08-22,2025-08-25,151.81,M06
AP001655,Cinder Supply,events,2025-09-02,2025-09-05,186.72,M04
AP000262,Amazon Web Services,infrastructure,2026-01-28,2026-01-30,5871.72,M05
AP004333,Rampart Supply,software,2025-07-11,2025-07-15,162.06,M10
AP003895,Onyx Group,office,2025-07-17,2025-07-18,51.5,M01
AP003934,Onyx Works,facilities,2025-10-15,2025-10-17,385.52,M08
AP000428,Snowflake,infrastructure,2025-07-11,2025-07-11,13038.13,M13
AP005179,Vela Trading,facilities,2026-05-24,2026-05-25,488.6,M06
AP003631,Nimbus Supply,hardware,2026-06-19,2026-06-22,398.59,M08
AP001915,Dockside Partners,facilities,2025-11-18,2025-11-19,817.54,M03
AP003518,Mosaic Partners,hardware,2025-10-23,2025-10-27,640.81,M01
AP000154,Amazon Web Services,infrastructure,2025-11-24,2025-11-27,798.42,M12
AP003663,Nimbus Solutions,facilities,2025-12-14,2025-12-18,229.78,M01
AP001481,Borealis Services,hardware,2025-09-24,2025-09-26,986.33,M04
AP003420,Loom Trading,hardware,2026-01-22,2026-01-26,1228.87,M11
AP005013,Umber Trading,professional_services,2026-05-20,2026-05-20,230.76,M01
AP005289,Wharf Industries,professional_services,2026-01-04,2026-01-05,536.26,M10
AP005205,Wharf Services,professional_services,2025-10-16,2025-10-17,195.9,M01
AP004447,Rampart Group,professional_services,2025-08-23,2025-08-26,738.68,M08
AP004252,Quarry Industries,logistics,2025-09-29,2025-09-30,241.26,M05
AP000073,Amazon Web Services,infrastructure,2025-09-22,2025-09-24,2228.97,M03
AP004416,Rampart Partners,logistics,2026-01-21,2026-01-26,2228.37,M03
AP001508,Borealis Solutions,marketing,2026-01-14,2026-01-19,155.66,M10
AP001203,CDW,hardware,2025-10-17,2025-10-20,898.25,M08
AP000096,Amazon Web Services,infrastructure,2025-09-03,2025-09-05,1251.25,M14
AP001435,Acme Works,professional_services,2025-10-26,2025-10-27,232.37,M02
AP001946,Dockside Group,hardware,2025-10-29,2025-10-31,158.46,M09
AP000293,Amazon Web Services,infrastructure,2026-03-16,2026-03-16,1087.56,M10
AP001334,Acme Consulting,facilities,2025-08-05,2025-08-06,138.74,M12
AP000800,Staples Business,office,2026-06-03,2026-06-03,103.3,M06
AP002519,Gable Works,office,2026-04-29,2026-04-29,490.34,M05
AP002125,Ember Group,events,2025-12-29,2026-01-02,2440.63,M10
AP000665,WeWork,facilities,2025-10-09,2025-10-13,6661.36,M03
AP003667,Nimbus Solutions,facilities,2026-02-18,2026-02-23,156.34,M05
AP000436,Snowflake,infrastructure,2025-08-11,2025-08-13,2969.3,M04
AP001497,Borealis Services,hardware,2026-06-23,2026-06-23,402.2,M08
AP005084,Vela Partners,office,2025-09-14,2025-09-17,1581.86,M11
AP002221,Fulcrum Supply,marketing,2026-06-16,2026-06-22,425.5,M13
AP004143,Prairie Trading,professional_services,2026-02-21,2026-02-23,280.53,M09
AP002891,Juniper Supply,events,2025-09-21,2025-09-22,616.7,M10
AP000061,Amazon Web Services,infrastructure,2025-08-04,2025-08-05,747.71,M14
AP001049,Global Catering Co,events,2026-02-19,2026-02-19,336.45,M04
AP004408,Rampart Partners,logistics,2025-07-25,2025-07-28,108.1,M02
AP004469,Rampart Labs,office,2026-01-29,2026-02-02,281.83,M04
AP002863,Inlet Works,facilities,2026-06-06,2026-06-09,227.69,M09
AP004808,Tundra Labs,professional_services,2025-09-03,2025-09-04,380.47,M11
AP005031,Vela Supply,facilities,2026-06-09,2026-06-10,607.46,M01
AP002484,Gable Group,office,2025-12-17,2025-12-19,137.65,M07
AP003522,Mosaic Partners,hardware,2025-11-24,2025-11-24,302.81,M02
AP005064,Vela Consulting,office,2025-07-16,2025-07-18,125.48,M04
AP004834,Tundra Trading,facilities,2025-09-19,2025-09-23,342.45,M06
AP003100,Keystone Solutions,events,2025-09-06,2025-09-10,388.24,M03
AP005468,Yonder Industries,marketing,2025-12-18,2025-12-22,225.22,M09
AP004186,Quarry Services,marketing,2026-05-08,2026-05-12,198.84,M07
AP001457,Acme Trading,office,2026-06-05,2026-06-08,170.62,M12
AP003668,Nimbus Solutions,facilities,2026-04-12,2026-04-15,4501.39,M11
AP002613,Harbor Partners,software,2025-07-31,2025-08-04,714.43,M14
AP002996,Juniper Industries,events,2025-12-25,2025-12-29,204.37,M01
AP002671,Harbor Labs,professional_services,2026-01-29,2026-01-30,490.42,M09
AP001111,Apex Print Media,marketing,2026-05-18,2026-05-18,828.09,M08
AP003708,Nimbus Industries,facilities,2025-12-08,2025-12-10,503.55,M07
AP005447,Yonder Partners,marketing,2025-11-05,2025-11-06,295.81,M02
AP000085,Amazon Web Services,infrastructure,2025-09-01,2025-09-03,2860.54,M10
AP000267,Amazon Web Services,infrastructure,2026-02-23,2026-02-23,757.5,M05
AP001351,Acme Consulting,facilities,2026-03-29,2026-03-30,80.86,M13
AP001920,Dockside Partners,facilities,2026-03-16,2026-03-16,636.63,M03
AP000216,Amazon Web Services,infrastructure,2026-01-11,2026-01-12,1345.53,M13
AP004315,Quarry Works,logistics,2026-02-15,2026-02-16,2606.33,M13
AP000174,Amazon Web Services,infrastructure,2025-12-03,2025-12-05,2095.42,M01
AP003780,Nimbus Trading,software,2025-09-20,2025-09-22,656.48,M10
AP004156,Quarry Supply,hardware,2025-10-17,2025-10-17,666.65,M06
AP000777,Staples Business,office,2026-03-22,2026-03-24,38.24,M04
AP003350,Loom Industries,facilities,2025-08-05,2025-08-06,514.42,M10
AP003082,Keystone Services,office,2025-08-26,2025-08-26,134.34,M13
AP004329,Quarry Trading,logistics,2026-02-18,2026-02-20,139.64,M14
AP003430,Loom Trading,hardware,2026-05-02,2026-05-05,752.79,M13
AP000093,Amazon Web Services,infrastructure,2025-09-06,2025-09-08,3100.23,M11
AP001914,Dockside Partners,facilities,2025-11-14,2025-11-17,539.21,M11
AP005878,Northgate Logistics,logistics,2026-04-07,2026-04-10,771.32,M12
AP003938,Onyx Works,facilities,2025-12-31,2026-01-01,218.51,M02
AP001324,Acme Solutions,software,2025-12-28,2025-12-30,876.28,M11
AP003150,Keystone Consulting,logistics,2026-06-17,2026-06-19,211.53,M12
AP003678,Nimbus Consulting,office,2025-12-13,2025-12-15,206.31,M07
AP005388,Yonder Services,facilities,2025-11-14,2025-11-17,263.15,M11
AP002235,Fulcrum Services,hardware,2026-06-14,2026-06-17,737.81,M01
AP005259,Wharf Partners,professional_services,2025-07-21,2025-07-25,521.01,M03
AP005564,Yonder Trading,office,2026-05-30,2026-06-02,224.52,M07
AP002827,Inlet Labs,facilities,2025-07-22,2025-07-22,82.41,M07
AP003966,Prairie Supply,facilities,2025-08-22,2025-08-26,189.16,M13
AP005509,Yonder Labs,facilities,2025-11-30,2025-12-01,1672.02,M13
AP003423,Loom Trading,hardware,2026-02-08,2026-02-10,571.34,M08
AP000847,Uline,office,2026-05-29,2026-06-01,294.12,M10
AP001240,CDW,hardware,2026-05-12,2026-05-13,2160.87,M13
AP003735,Nimbus Group,logistics,2026-06-18,2026-06-22,335.49,M10
AP001926,Dockside Industries,software,2025-09-10,2025-09-15,331.67,M03
AP003367,Loom Group,events,2025-08-06,2025-08-06,1518.0,M13
AP002234,Fulcrum Services,hardware,2026-05-15,2026-05-18,594.56,M13
AP000279,Amazon Web Services,infrastructure,2026-02-23,2026-02-26,1146.87,M12
AP000333,Amazon Web Services,infrastructure,2026-04-06,2026-04-06,1377.12,M14
AP000623,Atlassian,software,2026-03-25,2026-03-26,535.82,M05
AP001967,Dockside Labs,logistics,2026-02-06,2026-02-06,117.61,M04
AP005396,Yonder Services,facilities,2026-03-18,2026-03-18,214.36,M01
AP001959,Dockside Labs,logistics,2025-10-03,2025-10-03,527.9,M12
AP003119,Keystone Solutions,events,2026-05-11,2026-05-12,395.75,M04
AP000548,Datadog,infrastructure,2026-05-13,2026-05-13,1590.64,M12
AP004363,Rampart Services,logistics,2026-01-08,2026-01-12,1409.77,M02
AP001270,Verizon Business,telecom,2026-03-16,2026-03-19,1143.06,M10
AP003305,Loom Solutions,professional_services,2025-11-11,2025-11-14,412.97,M03
AP005196,Wharf Supply,professional_services,2026-05-09,2026-05-11,846.46,M05
AP004656,Sable Works,office,2026-01-01,2026-01-05,299.64,M06
AP000166,Amazon Web Services,infrastructure,2025-10-30,2025-10-31,1228.22,M12
AP000757,Staples Business,office,2026-01-12,2026-01-15,33.82,M02
AP000280,Amazon Web Services,infrastructure,2026-01-28,2026-02-02,1326.49,M03
AP004343,Rampart Supply,software,2026-03-22,2026-03-23,259.93,M14
AP000068,Amazon Web Services,infrastructure,2025-08-13,2025-08-18,4757.19,M09
AP003601,Mosaic Trading,office,2025-07-23,2025-07-25,498.08,M02
AP003880,Onyx Industries,facilities,2025-12-21,2025-12-22,536.01,M01
AP001667,Cinder Supply,events,2026-04-02,2026-04-02,102.18,M11
AP004429,Rampart Industries,facilities,2025-08-03,2025-08-05,1188.63,M13
AP001614,Borealis Labs,logistics,2026-05-12,2026-05-13,168.83,M01
AP004845,Umber Supply,facilities,2025-07-11,2025-07-14,319.46,M04
AP004325,Quarry Trading,logistics,2025-10-20,2025-10-24,188.78,M05
AP003301,Loom Solutions,professional_services,2025-09-11,2025-09-15,5855.73,M10
AP004673,Sable Trading,hardware,2026-01-10,2026-01-14,2272.1,M02
AP005076,Vela Consulting,office,2026-04-19,2026-04-20,261.9,M07
AP001785,Cinder Labs,marketing,2025-08-19,2025-08-25,109.71,M02
AP000936,Indeed,recruiting,2026-01-04,2026-01-05,1157.12,M09
AP005949,Snowflake,infrastructure,2026-01-11,2026-01-17,3001.44,M09
AP003445,Mosaic Supply,hardware,2026-04-01,2026-04-02,197.1,M02
AP005066,Vela Consulting,office,2025-08-05,2025-08-06,567.88,M12
AP000591,Salesforce,software,2026-05-13,2026-05-18,3632.59,M05
AP002146,Ember Labs,software,2025-12-21,2025-12-22,146.92,M04
AP002865,Inlet Trading,hardware,2025-07-10,2025-07-10,79.97,M04
AP001594,Borealis Group,events,2026-04-07,2026-04-08,179.1,M03
AP005038,Vela Services,software,2026-02-09,2026-02-10,1715.62,M06
AP003914,Onyx Group,office,2026-06-22,2026-06-24,917.9,M07
AP003142,Keystone Consulting,logistics,2026-02-15,2026-02-19,173.64,M09
AP001253,Verizon Business,telecom,2025-08-20,2025-08-21,733.34,M10
AP003192,Keystone Group,facilities,2025-12-23,2025-12-23,2876.33,M06
AP001366,Acme Partners,marketing,2026-01-08,2026-01-12,1229.65,M06
AP001884,Dockside Consulting,office,2025-07-14,2025-07-16,2088.92,M12
AP003104,Keystone Solutions,events,2025-10-20,2025-10-23,149.61,M12
AP005324,Wharf Works,professional_services,2025-07-04,2025-07-07,112.72,M07
AP002652,Harbor Group,logistics,2025-10-01,2025-10-02,105.52,M05
AP005313,Wharf Group,logistics,2026-06-18,2026-06-22,314.11,M04
AP003120,Keystone Solutions,events,2026-05-31,2026-06-01,162.71,M11
AP004743,Tundra Consulting,office,2026-02-10,2026-02-10,953.69,M01
AP004917,Umber Partners,facilities,2025-08-12,2025-08-12,317.82,M08
AP004258,Quarry Industries,logistics,2025-12-06,2025-12-08,90.81,M12
AP002178,Ember Trading,hardware,2025-07-17,2025-07-18,58.77,M07
AP005260,Wharf Partners,professional_services,2025-08-11,2025-08-13,524.98,M06
AP001195,CDW,hardware,2025-08-13,2025-08-18,221.29,M01
AP005262,Wharf Partners,professional_services,2025-09-14,2025-09-15,26.58,M04
AP000297,Amazon Web Services,infrastructure,2026-03-08,2026-03-09,1001.03,M08
AP001256,Verizon Business,telecom,2025-10-11,2025-10-13,1643.95,M12
AP002498,Gable Labs,software,2025-12-31,2026-01-01,830.54,M04
AP001170,Meridian Travel,travel,2026-03-09,2026-03-12,773.53,M04
AP001738,Cinder Partners,events,2026-04-04,2026-04-08,381.34,M07
AP005203,Wharf Services,professional_services,2025-09-22,2025-09-26,110.88,M12
AP005062,Vela Solutions,software,2026-05-24,2026-05-25,434.57,M08
AP001886,Dockside Consulting,office,2025-08-07,2025-08-11,881.49,M12
AP004532,Sable Services,logistics,2025-08-16,2025-08-18,1879.62,M06
AP005787,Northgate Logistics,logistics,2025-11-26,2025-11-28,12699.96,M07
AP001065,Global Catering Co,events,2026-05-13,2026-05-15,410.47,M02
AP000265,Amazon Web Services,infrastructure,2026-02-03,2026-02-06,4669.82,M11
AP002822,Inlet Group,events,2026-04-04,2026-04-08,710.55,M06
AP001393,Acme Industries,facilities,2026-05-11,2026-05-12,496.71,M09
AP002763,Inlet Solutions,logistics,2025-11-04,2025-11-04,148.58,M12
AP000802,Staples Business,office,2026-06-23,2026-06-23,246.7,M04
AP000244,Amazon Web Services,infrastructure,2026-01-19,2026-01-19,2581.44,M10
AP002808,Inlet Industries,professional_services,2026-03-24,2026-03-27,670.31,M13
AP003998,Prairie Solutions,events,2025-08-14,2025-08-18,236.51,M05
AP004421,Rampart Partners,logistics,2026-04-27,2026-04-29,527.99,M02
AP003819,Onyx Services,logistics,2026-03-12,2026-03-16,73.97,M10
AP004945,Umber Industries,office,2026-06-05,2026-06-08,181.52,M11
AP002737,Inlet Supply,logistics,2026-06-19,2026-06-22,503.97,M09
AP004576,Sable Consulting,professional_services,2026-05-13,2026-05-18,904.47,M06
AP000844,Uline,office,2026-04-30,2026-04-30,77.29,M08
AP001567,Borealis Industries,facilities,2026-03-14,2026-03-17,145.44,M12
AP000500,Datadog,infrastructure,2025-07-04,2025-07-07,5950.98,M01
AP005089,Vela Partners,office,2025-12-22,2025-12-24,293.54,M03
AP005557,Yonder Trading,office,2026-02-23,2026-02-27,79.32,M11
AP002161,Ember Works,hardware,2025-10-20,2025-10-20,604.74,M11
AP003021,Juniper Works,events,2025-07-18,2025-07-21,175.85,M04
AP005601,Zephyr Solutions,office,2025-08-08,2025-08-08,111.43,M01
AP004449,Rampart Group,professional_services,2025-09-06,2025-09-09,244.85,M12
AP002099,Ember Partners,events,2026-05-09,2026-05-13,247.25,M12
AP003847,Onyx Consulting,events,2025-07-06,2025-07-09,257.32,M14
AP002607,Harbor Consulting,marketing,2026-04-22,2026-04-27,142.66,M09
AP001809,Cinder Works,logistics,2026-04-18,2026-04-21,49.58,M07
AP005096,Vela Partners,office,2026-05-07,2026-05-07,214.63,M07
AP000459,Snowflake,infrastructure,2025-11-30,2025-12-03,3643.9,M05
AP002176,Ember Works,hardware,2026-05-29,2026-06-02,196.27,M14
AP005194,Wharf Supply,professional_services,2026-04-19,2026-04-20,609.4,M05
AP003312,Loom Consulting,marketing,2025-09-06,2025-09-08,223.98,M14
AP001008,Marsh Insurance,insurance,2026-01-08,2026-01-12,6703.22,M10
AP000055,Amazon Web Services,infrastructure,2025-08-02,2025-08-04,709.62,M11
AP002793,Inlet Partners,events,2025-12-16,2025-12-19,564.13,M10
AP001330,Acme Solutions,software,2026-05-05,2026-05-11,1094.85,M04
AP002105,Ember Industries,office,2025-11-07,2025-11-11,360.06,M13
AP002168,Ember Works,hardware,2026-01-31,2026-02-04,225.57,M10
AP005405,Yonder Solutions,events,2025-07-15,2025-07-15,327.71,M06
AP001775,Cinder Group,office,2026-03-10,2026-03-10,407.18,M08
AP005123,Vela Group,professional_services,2025-09-14,2025-09-15,674.97,M04
AP002410,Gable Solutions,software,2025-12-25,2025-12-25,114.51,M11
AP002177,Ember Works,hardware,2026-06-12,2026-06-12,509.08,M01
AP004239,Quarry Partners,logistics,2026-05-03,2026-05-05,773.26,M12
AP001107,Apex Print Media,marketing,2026-05-01,2026-05-04,1395.0,M05
AP000787,Staples Business,office,2026-04-21,2026-04-24,136.12,M05
AP004140,Prairie Trading,professional_services,2025-12-15,2025-12-19,143.65,M12
AP005945,Wharf Partners,professional_services,2025-08-11,2025-08-16,722.72,M10
AP001094,Apex Print Media,marketing,2025-12-03,2025-12-04,1468.02,M10
AP002274,Fulcrum Consulting,professional_services,2026-05-28,2026-06-01,169.68,M12
AP000636,Figma,software,2025-07-09,2025-07-14,616.91,M13
AP005496,Yonder Group,hardware,2026-06-08,2026-06-08,303.27,M07
AP004217,Quarry Consulting,office,2026-03-02,2026-03-06,377.73,M12
AP003871,Onyx Industries,facilities,2025-08-08,2025-08-11,149.34,M09
AP004732,Tundra Consulting,office,2025-09-10,2025-09-11,932.62,M04
AP002042,Ember Services,hardware,2025-11-09,2025-11-10,141.49,M08
AP004183,Quarry Services,marketing,2026-01-31,2026-02-03,205.02,M09
AP002163,Ember Works,hardware,2025-11-23,2025-11-24,909.59,M13
AP002330,Fulcrum Labs,software,2025-08-05,2025-08-07,384.78,M14
AP002137,Ember Labs,software,2025-08-09,2025-08-12,253.02,M03
AP003216,Keystone Works,professional_services,2025-08-08,2025-08-11,272.1,M01
AP004714,Tundra Solutions,facilities,2026-01-14,2026-01-15,315.04,M06
AP005280,Wharf Industries,professional_services,2025-07-06,2025-07-09,1472.49,M12
AP003842,Onyx Solutions,software,2026-03-31,2026-04-01,565.89,M03
AP004906,Umber Consulting,software,2026-02-08,2026-02-10,30.99,M01
AP004282,Quarry Group,facilities,2026-05-24,2026-05-27,316.22,M01
AP004606,Sable Group,logistics,2025-10-22,2025-10-24,487.14,M12
AP004784,Tundra Group,facilities,2025-07-21,2025-07-21,130.44,M06
AP000059,Amazon Web Services,infrastructure,2025-08-03,2025-08-06,2440.63,M02
AP002251,Fulcrum Solutions,hardware,2026-05-16,2026-05-20,186.03,M09
AP001196,CDW,hardware,2025-08-10,2025-08-12,2709.13,M02
AP004916,Umber Consulting,software,2026-06-14,2026-06-15,816.94,M08
AP000373,Amazon Web Services,infrastructure,2026-05-01,2026-05-04,2085.88,M03
AP004488,Rampart Works,facilities,2026-02-20,2026-02-23,106.5,M10
AP002817,Inlet Group,events,2025-12-07,2025-12-09,248.67,M04
AP002268,Fulcrum Consulting,professional_services,2025-12-03,2025-12-03,329.24,M02
AP005276,Wharf Partners,professional_services,2026-05-01,2026-05-04,1104.89,M07
AP004122,Prairie Works,office,2026-04-20,2026-04-24,893.15,M06
AP003343,Loom Partners,professional_services,2026-04-27,2026-05-01,1108.21,M06
AP001259,Verizon Business,telecom,2025-11-14,2025-11-14,702.19,M12
AP003272,Loom Supply,professional_services,2026-04-15,2026-04-16,640.1,M02
AP002380,Gable Supply,office,2025-10-14,2025-10-17,375.16,M03
AP001238,CDW,hardware,2026-03-31,2026-04-06,825.89,M12
AP002482,Gable Group,office,2025-12-23,2025-12-25,295.13,M11
AP002170,Ember Works,hardware,2026-02-01,2026-02-02,569.44,M03
AP002212,Fulcrum Supply,marketing,2026-01-30,2026-02-02,425.99,M12
AP004776,Tundra Industries,software,2026-04-08,2026-04-13,255.25,M07
AP005130,Vela Group,professional_services,2025-12-14,2025-12-16,453.96,M04
AP001966,Dockside Labs,logistics,2026-01-24,2026-01-27,932.13,M02
AP002215,Fulcrum Supply,marketing,2026-03-07,2026-03-10,248.77,M01
AP002705,Harbor Trading,software,2025-10-08,2025-10-13,269.5,M08
AP002890,Juniper Supply,events,2025-09-01,2025-09-02,230.7,M09
AP004775,Tundra Industries,software,2026-03-17,2026-03-23,711.17,M04
AP000507,Datadog,infrastructure,2025-08-05,2025-08-05,3187.91,M10
AP003835,Onyx Solutions,software,2026-01-17,2026-01-19,39.35,M06
AP002906,Juniper Supply,events,2026-05-14,2026-05-18,95.6,M13
AP000714,Staples Business,office,2025-08-04,2025-08-08,58.11,M01
AP001793,Cinder Labs,marketing,2026-01-03,2026-01-07,196.83,M01
AP004104,Prairie Works,office,2025-08-10,2025-08-14,239.55,M04
AP003793,Onyx Supply,hardware,2025-08-17,2025-08-19,507.76,M09
AP000457,Snowflake,infrastructure,2025-12-11,2025-12-12,3172.09,M10
AP005474,Yonder Industries,marketing,2026-03-21,2026-03-23,995.63,M06
AP004780,Tundra Industries,software,2026-06-19,2026-06-19,194.68,M04
AP003330,Loom Partners,professional_services,2025-08-25,2025-08-29,1529.35,M14
AP004526,Sable Supply,software,2026-03-13,2026-03-16,106.0,M08
AP004173,Quarry Supply,hardware,2026-06-21,2026-06-23,464.01,M04
AP004631,Sable Labs,marketing,2025-11-23,2025-11-26,335.04,M12
AP005042,Vela Services,software,2026-04-01,2026-04-06,1194.68,M01
AP001781,Cinder Labs,marketing,2025-07-28,2025-07-31,365.35,M05
AP000094,Amazon Web Services,infrastructure,2025-09-22,2025-09-24,2877.02,M13
AP005163,Vela Trading,facilities,2025-08-27,2025-08-27,399.7,M02
AP000179,Amazon Web Services,infrastructure,2025-12-25,2025-12-29,1256.92,M13
AP003063,Keystone Supply,office,2025-10-13,2025-10-14,154.85,M14
AP002771,Inlet Consulting,marketing,2025-07-02,2025-07-07,887.02,M05
AP003867,Onyx Partners,software,2026-05-08,2026-05-08,454.76,M12
AP000928,Indeed,recruiting,2025-09-29,2025-10-03,1524.14,M02
AP002837,Inlet Labs,facilities,2026-02-20,2026-02-23,998.54,M09
AP001491,Borealis Services,hardware,2026-04-10,2026-04-10,264.55,M07
AP003098,Keystone Solutions,events,2025-08-14,2025-08-18,577.56,M01
AP002575,Harbor Services,events,2026-06-22,2026-06-22,518.36,M09
AP000089,Amazon Web Services,infrastructure,2025-09-13,2025-09-17,8954.37,M04
AP001638,Borealis Trading,logistics,2025-08-24,2025-08-28,44.48,M06
AP005307,Wharf Group,logistics,2026-03-10,2026-03-16,241.18,M05
AP003899,Onyx Group,office,2025-09-24,2025-09-29,266.46,M09
AP000981,Wilson Sonsini,legal,2026-06-04,2026-06-05,13175.45,M02
AP004826,Tundra Works,events,2026-01-02,2026-01-05,345.08,M08
AP003344,Loom Partners,professional_services,2026-05-05,2026-05-08,412.41,M11
AP004971,Umber Labs,office,2026-03-21,2026-03-23,441.16,M02
AP000510,Datadog,infrastructure,2025-08-31,2025-09-02,4521.34,M05
AP005772,Summit Interiors,facilities,2026-03-12,2026-03-16,9900,M12
AP005724,Zephyr Works,logistics,2026-05-15,2026-05-18,68.17,M06
AP004789,Tundra Group,facilities,2025-09-13,2025-09-15,50.41,M13
AP001076,Apex Print Media,marketing,2025-07-12,2025-07-14,2011.99,M06
AP000294,Amazon Web Services,infrastructure,2026-03-24,2026-03-24,997.78,M02
AP002281,Fulcrum Partners,professional_services,2025-10-14,2025-10-15,1218.27,M11
AP000668,WeWork,facilities,2025-11-14,2025-11-17,7478.86,M05
AP003036,Juniper Works,events,2026-02-17,2026-02-20,146.7,M03
AP002217,Fulcrum Supply,marketing,2026-04-11,2026-04-13,240.78,M03
AP000531,Datadog,infrastructure,2026-01-16,2026-01-20,7146.02,M12
AP004655,Sable Works,office,2025-12-14,2025-12-16,95.46,M08
AP001262,Verizon Business,telecom,2025-12-05,2025-12-08,866.49,M09
AP000038,Amazon Web Services,infrastructure,2025-07-18,2025-07-18,2652.78,M04
AP004946,Umber Group,software,2025-07-01,2025-07-07,880.66,M06
AP003334,Loom Partners,professional_services,2025-10-01,2025-10-06,222.17,M07
AP003530,Mosaic Partners,hardware,2026-05-04,2026-05-08,98.48,M06
AP005684,Zephyr Group,logistics,2026-03-24,2026-03-27,1043.13,M03
AP004544,Sable Services,logistics,2026-05-13,2026-05-13,1364.46,M05
AP003597,Mosaic Works,marketing,2026-04-08,2026-04-09,59.21,M02
AP002009,Ember Supply,marketing,2025-07-25,2025-07-28,839.11,M06
AP001181,Meridian Travel,travel,2026-05-21,2026-05-25,3320.69,M06
AP001528,Borealis Consulting,facilities,2026-02-01,2026-02-04,701.65,M04
AP005314,Wharf Group,logistics,2026-06-07,2026-06-11,573.31,M08
AP002488,Gable Group,office,2026-02-22,2026-02-23,166.57,M03
AP004928,Umber Partners,facilities,2026-01-27,2026-01-30,1181.52,M11
AP001590,Borealis Group,events,2026-03-02,2026-03-03,947.92,M12
AP003517,Mosaic Partners,hardware,2025-10-16,2025-10-20,516.68,M09
AP003123,Keystone Consulting,logistics,2025-07-24,2025-07-24,3206.7,M01
AP001184,Meridian Travel,travel,2026-05-13,2026-05-18,1300.81,M06
AP002202,Fulcrum Supply,marketing,2025-10-16,2025-10-20,108.78,M10
AP005075,Vela Consulting,office,2026-04-11,2026-04-13,126.99,M04
AP003117,Keystone Solutions,events,2026-04-19,2026-04-20,206.78,M10
AP000603,Atlassian,software,2025-08-31,2025-09-01,465.43,M12
AP004536,Sable Services,logistics,2025-12-14,2025-12-17,85.06,M01
AP000162,Amazon Web Services,infrastructure,2025-11-10,2025-11-10,722.48,M07
AP002733,Inlet Supply,logistics,2026-03-03,2026-03-06,311.45,M03
AP002567,Harbor Services,events,2026-03-16,2026-03-19,62.78,M11
AP001905,Dockside Partners,facilities,2025-07-20,2025-07-22,299.34,M07
AP001947,Dockside Group,hardware,2025-11-07,2025-11-10,183.73,M02
AP002922,Juniper Solutions,facilities,2025-09-03,2025-09-08,271.68,M11
AP005413,Yonder Solutions,events,2026-03-23,2026-03-24,262.5,M09
AP004395,Rampart Consulting,professional_services,2025-12-12,2025-12-15,192.62,M04
AP001045,Global Catering Co,events,2026-02-17,2026-02-19,1024.05,M14
AP000725,Staples Business,office,2025-09-14,2025-09-17,274.69,M10
AP004203,Quarry Solutions,office,2026-04-18,2026-04-20,329.63,M02
AP004279,Quarry Group,facilities,2026-04-17,2026-04-20,96.42,M01
AP001879,Dockside Solutions,professional_services,2026-03-14,2026-03-16,468.96,M13
AP001434,Acme Works,professional_services,2025-08-05,2025-08-05,3880.41,M14
AP002976,Juniper Partners,hardware,2026-01-08,2026-01-12,687.33,M10
AP004669,Sable Trading,hardware,2025-10-24,2025-10-24,701.35,M14
AP001683,Cinder Services,facilities,2026-03-24,2026-03-27,308.36,M14
AP004149,Quarry Supply,hardware,2025-07-25,2025-07-25,195.19,M12
AP001975,Dockside Works,software,2025-08-11,2025-08-12,605.41,M14
AP005339,Wharf Works,professional_services,2026-01-04,2026-01-05,215.7,M08
AP004671,Sable Trading,hardware,2025-11-28,2025-11-28,134.77,M08
AP002345,Fulcrum Labs,software,2026-04-29,2026-05-04,721.51,M04
AP000661,WeWork,facilities,2025-08-01,2025-08-04,8651.82,M03
AP001889,Dockside Consulting,office,2025-09-06,2025-09-08,43.28,M12
AP003877,Onyx Industries,facilities,2025-11-11,2025-11-11,59.98,M03
AP004022,Prairie Consulting,hardware,2025-12-14,2025-12-15,1313.03,M08
AP004077,Prairie Group,hardware,2025-10-20,2025-10-22,294.97,M04
AP001064,Global Catering Co,events,2026-05-12,2026-05-14,204.34,M12
AP003923,Onyx Labs,office,2026-01-08,2026-01-12,1171.41,M08
AP003931,Onyx Works,facilities,2025-07-02,2025-07-07,138.31,M13
AP004036,Prairie Partners,office,2025-08-09,2025-08-13,1301.25,M05
AP005524,Yonder Works,office,2025-08-31,2025-09-01,230.73,M01
AP001749,Cinder Industries,software,2025-08-15,2025-08-15,3248.19,M14
AP003409,Loom Works,facilities,2026-05-17,2026-05-18,418.94,M04
AP004181,Quarry Services,marketing,2026-01-03,2026-01-06,748.42,M01
AP004688,Tundra Supply,logistics,2026-04-05,2026-04-06,603.5,M09
AP004731,Tundra Consulting,office,2025-09-05,2025-09-08,756.9,M03
AP004595,Sable Industries,professional_services,2025-10-11,2025-10-13,111.66,M10
AP000789,Staples Business,office,2026-05-18,2026-05-19,73.24,M03
AP001757,Cinder Industries,software,2026-01-24,2026-01-26,671.06,M04
AP004854,Umber Supply,facilities,2025-12-04,2025-12-08,886.0,M14
AP004650,Sable Works,office,2025-11-04,2025-11-05,760.01,M02
AP000523,Datadog,infrastructure,2025-12-17,2025-12-22,3528.54,M10
AP003253,Keystone Trading,hardware,2026-04-28,2026-04-28,222.44,M03
AP003320,Loom Consulting,marketing,2026-03-07,2026-03-09,132.96,M06
AP000112,Amazon Web Services,infrastructure,2025-10-11,2025-10-13,9316.55,M06
AP001845,Dockside Supply,events,2025-12-08,2025-12-12,300.39,M03
AP004253,Quarry Industries,logistics,2025-11-13,2025-11-14,260.31,M06
AP004672,Sable Trading,hardware,2026-01-17,2026-01-21,627.32,M13
AP004134,Prairie Trading,professional_services,2025-10-14,2025-10-20,974.59,M07
AP004960,Umber Labs,office,2025-10-04,2025-10-07,188.72,M04
AP002246,Fulcrum Solutions,hardware,2026-02-04,2026-02-09,123.39,M06
AP002272,Fulcrum Consulting,professional_services,2026-05-23,2026-05-25,1405.72,M08
AP004642,Sable Labs,marketing,2026-06-16,2026-06-18,592.8,M11
AP000319,Amazon Web Services,infrastructure,2026-04-23,2026-04-27,1180.18,M11
AP000959,Wilson Sonsini,legal,2025-08-17,2025-08-21,5316.65,M12
AP003795,Onyx Supply,hardware,2025-08-22,2025-08-25,244.78,M02
AP000533,Datadog,infrastructure,2026-01-31,2026-02-03,2151.03,M12
AP004073,Prairie Group,hardware,2025-07-19,2025-07-21,3780.9,M02
AP001339,Acme Consulting,facilities,2025-11-16,2025-11-18,270.77,M05
AP001774,Cinder Group,office,2026-03-13,2026-03-16,400.04,M11
AP000410,Amazon Web Services,infrastructure,2026-05-31,2026-06-03,2345.33,M08
AP002674,Harbor Labs,professional_services,2026-06-18,2026-06-19,405.98,M05
AP005513,Yonder Labs,facilities,2026-02-14,2026-02-17,352.39,M01
AP003710,Nimbus Industries,facilities,2025-12-29,2026-01-01,31.44,M10
AP004707,Tundra Solutions,facilities,2025-07-18,2025-07-21,479.3,M06
AP002076,Ember Consulting,marketing,2026-02-28,2026-03-03,373.95,M06
AP004471,Rampart Labs,office,2026-03-06,2026-03-06,1259.48,M03
AP000781,Staples Business,office,2026-03-04,2026-03-05,490.25,M13
AP000135,Amazon Web Services,infrastructure,2025-10-17,2025-10-20,4071.27,M14
AP004393,Rampart Consulting,professional_services,2025-11-16,2025-11-20,667.42,M12
AP005752,Snowflake,infrastructure,2025-09-20,2025-09-23,4866.4,M14
AP000564,Salesforce,software,2025-09-22,2025-09-25,2906.79,M06
AP002441,Gable Consulting,facilities,2026-05-14,2026-05-14,101.15,M02
AP003684,Nimbus Consulting,office,2026-04-04,2026-04-07,286.29,M13
AP004757,Tundra Partners,office,2026-01-14,2026-01-14,163.92,M04
AP003268,Loom Supply,professional_services,2026-02-16,2026-02-17,91.97,M14
AP003515,Mosaic Partners,hardware,2025-09-08,2025-09-08,373.15,M05
AP003701,Nimbus Industries,facilities,2025-07-25,2025-07-28,92.99,M06
AP003613,Mosaic Trading,office,2026-04-14,2026-04-14,1734.11,M06
AP002921,Juniper Solutions,facilities,2025-07-17,2025-07-21,630.47,M04
AP005622,Zephyr Consulting,hardware,2025-11-07,2025-11-10,213.82,M09
AP005473,Yonder Industries,marketing,2026-02-22,2026-02-24,92.41,M12
AP003977,Prairie Services,logistics,2025-07-09,2025-07-10,359.78,M01
AP000175,Amazon Web Services,infrastructure,2025-12-13,2025-12-15,1673.13,M13
AP000173,Amazon Web Services,infrastructure,2025-12-25,2025-12-29,2686.42,M09
AP002416,Gable Solutions,software,2026-03-08,2026-03-09,185.73,M03
AP000612,Atlassian,software,2025-12-17,2025-12-18,1127.76,M04
AP001086,Apex Print Media,marketing,2025-10-02,2025-10-06,490.45,M07
AP002928,Juniper Solutions,facilities,2026-02-01,2026-02-04,518.89,M12
AP005051,Vela Solutions,software,2025-09-18,2025-09-22,156.54,M14
AP005808,Northgate Logistics,logistics,2026-04-10,2026-04-13,960.78,M01
AP001661,Cinder Supply,events,2025-12-28,2025-12-30,179.56,M13
AP003673,Nimbus Consulting,office,2025-09-25,2025-09-29,95.92,M04
AP005207,Wharf Services,professional_services,2025-11-17,2025-11-18,245.96,M05
AP003176,Keystone Industries,professional_services,2025-09-07,2025-09-08,127.13,M03
AP004632,Sable Labs,marketing,2025-12-21,2025-12-24,249.88,M12
AP003364,Loom Group,events,2025-07-24,2025-07-24,2013.84,M11
AP005562,Yonder Trading,office,2026-03-21,2026-03-24,576.99,M10
AP000688,Iron Mountain,facilities,2025-08-30,2025-09-01,279.45,M03
AP001873,Dockside Solutions,professional_services,2025-10-05,2025-10-07,542.41,M07
AP005065,Vela Consulting,office,2025-08-05,2025-08-05,148.26,M05
AP004718,Tundra Solutions,facilities,2026-02-26,2026-03-02,2246.89,M08
AP004331,Quarry Trading,logistics,2026-03-20,2026-03-23,1795.5,M08
AP000756,Staples Business,office,2026-01-04,2026-01-06,173.44,M12
AP005814,Northgate Logistics,logistics,2025-08-08,2025-08-11,35474.09,M07
AP001607,Borealis Labs,logistics,2025-12-15,2025-12-17,85.88,M08
AP001397,Acme Industries,facilities,2026-06-04,2026-06-05,330.97,M14
AP000987,PwC,accounting,2025-11-11,2025-11-13,17121.44,M14
AP000156,Amazon Web Services,infrastructure,2025-11-23,2025-11-24,720.96,M01
AP001116,Meridian Travel,travel,2025-07-07,2025-07-08,201.8,M03
AP001237,CDW,hardware,2026-04-10,2026-04-13,7573.56,M14
AP000385,Amazon Web Services,infrastructure,2026-05-09,2026-05-11,3255.59,M13
AP003825,Onyx Services,logistics,2026-06-12,2026-06-15,616.05,M02
AP000472,Snowflake,infrastructure,2026-01-29,2026-02-02,4219.63,M10
AP000599,Atlassian,software,2025-07-02,2025-07-07,1318.35,M04
AP004240,Quarry Partners,logistics,2026-05-08,2026-05-08,120.18,M08
AP002063,Ember Consulting,marketing,2025-07-22,2025-07-25,114.62,M09
AP002713,Harbor Trading,software,2026-03-15,2026-03-16,322.4,M14
AP000309,Amazon Web Services,infrastructure,2026-03-09,2026-03-11,1576.65,M04
AP003255,Keystone Trading,hardware,2026-06-16,2026-06-19,705.48,M12
AP003326,Loom Consulting,marketing,2026-06-15,2026-06-15,1779.64,M14
AP002304,Fulcrum Industries,professional_services,2025-11-28,2025-12-01,200.68,M10
AP003333,Loom Partners,professional_services,2025-09-19,2025-09-22,1609.8,M06
AP004665,Sable Trading,hardware,2025-08-03,2025-08-04,1144.14,M02
AP001147,Meridian Travel,travel,2025-12-21,2025-12-24,332.0,M03
AP004860,Umber Supply,facilities,2026-04-12,2026-04-14,49.8,M01
AP000741,Staples Business,office,2025-10-30,2025-11-03,53.07,M03
AP001046,Global Catering Co,events,2026-02-23,2026-02-26,732.44,M09
AP005617,Zephyr Solutions,office,2026-05-20,2026-05-25,99.59,M01
AP003642,Nimbus Services,software,2026-01-22,2026-01-26,91.84,M08
AP002376,Fulcrum Trading,marketing,2026-06-08,2026-06-12,83.1,M05
AP004873,Umber Services,hardware,2026-03-01,2026-03-04,241.01,M06
AP003578,Mosaic Labs,hardware,2025-12-12,2025-12-12,43.2,M02
AP004905,Umber Consulting,software,2026-01-13,2026-01-16,637.66,M10
AP001910,Dockside Partners,facilities,2025-09-20,2025-09-24,680.74,M07
AP004643,Sable Works,office,2025-07-23,2025-07-25,1029.68,M05
AP002911,Juniper Services,professional_services,2025-11-09,2025-11-10,1048.86,M03
AP003405,Loom Works,facilities,2026-03-06,2026-03-09,133.16,M08
AP005315,Wharf Labs,office,2025-08-06,2025-08-06,604.88,M06
AP001820,Cinder Trading,marketing,2025-10-21,2025-10-23,578.59,M12
AP000859,Robert Half,recruiting,2025-08-21,2025-08-21,3290.3,M11
AP004476,Rampart Labs,office,2026-06-19,2026-06-19,808.58,M02
AP004477,Rampart Labs,office,2026-06-23,2026-06-29,108.15,M10
AP002192,Ember Trading,hardware,2026-01-11,2026-01-12,442.61,M14
AP003037,Juniper Works,events,2026-02-08,2026-02-12,242.73,M04
AP001499,Borealis Services,hardware,2026-06-14,2026-06-15,301.29,M04
AP003238,Keystone Trading,hardware,2025-09-12,2025-09-15,134.66,M04
AP001208,CDW,hardware,2025-11-06,2025-11-10,1144.31,M01
AP003221,Keystone Works,professional_services,2025-11-16,2025-11-18,397.63,M12
AP001546,Borealis Partners,software,2026-02-09,2026-02-12,352.28,M02
AP002414,Gable Solutions,software,2026-02-13,2026-02-16,506.93,M02
AP005668,Zephyr Industries,logistics,2026-06-10,2026-06-12,114.59,M08
AP003027,Juniper Works,events,2025-09-02,2025-09-05,199.17,M02
AP003022,Juniper Works,events,2025-07-15,2025-07-16,45.13,M07
AP000011,Amazon Web Services,infrastructure,2025-07-11,2025-07-14,274.12,M09
AP000765,Staples Business,office,2026-02-08,2026-02-12,80.88,M11
AP005944,Nimbus Services,software,2026-03-18,2026-03-21,1671.77,M06
AP000735,Staples Business,office,2025-10-11,2025-10-15,321.21,M13
AP000188,Amazon Web Services,infrastructure,2025-12-04,2025-12-04,1719.9,M12
AP003541,Mosaic Industries,professional_services,2026-03-15,2026-03-16,861.55,M10
AP004864,Umber Supply,facilities,2026-06-22,2026-06-26,149.16,M12
AP001145,Meridian Travel,travel,2025-11-13,2025-11-17,1632.59,M01
AP000044,Amazon Web Services,infrastructure,2025-08-02,2025-08-04,1920.24,M11
AP003801,Onyx Supply,hardware,2026-05-06,2026-05-07,556.81,M05
AP002145,Ember Labs,software,2025-12-09,2025-12-15,1035.4,M05
AP004710,Tundra Solutions,facilities,2025-11-06,2025-11-10,317.73,M09
AP001122,Meridian Travel,travel,2025-08-01,2025-08-04,377.15,M03
AP002872,Inlet Trading,hardware,2025-12-05,2025-12-08,534.64,M01
AP005766,Summit Interiors,facilities,2025-10-15,2025-10-20,6886.14,M07
AP001177,Meridian Travel,travel,2026-03-29,2026-03-31,3197.08,M13
AP000700,Iron Mountain,facilities,2026-03-15,2026-03-16,294.41,M05
AP000685,WeWork,facilities,2026-06-05,2026-06-08,6331.63,M12
AP001541,Borealis Partners,software,2025-12-08,2025-12-09,425.82,M05
AP005377,Yonder Supply,software,2025-12-22,2025-12-24,1200.14,M12
AP005588,Zephyr Services,professional_services,2025-08-18,2025-08-22,312.9,M02
AP005716,Zephyr Works,logistics,2025-12-25,2025-12-29,224.24,M08
AP000957,Wilson Sonsini,legal,2025-07-23,2025-07-25,5682.99,M09
AP001691,Cinder Solutions,office,2025-09-20,2025-09-23,1174.98,M14
AP000828,Uline,office,2026-01-23,2026-01-26,432.74,M06
AP000562,Salesforce,software,2025-09-01,2025-09-02,5645.42,M14
AP002073,Ember Consulting,marketing,2026-01-28,2026-02-02,1177.07,M09
AP003984,Prairie Services,logistics,2025-10-16,2025-10-16,879.76,M02
AP004382,Rampart Solutions,professional_services,2026-02-27,2026-03-02,223.69,M04
AP004105,Prairie Works,office,2025-08-18,2025-08-19,136.92,M01
AP003114,Keystone Solutions,events,2026-03-06,2026-03-09,435.04,M05
AP002262,Fulcrum Consulting,professional_services,2025-09-19,2025-09-23,161.25,M04
AP000095,Amazon Web Services,infrastructure,2025-09-25,2025-09-26,338.16,M11
AP002845,Inlet Labs,facilities,2026-06-14,2026-06-15,319.01,M07
AP001501,Borealis Solutions,marketing,2025-08-14,2025-08-18,171.3,M02
AP003164,Keystone Partners,hardware,2026-02-17,2026-02-18,388.86,M03
AP001233,CDW,hardware,2026-03-20,2026-03-20,2786.25,M01
AP001217,CDW,hardware,2025-12-05,2025-12-08,2351.48,M03
AP005148,Vela Labs,software,2026-05-01,2026-05-04,681.87,M11
AP001171,Meridian Travel,travel,2026-03-03,2026-03-03,3371.87,M13
AP002439,Gable Consulting,facilities,2026-04-07,2026-04-08,930.41,M12
AP004705,Tundra Services,office,2026-06-05,2026-06-08,121.19,M06
AP002293,Fulcrum Partners,professional_services,2026-04-08,2026-04-10,759.29,M08
AP002050,Ember Solutions,hardware,2025-07-20,2025-07-23,142.48,M10
AP003827,Onyx Solutions,software,2025-08-20,2025-08-22,221.79,M03
AP001869,Dockside Solutions,professional_services,2025-08-10,2025-08-11,83.08,M09
AP001281,Acme Supply,software,2025-08-31,2025-09-02,401.26,M02
AP005193,Wharf Supply,professional_services,2026-04-04,2026-04-06,558.14,M03
AP000051,Amazon Web Services,infrastructure,2025-08-03,2025-08-07,1961.64,M10
AP001254,Verizon Business,telecom,2025-09-16,2025-09-22,1318.39,M08
AP003716,Nimbus Group,logistics,2025-08-09,2025-08-11,2305.2,M09
AP002461,Gable Industries,office,2025-11-12,2025-11-14,313.28,M08
AP000984,PwC,accounting,2025-08-24,2025-08-25,13718.86,M02
AP000526,Datadog,infrastructure,2026-01-15,2026-01-15,3168.65,M06
AP002715,Harbor Trading,software,2026-04-30,2026-05-04,1186.36,M06
AP005551,Yonder Trading,office,2025-10-29,2025-11-03,173.24,M10
AP002483,Gable Group,office,2025-12-12,2025-12-15,46.62,M10
AP000417,Amazon Web Services,infrastructure,2026-06-22,2026-06-24,1787.41,M12
AP004542,Sable Services,logistics,2026-04-12,2026-04-13,53.58,M14
AP000131,Amazon Web Services,infrastructure,2025-09-29,2025-09-30,1632.69,M12
AP000361,Amazon Web Services,infrastructure,2026-05-22,2026-05-25,3101.93,M03
AP005394,Yonder Services,facilities,2026-01-11,2026-01-12,292.39,M08
AP001321,Acme Solutions,software,2025-12-09,2025-12-10,157.05,M10
AP003324,Loom Consulting,marketing,2026-06-07,2026-06-11,520.62,M11
AP000076,Amazon Web Services,infrastructure,2025-09-15,2025-09-17,1989.51,M08
AP004530,Sable Services,logistics,2025-08-05,2025-08-11,93.34,M09
AP005539,Yonder Works,office,2026-04-14,2026-04-14,502.48,M11
AP004932,Umber Partners,facilities,2026-04-27,2026-04-28,1310.83,M13
AP000214,Amazon Web Services,infrastructure,2026-01-06,2026-01-07,1788.96,M13
AP004043,Prairie Partners,office,2025-11-13,2025-11-14,618.14,M03
AP000046,Amazon Web Services,infrastructure,2025-08-14,2025-08-18,1051.54,M09
AP000030,Amazon Web Services,infrastructure,2025-07-11,2025-07-15,1912.43,M08
AP004777,Tundra Industries,software,2026-05-06,2026-05-11,785.26,M07
AP001851,Dockside Supply,events,2026-04-11,2026-04-13,128.27,M13
AP000553,Datadog,infrastructure,2026-06-20,2026-06-23,6706.09,M09
AP002767,Inlet Solutions,logistics,2026-05-16,2026-05-18,217.43,M04
AP004263,Quarry Industries,logistics,2026-03-30,2026-04-02,726.54,M12
AP001096,Apex Print Media,marketing,2026-01-07,2026-01-12,751.62,M11
AP000779,Staples Business,office,2026-03-06,2026-03-06,262.84,M03
AP003664,Nimbus Solutions,facilities,2026-01-14,2026-01-14,388.02,M06
AP002424,Gable Solutions,software,2026-06-07,2026-06-10,1498.03,M05
AP000554,Datadog,infrastructure,2026-06-14,2026-06-16,2093.78,M08
AP004292,Quarry Labs,events,2025-11-04,2025-11-04,109.89,M01
AP003124,Keystone Consulting,logistics,2025-07-11,2025-07-11,898.75,M10
AP002195,Ember Trading,hardware,2026-04-10,2026-04-14,266.27,M11
AP005536,Yonder Works,office,2026-03-11,2026-03-11,2168.44,M11
AP001174,Meridian Travel,travel,2026-04-17,2026-04-20,1636.67,M05
AP000830,Uline,office,2026-01-14,2026-01-19,187.88,M11
AP001704,Cinder Solutions,office,2026-04-24,2026-04-28,65.07,M08
AP000907,Robert Half,recruiting,2026-05-14,2026-05-15,6539.67,M09
AP005927,Tundra Supply,logistics,2026-03-19,2026-03-21,897.22,M03
AP003806,Onyx Supply,hardware,2026-06-12,2026-06-15,25.67,M01
AP001180,Meridian Travel,travel,2026-03-31,2026-04-02,929.12,M03
AP001880,Dockside Solutions,professional_services,2026-04-11,2026-04-13,200.01,M06
AP001474,Borealis Supply,marketing,2026-04-17,2026-04-20,1809.65,M01
AP001128,Meridian Travel,travel,2025-08-15,2025-08-15,1063.82,M02
AP002147,Ember Labs,software,2026-01-20,2026-01-20,91.36,M10
AP002245,Fulcrum Solutions,hardware,2026-01-14,2026-01-15,161.76,M13
AP002214,Fulcrum Supply,marketing,2026-03-08,2026-03-12,391.24,M04
AP005150,Vela Works,facilities,2025-07-20,2025-07-21,349.67,M07
AP001169,Meridian Travel,travel,2026-03-04,2026-03-09,313.4,M03
AP001626,Borealis Works,hardware,2026-01-22,2026-01-26,318.05,M12
AP000402,Amazon Web Services,infrastructure,2026-06-19,2026-06-23,3704.91,M10
AP005198,Wharf Supply,professional_services,2026-06-16,2026-06-16,586.6,M04
AP005438,Yonder Consulting,professional_services,2026-06-11,2026-06-12,346.49,M03
AP002035,Ember Services,hardware,2025-09-24,2025-09-26,1540.17,M02
AP005813,Northgate Logistics,logistics,2025-10-02,2025-10-06,717.19,M02
AP005317,Wharf Labs,office,2025-10-29,2025-10-31,162.28,M02
AP002862,Inlet Works,facilities,2026-06-22,2026-06-22,1727.92,M05
AP000349,Amazon Web Services,infrastructure,2026-03-30,2026-04-01,2551.48,M09
AP001919,Dockside Partners,facilities,2026-01-31,2026-02-02,188.22,M03
AP004868,Umber Services,hardware,2025-09-17,2025-09-17,341.48,M12
AP000024,Amazon Web Services,infrastructure,2025-07-13,2025-07-17,3580.98,M07
AP003116,Keystone Solutions,events,2026-04-09,2026-04-10,1129.01,M14
AP001932,Dockside Industries,software,2026-01-29,2026-01-29,770.13,M08
AP005612,Zephyr Solutions,office,2025-12-12,2025-12-12,437.59,M01
AP000476,Snowflake,infrastructure,2026-01-31,2026-02-04,4060.68,M07
AP002775,Inlet Consulting,marketing,2025-10-04,2025-10-06,52.56,M05
AP003672,Nimbus Consulting,office,2025-07-13,2025-07-17,434.33,M07
AP000516,Datadog,infrastructure,2025-11-22,2025-11-24,2507.06,M01
AP003284,Loom Services,professional_services,2025-12-31,2026-01-05,401.45,M11
AP002814,Inlet Group,events,2025-09-14,2025-09-16,1737.35,M14
AP002476,Gable Group,office,2025-10-19,2025-10-21,177.87,M05
AP003970,Prairie Supply,facilities,2026-01-02,2026-01-02,481.66,M04
AP003939,Onyx Works,facilities,2026-02-12,2026-02-16,250.43,M10
AP000597,Atlassian,software,2025-07-13,2025-07-17,849.22,M03
AP000772,Staples Business,office,2026-02-18,2026-02-23,46.51,M04
AP003917,Onyx Labs,office,2025-09-14,2025-09-16,131.37,M01
AP003968,Prairie Supply,facilities,2025-11-02,2025-11-03,306.18,M14
AP001342,Acme Consulting,facilities,2026-01-04,2026-01-06,67.37,M01
AP001392,Acme Industries,facilities,2026-05-24,2026-05-25,344.31,M11
AP004548,Sable Solutions,software,2025-07-18,2025-07-21,414.44,M04
AP004209,Quarry Solutions,office,2026-06-08,2026-06-09,108.55,M08
AP005848,Northgate Logistics,logistics,2026-01-18,2026-01-20,230.66,M05
AP002230,Fulcrum Services,hardware,2026-03-18,2026-03-20,771.84,M13
AP005483,Yonder Group,hardware,2025-09-20,2025-09-23,106.3,M08
AP002312,Fulcrum Group,professional_services,2025-07-12,2025-07-14,232.85,M04
AP003125,Keystone Consulting,logistics,2025-08-14,2025-08-18,625.06,M04
AP000194,Amazon Web Services,infrastructure,2025-12-03,2025-12-03,785.43,M14
AP005336,Wharf Works,professional_services,2025-12-05,2025-12-08,144.1,M11
AP001135,Meridian Travel,travel,2025-09-30,2025-10-02,1448.59,M04
AP002699,Harbor Trading,software,2025-07-07,2025-07-07,491.91,M02
AP002791,Inlet Partners,events,2025-11-01,2025-11-03,991.82,M05
AP002081,Ember Partners,events,2025-08-24,2025-08-26,187.5,M13
AP000935,Indeed,recruiting,2025-12-25,2025-12-25,1581.12,M11
AP005266,Wharf Partners,professional_services,2025-09-30,2025-10-06,1521.14,M13
AP001320,Acme Solutions,software,2025-12-18,2025-12-22,447.31,M09
AP003712,Nimbus Industries,facilities,2026-02-12,2026-02-16,1627.4,M12
AP003349,Loom Industries,facilities,2025-07-16,2025-07-18,153.03,M06
AP001912,Dockside Partners,facilities,2025-10-07,2025-10-13,125.61,M13
AP001134,Meridian Travel,travel,2025-10-23,2025-10-27,1044.04,M12
AP000881,Robert Half,recruiting,2025-12-12,2025-12-16,4281.82,M10
AP004144,Prairie Trading,professional_services,2026-03-12,2026-03-13,633.95,M11
AP003197,Keystone Group,facilities,2026-04-14,2026-04-16,1545.92,M04
AP002373,Fulcrum Trading,marketing,2026-04-04,2026-04-06,1711.99,M12
AP005200,Wharf Services,professional_services,2025-07-01,2025-07-02,205.98,M02
AP005252,Wharf Consulting,office,2026-03-29,2026-04-02,250.16,M12
AP002994,Juniper Industries,events,2025-11-05,2025-11-10,244.57,M02
AP002524,Gable Trading,events,2025-09-22,2025-09-24,84.9,M07
AP005486,Yonder Group,hardware,2025-11-10,2025-11-13,126.31,M04
AP003829,Onyx Solutions,software,2025-08-05,2025-08-06,134.25,M06
AP001283,Acme Supply,software,2025-08-31,2025-09-01,122.44,M08
AP005698,Zephyr Labs,marketing,2025-11-06,2025-11-10,150.43,M08
AP001304,Acme Services,facilities,2025-09-20,2025-09-23,309.97,M14
AP000645,Figma,software,2026-01-06,2026-01-12,714.87,M07
AP001842,Dockside Supply,events,2025-09-30,2025-09-30,238.99,M14
AP005920,Northgate Logistics,logistics,2026-05-19,2026-05-21,7184.21,M11
AP000934,Indeed,recruiting,2025-12-16,2025-12-16,812.6,M14
AP000823,Uline,office,2025-12-14,2025-12-18,333.38,M14
AP001162,Meridian Travel,travel,2026-02-19,2026-02-19,1656.34,M08
AP002086,Ember Partners,events,2025-10-26,2025-10-28,589.08,M12
AP000122,Amazon Web Services,infrastructure,2025-10-07,2025-10-13,1564.21,M05
AP005349,Wharf Works,professional_services,2026-05-20,2026-05-25,658.07,M14
AP004328,Quarry Trading,logistics,2026-02-01,2026-02-02,125.23,M10
AP003694,Nimbus Partners,software,2025-09-29,2025-09-29,678.49,M08
AP003291,Loom Services,professional_services,2026-05-28,2026-05-29,355.41,M01
AP000658,WeWork,facilities,2025-07-28,2025-07-28,6393.21,M07
AP000080,Amazon Web Services,infrastructure,2025-09-24,2025-09-26,2897.99,M01
AP002210,Fulcrum Supply,marketing,2026-01-23,2026-01-26,2698.79,M02
AP000165,Amazon Web Services,infrastructure,2025-11-21,2025-11-24,4360.96,M08
AP002823,Inlet Group,events,2026-03-30,2026-04-02,152.37,M06
AP001652,Borealis Trading,logistics,2026-04-28,2026-05-04,89.15,M08
AP000392,Amazon Web Services,infrastructure,2026-06-02,2026-06-08,5156.43,M06
AP004911,Umber Consulting,software,2026-05-10,2026-05-11,159.67,M11
AP003582,Mosaic Labs,hardware,2026-06-09,2026-06-11,1698.06,M04
AP003181,Keystone Industries,professional_services,2026-04-20,2026-04-22,335.21,M14
AP002351,Fulcrum Works,professional_services,2025-10-19,2025-10-21,2636.33,M13
AP000917,Robert Half,recruiting,2026-06-13,2026-06-15,5130.05,M07
AP004649,Sable Works,office,2025-10-06,2025-10-07,457.47,M07
AP005175,Vela Trading,facilities,2026-04-21,2026-04-24,251.23,M11
AP004857,Umber Supply,facilities,2026-02-04,2026-02-09,147.86,M05
AP001402,Acme Group,hardware,2025-12-01,2025-12-05,480.43,M09
AP001716,Cinder Consulting,marketing,2026-01-14,2026-01-16,1600.4,M03
AP002914,Juniper Services,professional_services,2026-03-14,2026-03-16,237.67,M13
AP005111,Vela Industries,hardware,2026-02-07,2026-02-09,534.84,M12
AP003208,Keystone Labs,facilities,2026-05-04,2026-05-05,516.82,M01
AP003269,Loom Supply,professional_services,2026-02-13,2026-02-16,178.71,M06
AP003180,Keystone Industries,professional_services,2025-12-25,2025-12-29,400.68,M03
AP004069,Prairie Industries,marketing,2026-04-15,2026-04-20,102.36,M07
AP003905,Onyx Group,office,2025-11-22,2025-11-24,1405.51,M03
AP000999,PwC,accounting,2026-06-03,2026-06-05,24456.98,M04
AP003811,Onyx Services,logistics,2025-09-24,2025-09-24,1378.65,M12
AP000144,Amazon Web Services,infrastructure,2025-11-24,2025-11-25,1593.7,M09
AP003553,Mosaic Group,professional_services,2025-08-01,2025-08-04,153.8,M03
AP001843,Dockside Supply,events,2025-11-09,2025-11-13,460.75,M09
AP000598,Atlassian,software,2025-07-26,2025-07-28,744.95,M10
AP002206,Fulcrum Supply,marketing,2025-11-24,2025-11-24,214.13,M13
AP002706,Harbor Trading,software,2025-09-29,2025-09-30,1453.56,M06
AP005263,Wharf Partners,professional_services,2025-09-07,2025-09-08,3439.74,M03
AP002769,Inlet Solutions,logistics,2026-06-23,2026-06-23,799.88,M02
AP000860,Robert Half,recruiting,2025-08-26,2025-08-26,12072.64,M02
AP005484,Yonder Group,hardware,2025-10-22,2025-10-27,174.28,M12
AP003229,Keystone Works,professional_services,2026-02-13,2026-02-16,277.46,M11
AP002933,Juniper Solutions,facilities,2026-05-02,2026-05-06,698.12,M10
AP004389,Rampart Consulting,professional_services,2025-07-01,2025-07-01,126.56,M03
AP004210,Quarry Consulting,office,2025-08-19,2025-08-22,602.36,M08
AP003889,Onyx Industries,facilities,2026-05-19,2026-05-25,199.16,M14
AP000568,Salesforce,software,2025-10-13,2025-10-17,4097.68,M06
AP000793,Staples Business,office,2026-04-27,2026-04-30,71.25,M08
AP002089,Ember Partners,events,2025-12-21,2025-12-24,149.78,M07
AP000649,Figma,software,2026-03-13,2026-03-16,409.84,M11
AP004651,Sable Works,office,2025-10-31,2025-10-31,208.91,M13
AP000594,Salesforce,software,2026-06-13,2026-06-15,4267.28,M01
AP005821,Northgate Logistics,logistics,2025-11-15,2025-11-18,1837.55,M06
AP004464,Rampart Labs,office,2025-09-13,2025-09-17,316.01,M04
AP001037,Global Catering Co,events,2025-12-13,2025-12-15,326.69,M14
AP000318,Amazon Web Services,infrastructure,2026-04-09,2026-04-13,5047.33,M06
AP001971,Dockside Labs,logistics,2026-06-15,2026-06-19,142.63,M13
AP002888,Juniper Supply,events,2025-07-11,2025-07-15,1104.77,M11
AP001831,Cinder Trading,marketing,2026-03-03,2026-03-06,64.85,M09
AP004107,Prairie Works,office,2025-09-02,2025-09-04,1076.12,M04
AP002973,Juniper Partners,hardware,2025-12-18,2025-12-19,193.32,M13
AP000544,Datadog,infrastructure,2026-04-04,2026-04-06,3439.57,M02
AP005642,Zephyr Partners,professional_services,2025-11-09,2025-11-11,342.12,M08
AP005269,Wharf Partners,professional_services,2026-01-14,2026-01-19,467.27,M02
AP002579,Harbor Solutions,logistics,2025-11-10,2025-11-14,291.47,M07
AP002490,Gable Group,office,2026-05-12,2026-05-13,623.85,M11
AP002056,Ember Solutions,hardware,2026-01-22,2026-01-22,105.35,M06
AP004828,Tundra Works,events,2026-03-02,2026-03-05,1540.49,M14
AP003874,Onyx Industries,facilities,2025-08-30,2025-09-03,606.19,M08
AP002974,Juniper Partners,hardware,2025-12-28,2026-01-01,311.37,M02
AP004504,Rampart Trading,office,2025-11-04,2025-11-04,484.79,M13
AP001374,Acme Partners,marketing,2026-05-13,2026-05-13,39.79,M13
AP004559,Sable Solutions,software,2026-02-26,2026-02-26,549.37,M07
AP001864,Dockside Services,logistics,2026-06-17,2026-06-22,63.65,M05
AP004445,Rampart Group,professional_services,2025-07-05,2025-07-08,217.68,M01
AP003747,Nimbus Labs,professional_services,2026-04-17,2026-04-17,1886.07,M04
AP000283,Amazon Web Services,infrastructure,2026-03-03,2026-03-05,921.04,M02
AP000386,Amazon Web Services,infrastructure,2026-05-19,2026-05-21,2211.74,M05
AP002292,Fulcrum Partners,professional_services,2026-04-02,2026-04-06,86.39,M14
AP002450,Gable Partners,marketing,2025-12-17,2025-12-17,426.57,M09
AP002119,Ember Group,events,2025-07-21,2025-07-21,540.34,M06
AP003360,Loom Industries,facilities,2026-03-31,2026-04-02,535.41,M14
AP001239,CDW,hardware,2026-05-07,2026-05-11,952.94,M09
AP005156,Vela Works,facilities,2025-12-09,2025-12-10,617.97,M12
AP002580,Harbor Solutions,logistics,2025-12-03,2025-12-08,208.35,M03
AP002427,Gable Consulting,facilities,2025-08-23,2025-08-26,404.75,M07
AP001987,Dockside Works,software,2026-03-01,2026-03-03,494.91,M04
AP004212,Quarry Consulting,office,2025-08-22,2025-08-22,775.15,M11
AP000064,Amazon Web Services,infrastructure,2025-08-26,2025-08-29,1622.98,M14
AP000177,Amazon Web Services,infrastructure,2025-12-15,2025-12-18,1962.35,M14
AP004568,Sable Consulting,professional_services,2026-01-13,2026-01-15,528.86,M08
AP003112,Keystone Solutions,events,2026-02-15,2026-02-16,183.9,M13
AP002184,Ember Trading,hardware,2025-10-06,2025-10-07,164.43,M01
AP005157,Vela Works,facilities,2026-02-22,2026-02-23,187.37,M02
AP005034,Vela Services,software,2025-07-09,2025-07-11,283.9,M05
AP005211,Wharf Services,professional_services,2026-01-07,2026-01-12,92.26,M05
AP004516,Sable Supply,software,2025-07-28,2025-07-28,750.16,M10
AP002629,Harbor Partners,software,2026-04-28,2026-04-29,161.0,M02
AP002884,Inlet Trading,hardware,2026-06-07,2026-06-08,601.5,M06
AP002529,Gable Trading,events,2026-04-28,2026-05-04,467.86,M08
AP005422,Yonder Consulting,professional_services,2025-08-04,2025-08-05,506.4,M03
AP003644,Nimbus Services,software,2026-02-19,2026-02-23,120.05,M12
AP005192,Wharf Supply,professional_services,2026-03-08,2026-03-12,423.81,M04
AP004654,Sable Works,office,2025-12-08,2025-12-12,329.07,M02
AP003363,Loom Industries,facilities,2026-05-19,2026-05-25,1083.73,M12
AP000298,Amazon Web Services,infrastructure,2026-03-03,2026-03-04,1463.44,M14
AP000054,Amazon Web Services,infrastructure,2025-08-07,2025-08-11,858.83,M14
AP001408,Acme Group,hardware,2026-06-04,2026-06-08,600.82,M11
AP001629,Borealis Works,hardware,2026-02-11,2026-02-12,215.8,M12
AP005618,Zephyr Consulting,hardware,2025-07-11,2025-07-14,677.04,M01
AP003354,Loom Industries,facilities,2025-11-23,2025-11-25,498.45,M05
AP002633,Harbor Industries,events,2025-07-24,2025-07-24,41.05,M12
AP000348,Amazon Web Services,infrastructure,2026-04-07,2026-04-07,2007.01,M13
AP000768,Staples Business,office,2026-02-10,2026-02-10,17.84,M09
AP000625,Atlassian,software,2026-04-06,2026-04-07,792.52,M12
AP000105,Amazon Web Services,infrastructure,2025-09-13,2025-09-17,1607.08,M12
AP005540,Yonder Works,office,2026-04-04,2026-04-06,1173.68,M01
AP003257,Loom Supply,professional_services,2025-07-13,2025-07-14,96.06,M02
AP001024,Global Catering Co,events,2025-08-07,2025-08-11,509.42,M01
AP001329,Acme Solutions,software,2026-03-19,2026-03-19,414.01,M05
AP000958,Wilson Sonsini,legal,2025-08-15,2025-08-15,11097.54,M07
AP003156,Keystone Partners,hardware,2025-10-16,2025-10-20,329.23,M13
AP000666,WeWork,facilities,2025-10-16,2025-10-20,8137.04,M08
AP005391,Yonder Services,facilities,2025-12-11,2025-12-15,176.23,M06
AP004049,Prairie Partners,office,2026-03-14,2026-03-18,173.2,M11
AP000336,Amazon Web Services,infrastructure,2026-03-28,2026-03-30,7016.14,M10
AP003090,Keystone Services,office,2026-01-05,2026-01-08,681.35,M04
AP002589,Harbor Solutions,logistics,2026-04-21,2026-04-22,62.04,M12
AP000092,Amazon Web Services,infrastructure,2025-09-07,2025-09-08,1078.14,M08
AP004266,Quarry Group,facilities,2025-07-14,2025-07-15,59.59,M01
AP003612,Mosaic Trading,office,2026-03-29,2026-03-31,154.97,M02
AP000397,Amazon Web Services,infrastructure,2026-06-02,2026-06-04,5057.8,M03
AP004844,Tundra Trading,facilities,2026-06-06,2026-06-08,44.37,M10
AP005143,Vela Labs,software,2026-01-05,2026-01-05,171.21,M14
AP004790,Tundra Group,facilities,2025-10-26,2025-10-28,674.97,M14
AP001737,Cinder Partners,events,2026-02-28,2026-03-02,177.11,M10
AP003700,Nimbus Partners,software,2026-05-12,2026-05-12,99.16,M06
AP003738,Nimbus Labs,professional_services,2025-09-22,2025-09-22,478.27,M02
AP002725,Inlet Supply,logistics,2025-11-12,2025-11-13,1364.33,M14
AP005132,Vela Group,professional_services,2026-02-20,2026-02-23,1456.96,M09
AP003335,Loom Partners,professional_services,2025-11-12,2025-11-17,405.05,M03
AP001036,Global Catering Co,events,2025-12-22,2025-12-24,1221.19,M13
AP005707,Zephyr Labs,marketing,2026-04-11,2026-04-15,350.55,M08
AP004319,Quarry Works,logistics,2026-05-03,2026-05-05,71.91,M02
AP005093,Vela Partners,office,2026-02-19,2026-02-23,1050.99,M09
AP000621,Atlassian,software,2026-03-06,2026-03-09,811.31,M10
AP003908,Onyx Group,office,2025-12-29,2025-12-29,106.94,M08
AP000953,Indeed,recruiting,2026-05-30,2026-06-03,1391.14,M03
AP002231,Fulcrum Services,hardware,2026-04-10,2026-04-14,310.73,M09
AP005877,Northgate Logistics,logistics,2026-05-18,2026-05-22,626.41,M13
AP001517,Borealis Consulting,facilities,2025-08-16,2025-08-18,667.83,M04
AP002619,Harbor Partners,software,2025-12-18,2025-12-18,361.85,M13
AP001266,Verizon Business,telecom,2026-01-17,2026-01-19,1045.69,M05
AP003967,Prairie Supply,facilities,2025-09-04,2025-09-04,494.76,M04
AP004697,Tundra Services,office,2025-10-12,2025-10-13,1176.8,M06
AP000587,Salesforce,software,2026-03-18,2026-03-20,4553.73,M05
AP003918,Onyx Labs,office,2025-08-30,2025-09-02,498.69,M02
AP005399,Yonder Services,facilities,2026-04-19,2026-04-20,65.21,M09
AP000416,Amazon Web Services,infrastructure,2026-06-10,2026-06-10,3233.99,M01
AP003704,Nimbus Industries,facilities,2025-08-04,2025-08-08,1293.05,M07
AP000687,Iron Mountain,facilities,2025-08-26,2025-08-28,475.45,M14
AP001009,Marsh Insurance,insurance,2026-01-30,2026-02-02,5857.57,M04
AP004692,Tundra Supply,logistics,2026-06-16,2026-06-18,182.06,M10
AP000495,Snowflake,infrastructure,2026-05-28,2026-06-01,7789.11,M01
AP003015,Juniper Labs,software,2025-11-28,2025-11-28,463.41,M08
AP003365,Loom Group,events,2025-07-24,2025-07-25,1345.69,M08
AP002825,Inlet Group,events,2026-05-10,2026-05-13,386.19,M08
AP005860,Northgate Logistics,logistics,2025-10-03,2025-10-06,149.29,M02
AP001543,Borealis Partners,software,2025-12-21,2025-12-22,746.2,M04
AP001893,Dockside Consulting,office,2025-12-08,2025-12-09,589.89,M12
AP002586,Harbor Solutions,logistics,2026-03-07,2026-03-10,1429.12,M09
AP001659,Cinder Supply,events,2025-12-06,2025-12-09,60.84,M05
AP005294,Wharf Industries,professional_services,2026-05-21,2026-05-22,253.37,M07
AP001029,Global Catering Co,events,2025-10-04,2025-10-07,758.34,M13
AP001202,CDW,hardware,2025-10-11,2025-10-13,1917.6,M05
AP004997,Umber Trading,professional_services,2025-08-13,2025-08-14,528.16,M03
AP005669,Zephyr Group,logistics,2025-07-19,2025-07-22,169.37,M05
AP002690,Harbor Works,hardware,2026-02-11,2026-02-13,332.68,M12
AP005002,Umber Trading,professional_services,2025-11-07,2025-11-10,444.53,M11
AP001371,Acme Partners,marketing,2026-03-05,2026-03-06,251.44,M13
AP001190,Meridian Travel,travel,2026-05-31,2026-06-02,858.51,M07
AP005709,Zephyr Labs,marketing,2026-06-05,2026-06-05,69.32,M02
AP000023,Amazon Web Services,infrastructure,2025-07-18,2025-07-21,3475.95,M09
AP000689,Iron Mountain,facilities,2025-09-09,2025-09-12,539.42,M03
AP004887,Umber Solutions,events,2026-01-10,2026-01-12,137.1,M11
AP001728,Cinder Partners,events,2025-07-20,2025-07-23,229.63,M02
AP003728,Nimbus Group,logistics,2026-02-05,2026-02-05,2120.8,M08
AP002398,Gable Services,hardware,2025-11-21,2025-11-25,687.95,M11
AP000870,Robert Half,recruiting,2025-10-20,2025-10-24,7112.14,M11
AP001230,CDW,hardware,2026-02-23,2026-02-24,4512.69,M03
AP000114,Amazon Web Services,infrastructure,2025-10-06,2025-10-07,979.26,M14
AP005682,Zephyr Group,logistics,2026-01-28,2026-01-30,407.46,M05
AP003067,Keystone Supply,office,2025-12-17,2025-12-19,232.99,M13
AP005883,Northgate Logistics,logistics,2025-10-14,2025-10-20,1831.26,M08
AP004500,Rampart Trading,office,2025-07-25,2025-07-29,298.1,M01
AP002083,Ember Partners,events,2025-09-19,2025-09-19,640.33,M09
AP004473,Rampart Labs,office,2026-04-03,2026-04-06,127.39,M01
AP001052,Global Catering Co,events,2026-03-16,2026-03-19,438.63,M13
AP005455,Yonder Partners,marketing,2026-02-10,2026-02-10,110.02,M05
AP004267,Quarry Group,facilities,2025-07-09,2025-07-11,442.23,M07
AP003659,Nimbus Solutions,facilities,2025-10-01,2025-10-02,2195.64,M06
AP005531,Yonder Works,office,2026-01-03,2026-01-07,657.13,M14
AP002599,Harbor Consulting,marketing,2025-11-24,2025-11-27,1363.98,M04
AP000221,Amazon Web Services,infrastructure,2026-01-03,2026-01-05,3606.99,M09
AP005167,Vela Trading,facilities,2025-12-17,2025-12-19,162.25,M03
AP002384,Gable Supply,office,2025-11-13,2025-11-17,223.31,M09
AP004574,Sable Consulting,professional_services,2026-03-08,2026-03-09,280.85,M06
AP001730,Cinder Partners,events,2025-08-07,2025-08-11,711.22,M02
AP005916,Northgate Logistics,logistics,2025-07-06,2025-07-08,91875.15,M01
AP001645,Borealis Trading,logistics,2025-12-18,2025-12-19,436.43,M02
AP005244,Wharf Consulting,office,2025-11-06,2025-11-10,134.26,M14
AP005127,Vela Group,professional_services,2025-10-31,2025-11-03,511.36,M03
AP003537,Mosaic Industries,professional_services,2025-12-03,2025-12-08,95.53,M12
AP003105,Keystone Solutions,events,2025-10-23,2025-10-27,742.85,M01
AP000858,Robert Half,recruiting,2025-08-13,2025-08-18,1062.5,M05
AP002517,Gable Works,office,2026-04-17,2026-04-20,110.93,M02
AP002365,Fulcrum Trading,marketing,2025-12-13,2025-12-17,148.86,M10
AP005102,Vela Industries,hardware,2025-10-17,2025-10-20,438.22,M14
AP005805,Northgate Logistics,logistics,2026-05-16,2026-05-18,5173.52,M11
AP002270,Fulcrum Consulting,professional_services,2026-03-25,2026-03-30,210.32,M08
AP000880,Robert Half,recruiting,2025-11-05,2025-11-06,8715.62,M12
AP001433,Acme Works,professional_services,2025-08-10,2025-08-14,625.39,M01
AP002375,Fulcrum Trading,marketing,2026-06-12,2026-06-15,144.7,M12
AP000201,Amazon Web Services,infrastructure,2025-12-09,2025-12-09,3669.23,M07
AP000211,Amazon Web Services,infrastructure,2025-12-29,2026-01-01,1045.14,M12
AP005387,Yonder Services,facilities,2025-10-23,2025-10-27,486.71,M10
AP002702,Harbor Trading,software,2025-09-06,2025-09-08,103.0,M12
AP004737,Tundra Consulting,office,2025-12-22,2025-12-24,142.42,M12
AP001455,Acme Trading,office,2026-03-13,2026-03-13,616.01,M14
AP004490,Rampart Works,facilities,2026-02-26,2026-02-27,380.87,M14
AP001812,Cinder Works,logistics,2026-05-31,2026-06-03,129.56,M08
AP004220,Quarry Consulting,office,2026-04-21,2026-04-23,232.84,M03
AP004841,Tundra Trading,facilities,2026-05-14,2026-05-18,785.23,M02
AP005701,Zephyr Labs,marketing,2025-12-21,2025-12-22,154.31,M01
AP003726,Nimbus Group,logistics,2026-01-20,2026-01-20,108.5,M09
AP001225,CDW,hardware,2026-01-03,2026-01-05,2939.97,M09
AP003110,Keystone Solutions,events,2026-01-08,2026-01-12,349.48,M10
AP003210,Keystone Labs,facilities,2026-06-15,2026-06-17,1252.25,M12
AP000684,WeWork,facilities,2026-06-16,2026-06-22,5848.6,M02
AP000664,WeWork,facilities,2025-09-07,2025-09-08,9101.82,M14
AP003948,Onyx Trading,events,2025-07-19,2025-07-21,55.71,M10
AP001252,Verizon Business,telecom,2025-08-08,2025-08-11,1272.74,M08
AP005242,Wharf Consulting,office,2025-11-23,2025-11-26,784.08,M11
AP001566,Borealis Industries,facilities,2026-03-11,2026-03-16,686.84,M03
AP004295,Quarry Labs,events,2025-12-31,2026-01-05,198.67,M01
AP000239,Amazon Web Services,infrastructure,2026-01-05,2026-01-06,1037.88,M05
AP003654,Nimbus Solutions,facilities,2025-07-01,2025-07-03,107.8,M04
AP002285,Fulcrum Partners,professional_services,2025-11-16,2025-11-20,276.89,M07
AP003508,Mosaic Consulting,facilities,2026-05-08,2026-05-11,824.79,M14
AP003682,Nimbus Consulting,office,2026-03-07,2026-03-09,540.16,M03
AP001381,Acme Industries,facilities,2025-10-23,2025-10-24,422.14,M11
AP000485,Snowflake,infrastructure,2026-05-19,2026-05-19,7024.15,M08
AP005826,Northgate Logistics,logistics,2025-12-23,2025-12-29,193.29,M14
AP004317,Quarry Works,logistics,2026-03-05,2026-03-05,1468.43,M09
AP003604,Mosaic Trading,office,2025-08-12,2025-08-18,200.1,M06
AP001164,Meridian Travel,travel,2026-02-20,2026-02-23,736.56,M02
AP004159,Quarry Supply,hardware,2025-12-02,2025-12-05,279.15,M04
AP005703,Zephyr Labs,marketing,2026-02-01,2026-02-05,331.52,M13
AP005910,Northgate Logistics,logistics,2025-12-16,2025-12-22,3644.06,M05
AP002507,Gable Works,office,2025-10-19,2025-10-23,1061.78,M09
AP000730,Staples Business,office,2025-10-11,2025-10-13,476.9,M10
AP001460,Borealis Supply,marketing,2025-11-13,2025-11-17,145.79,M05
AP001316,Acme Solutions,software,2025-09-12,2025-09-16,157.38,M10
AP005512,Yonder Labs,facilities,2026-01-10,2026-01-14,2991.89,M07
AP002314,Fulcrum Group,professional_services,2025-08-27,2025-08-27,548.48,M05
AP000905,Robert Half,recruiting,2026-05-22,2026-05-25,6376.82,M07
AP001231,CDW,hardware,2026-03-05,2026-03-05,5787.17,M01
AP005295,Wharf Industries,professional_services,2026-06-20,2026-06-24,703.21,M07
AP001670,Cinder Supply,events,2026-05-30,2026-06-01,142.27,M12
AP004746,Tundra Consulting,office,2026-05-05,2026-05-08,198.23,M01
AP004918,Umber Partners,facilities,2025-08-16,2025-08-20,1149.04,M14
AP001242,CDW,hardware,2026-05-17,2026-05-18,7008.88,M06
AP001575,Borealis Group,events,2025-07-14,2025-07-18,719.37,M14
AP005757,Pinnacle Consulting,consulting,2025-11-15,2025-11-18,9500,M03
AP002112,Ember Industries,office,2026-03-30,2026-04-01,1200.34,M09
AP003699,Nimbus Partners,software,2026-02-27,2026-03-02,313.84,M05
AP003443,Mosaic Supply,hardware,2026-02-07,2026-02-11,162.81,M08
AP004937,Umber Industries,office,2025-08-30,2025-09-01,105.8,M01
AP001310,Acme Services,facilities,2026-05-19,2026-05-25,1244.45,M03
AP001620,Borealis Works,hardware,2025-08-15,2025-08-19,197.03,M10
AP002611,Harbor Partners,software,2025-07-21,2025-07-24,109.67,M13
AP002902,Juniper Supply,events,2026-02-01,2026-02-05,248.38,M01
AP000534,Datadog,infrastructure,2026-02-16,2026-02-18,1918.04,M11
AP003745,Nimbus Labs,professional_services,2026-01-23,2026-01-26,1131.57,M07
AP003529,Mosaic Partners,hardware,2026-04-15,2026-04-17,634.0,M11
AP002315,Fulcrum Group,professional_services,2025-08-14,2025-08-14,1438.0,M11
AP004136,Prairie Trading,professional_services,2025-11-03,2025-11-07,494.08,M08
AP003865,Onyx Partners,software,2026-02-28,2026-03-04,371.05,M13
AP002788,Inlet Consulting,marketing,2026-05-08,2026-05-11,1000.96,M02
AP004152,Quarry Supply,hardware,2025-08-19,2025-08-25,1083.0,M02
AP002015,Ember Supply,marketing,2025-09-30,2025-09-30,1522.32,M14
AP003774,Nimbus Works,software,2026-05-10,2026-05-11,844.2,M05
AP004086,Prairie Group,hardware,2026-05-19,2026-05-20,131.44,M08
AP000140,Amazon Web Services,infrastructure,2025-10-05,2025-10-07,2243.49,M05
AP001400,Acme Group,hardware,2025-08-21,2025-08-25,575.84,M14
AP004528,Sable Supply,software,2026-05-02,2026-05-04,1160.6,M07
AP000716,Staples Business,office,2025-08-12,2025-08-12,108.89,M05
AP002044,Ember Services,hardware,2025-12-04,2025-12-08,734.22,M07
AP003892,Onyx Industries,facilities,2026-05-31,2026-06-02,223.22,M14
AP005154,Vela Works,facilities,2025-08-21,2025-08-25,914.1,M14
AP001439,Acme Works,professional_services,2025-12-05,2025-12-08,98.95,M13
AP002670,Harbor Labs,professional_services,2026-02-17,2026-02-20,500.43,M13
AP004817,Tundra Labs,professional_services,2026-06-04,2026-06-04,608.18,M10
AP003845,Onyx Consulting,events,2025-07-21,2025-07-22,988.76,M01
AP000372,Amazon Web Services,infrastructure,2026-05-03,2026-05-04,1362.86,M01
AP005288,Wharf Industries,professional_services,2026-01-18,2026-01-19,542.3,M06
AP000379,Amazon Web Services,infrastructure,2026-05-05,2026-05-11,889.32,M05
AP002423,Gable Solutions,software,2026-05-10,2026-05-11,115.13,M13
AP005728,Zephyr Trading,logistics,2025-07-10,2025-07-10,442.42,M10
AP004191,Quarry Solutions,office,2025-07-07,2025-07-08,325.49,M14
AP001418,Acme Labs,facilities,2025-12-23,2025-12-25,130.65,M05
AP005223,Wharf Solutions,office,2025-10-23,2025-10-23,1109.87,M08
AP001762,Cinder Industries,software,2026-06-20,2026-06-22,492.35,M05
AP003562,Mosaic Group,professional_services,2026-01-13,2026-01-16,1225.32,M14
AP001925,Dockside Industries,software,2025-08-19,2025-08-22,560.73,M06
AP004478,Rampart Works,facilities,2025-07-16,2025-07-21,335.65,M04
AP002676,Harbor Works,hardware,2025-07-21,2025-07-25,815.88,M03
AP003453,Mosaic Services,facilities,2025-08-20,2025-08-22,57.11,M05
AP002220,Fulcrum Supply,marketing,2026-05-11,2026-05-11,374.37,M08
AP002355,Fulcrum Works,professional_services,2026-04-03,2026-04-06,233.31,M01
AP000370,Amazon Web Services,infrastructure,2026-05-13,2026-05-18,1479.93,M06
AP005868,Northgate Logistics,logistics,2025-12-16,2025-12-19,56795.38,M01
AP002208,Fulcrum Supply,marketing,2025-12-04,2025-12-05,975.48,M05
AP002399,Gable Services,hardware,2025-12-08,2025-12-08,561.0,M03
AP003309,Loom Consulting,marketing,2025-07-07,2025-07-11,101.46,M08
AP002085,Ember Partners,events,2025-10-05,2025-10-06,149.06,M02
AP000388,Amazon Web Services,infrastructure,2026-05-28,2026-06-01,974.33,M09
AP003178,Keystone Industries,professional_services,2025-09-04,2025-09-08,277.61,M05
AP000213,Amazon Web Services,infrastructure,2026-01-10,2026-01-12,2650.86,M06
AP002257,Fulcrum Consulting,professional_services,2025-07-27,2025-07-31,431.06,M09
AP004501,Rampart Trading,office,2025-08-24,2025-08-25,1589.42,M04
AP005321,Wharf Labs,office,2026-02-20,2026-02-23,478.47,M08
AP005595,Zephyr Services,professional_services,2026-04-13,2026-04-14,115.99,M04
AP000170,Amazon Web Services,infrastructure,2025-11-14,2025-11-17,1065.01,M11
AP001997,Dockside Trading,professional_services,2025-10-04,2025-10-07,449.36,M02
AP003254,Keystone Trading,hardware,2026-05-21,2026-05-25,604.6,M01
AP003662,Nimbus Solutions,facilities,2025-11-16,2025-11-19,164.79,M06
AP001138,Meridian Travel,travel,2025-11-06,2025-11-10,975.43,M13
AP005939,Umber Industries,office,2025-08-12,2025-08-16,5605.25,M14
AP003788,Nimbus Trading,software,2026-03-30,2026-04-01,205.42,M13
AP000277,Amazon Web Services,infrastructure,2026-02-17,2026-02-17,1580.33,M11
AP001039,Global Catering Co,events,2025-12-17,2025-12-18,448.57,M05
AP001315,Acme Solutions,software,2025-09-10,2025-09-10,131.41,M07
AP005602,Zephyr Solutions,office,2025-08-08,2025-08-11,136.18,M08
AP002226,Fulcrum Services,hardware,2025-09-17,2025-09-17,541.68,M14
AP004237,Quarry Partners,logistics,2026-03-31,2026-04-03,99.66,M04
AP001692,Cinder Solutions,office,2025-10-25,2025-10-27,1551.12,M03
AP004302,Quarry Labs,events,2026-04-07,2026-04-07,335.28,M13
AP001026,Global Catering Co,events,2025-09-16,2025-09-19,443.51,M03
AP002456,Gable Partners,marketing,2026-03-17,2026-03-18,793.57,M05
AP004229,Quarry Partners,logistics,2025-11-23,2025-11-27,724.2,M13
AP002242,Fulcrum Solutions,hardware,2025-12-19,2025-12-23,770.21,M08
AP002485,Gable Group,office,2025-12-29,2025-12-30,333.01,M11
AP005098,Vela Partners,office,2026-05-29,2026-06-01,196.42,M06
AP002108,Ember Industries,office,2026-02-02,2026-02-02,486.46,M09
AP001807,Cinder Works,logistics,2026-02-02,2026-02-05,501.35,M06
AP004948,Umber Group,software,2025-08-16,2025-08-18,238.67,M06
AP003093,Keystone Services,office,2026-03-13,2026-03-16,207.82,M09
AP000775,Staples Business,office,2026-03-07,2026-03-09,100.94,M11
AP005850,Northgate Logistics,logistics,2025-11-16,2025-11-17,75235.95,M03
AP000253,Amazon Web Services,infrastructure,2026-02-02,2026-02-02,1103.71,M03
AP005604,Zephyr Solutions,office,2025-09-14,2025-09-18,40.37,M01
AP003930,Onyx Works,facilities,2025-07-25,2025-07-28,24.99,M08
AP000949,Indeed,recruiting,2026-05-02,2026-05-04,3410.96,M02
AP002727,Inlet Supply,logistics,2025-12-19,2025-12-22,273.18,M11
AP004628,Sable Labs,marketing,2025-10-08,2025-10-13,192.34,M10
AP004249,Quarry Industries,logistics,2025-09-10,2025-09-11,164.26,M07
AP001816,Cinder Trading,marketing,2025-07-25,2025-07-28,1439.55,M05
AP002426,Gable Consulting,facilities,2025-08-22,2025-08-22,83.78,M03
AP001022,Global Catering Co,events,2025-08-09,2025-08-11,577.37,M01
AP004108,Prairie Works,office,2025-08-31,2025-09-03,296.75,M07
AP005768,Summit Interiors,facilities,2025-10-24,2025-10-27,7474.01,M05
AP003297,Loom Solutions,professional_services,2025-08-22,2025-08-25,221.73,M14
AP002091,Ember Partners,events,2026-03-24,2026-03-25,330.46,M11
AP001654,Cinder Supply,events,2025-08-31,2025-09-01,353.66,M10
AP003169,Keystone Partners,hardware,2026-05-11,2026-05-13,733.11,M10
AP005783,Northgate Logistics,logistics,2026-01-28,2026-02-02,8220.76,M07
AP004547,Sable Solutions,software,2025-07-15,2025-07-21,1020.98,M10
AP001205,CDW,hardware,2025-10-11,2025-10-13,103.03,M06
AP000005,Amazon Web Services,infrastructure,2025-07-10,2025-07-10,2045.79,M05
AP005257,Wharf Consulting,office,2026-06-16,2026-06-16,141.11,M10
AP005362,Wharf Trading,hardware,2026-02-23,2026-02-26,407.52,M12
AP001200,CDW,hardware,2025-08-30,2025-09-03,598.65,M13
AP003057,Juniper Trading,events,2026-04-09,2026-04-10,99.44,M02
AP005881,Northgate Logistics,logistics,2025-07-20,2025-07-21,448.91,M03
AP001995,Dockside Trading,professional_services,2025-09-06,2025-09-08,563.69,M11
AP003419,Loom Trading,hardware,2025-11-30,2025-12-01,244.08,M05
AP000069,Amazon Web Services,infrastructure,2025-08-22,2025-08-25,1248.7,M09
AP002354,Fulcrum Works,professional_services,2025-10-31,2025-11-03,764.37,M08
AP002185,Ember Trading,hardware,2025-10-12,2025-10-13,100.73,M08
AP003599,Mosaic Trading,office,2025-07-27,2025-07-30,332.97,M11
AP001727,Cinder Consulting,marketing,2026-06-14,2026-06-17,181.43,M08
AP001005,Marsh Insurance,insurance,2025-11-06,2025-11-07,4567.61,M09
AP000750,Staples Business,office,2025-12-08,2025-12-09,64.05,M11
AP000584,Salesforce,software,2026-02-13,2026-02-13,3001.11,M10
AP004770,Tundra Industries,software,2025-12-03,2025-12-08,336.29,M13
AP003391,Loom Labs,events,2026-01-01,2026-01-05,97.58,M04
AP001810,Cinder Works,logistics,2026-04-04,2026-04-07,1092.34,M07
AP002534,Harbor Supply,logistics,2025-07-25,2025-07-28,106.14,M05
AP004172,Quarry Supply,hardware,2026-06-03,2026-06-04,402.7,M12
AP004723,Tundra Solutions,facilities,2026-04-10,2026-04-14,201.18,M13
AP003131,Keystone Consulting,logistics,2025-10-26,2025-10-27,339.08,M11
AP001931,Dockside Industries,software,2026-01-01,2026-01-02,610.18,M11
AP002739,Inlet Services,software,2025-07-01,2025-07-01,416.01,M02
AP000816,Uline,office,2025-10-08,2025-10-13,479.4,M09
AP004026,Prairie Consulting,hardware,2026-02-22,2026-02-23,55.2,M05
AP000218,Amazon Web Services,infrastructure,2026-01-03,2026-01-06,4372.53,M14
AP003657,Nimbus Solutions,facilities,2025-09-24,2025-09-24,60.85,M09
AP005859,Northgate Logistics,logistics,2026-03-22,2026-03-26,4685.31,M14
AP004096,Prairie Labs,office,2026-01-19,2026-01-21,346.06,M13
AP001973,Dockside Labs,logistics,2026-05-28,2026-06-01,504.61,M08
AP000529,Datadog,infrastructure,2026-01-17,2026-01-19,2383.38,M07
AP004508,Rampart Trading,office,2026-01-15,2026-01-19,492.6,M01
AP003963,Onyx Trading,events,2026-04-24,2026-04-27,114.92,M10
AP001887,Dockside Consulting,office,2025-09-23,2025-09-24,192.27,M13
AP004288,Quarry Labs,events,2025-08-12,2025-08-15,239.65,M10
AP003751,Nimbus Labs,professional_services,2026-06-05,2026-06-08,1113.53,M10
AP000470,Snowflake,infrastructure,2026-02-08,2026-02-09,3219.61,M01
AP002742,Inlet Services,software,2025-09-29,2025-09-30,220.51,M05
AP001587,Borealis Group,events,2026-02-06,2026-02-06,150.99,M01
AP002041,Ember Services,hardware,2025-10-31,2025-11-03,840.64,M06
AP003235,Keystone Works,professional_services,2026-05-28,2026-06-01,49.24,M03
AP000973,Wilson Sonsini,legal,2026-02-16,2026-02-20,7837.92,M07
AP004467,Rampart Labs,office,2025-11-11,2025-11-17,89.05,M03
AP000313,Amazon Web Services,infrastructure,2026-03-18,2026-03-23,450.12,M02
AP002660,Harbor Group,logistics,2026-05-04,2026-05-07,620.08,M02
AP000831,Uline,office,2026-01-22,2026-01-26,382.12,M02
AP003224,Keystone Works,professional_services,2025-12-19,2025-12-23,2199.11,M12
AP002630,Harbor Partners,software,2026-05-20,2026-05-25,479.54,M02
AP005699,Zephyr Labs,marketing,2025-11-08,2025-11-10,601.09,M03
AP005754,Pinnacle Consulting,consulting,2025-08-17,2025-08-20,5000,M01
AP000355,Amazon Web Services,infrastructure,2026-05-19,2026-05-20,2879.04,M13
AP003953,Onyx Trading,events,2025-09-17,2025-09-19,597.2,M06
AP001140,Meridian Travel,travel,2025-11-14,2025-11-14,1010.73,M10
AP000947,Indeed,recruiting,2026-04-16,2026-04-17,1103.25,M05
AP000254,Amazon Web Services,infrastructure,2026-02-19,2026-02-19,729.71,M03
AP003225,Keystone Works,professional_services,2025-11-30,2025-12-02,426.1,M14
AP004269,Quarry Group,facilities,2025-10-18,2025-10-20,76.99,M11
AP001344,Acme Consulting,facilities,2026-02-17,2026-02-17,400.64,M05
AP003024,Juniper Works,events,2025-08-20,2025-08-25,239.95,M06
AP005619,Zephyr Consulting,hardware,2025-08-26,2025-08-27,150.56,M05
AP004730,Tundra Consulting,office,2025-08-05,2025-08-07,105.0,M02
AP001346,Acme Consulting,facilities,2026-02-11,2026-02-13,88.8,M12
AP002530,Gable Trading,events,2026-06-11,2026-06-15,192.24,M12
AP005393,Yonder Services,facilities,2026-01-22,2026-01-26,2354.16,M04
AP003691,Nimbus Partners,software,2025-08-13,2025-08-18,544.73,M06
AP003183,Keystone Industries,professional_services,2026-05-20,2026-05-22,257.48,M07
AP004801,Tundra Group,facilities,2026-05-16,2026-05-18,248.63,M01
AP004145,Prairie Trading,professional_services,2026-03-04,2026-03-09,1759.89,M07
AP000435,Snowflake,infrastructure,2025-08-22,2025-08-25,5298.9,M06
AP005006,Umber Trading,professional_services,2026-01-09,2026-01-09,149.87,M09
AP005302,Wharf Group,logistics,2025-10-30,2025-10-30,977.22,M04
AP005404,Yonder Solutions,events,2025-07-28,2025-07-31,125.73,M05
AP000207,Amazon Web Services,infrastructure,2025-12-11,2025-12-11,5885.27,M11
AP003617,Nimbus Supply,hardware,2025-07-22,2025-07-24,505.75,M13
AP001449,Acme Works,professional_services,2026-05-11,2026-05-12,229.26,M09
AP003633,Nimbus Supply,hardware,2026-06-22,2026-06-23,144.2,M02
AP000364,Amazon Web Services,infrastructure,2026-05-22,2026-05-25,1325.37,M09
AP004061,Prairie Industries,marketing,2025-11-12,2025-11-13,116.95,M11
AP001989,Dockside Works,software,2026-04-20,2026-04-24,897.18,M12
AP001155,Meridian Travel,travel,2026-01-17,2026-01-19,163.56,M13
AP000732,Staples Business,office,2025-10-13,2025-10-15,159.45,M03
AP000996,PwC,accounting,2026-02-28,2026-03-02,8569.67,M08
AP000721,Staples Business,office,2025-08-21,2025-08-25,141.09,M13
AP005741,Amazon Web Services,infrastructure,2025-12-31,2026-01-05,2499.42,M13
AP005463,Yonder Industries,marketing,2025-10-23,2025-10-27,891.2,M01
AP000411,Amazon Web Services,infrastructure,2026-05-29,2026-06-02,3119.0,M01
AP001297,Acme Supply,software,2026-06-08,2026-06-08,410.33,M13
AP003859,Onyx Consulting,events,2026-05-14,2026-05-14,250.75,M04
AP004534,Sable Services,logistics,2025-11-10,2025-11-13,796.02,M13
AP000547,Datadog,infrastructure,2026-05-01,2026-05-05,3109.82,M01
AP002951,Juniper Consulting,office,2026-01-29,2026-02-02,121.54,M02
AP002092,Ember Partners,events,2026-03-15,2026-03-17,930.65,M06
AP003084,Keystone Services,office,2025-09-05,2025-09-08,179.37,M01
AP001724,Cinder Consulting,marketing,2026-05-19,2026-05-25,462.62,M14
AP002299,Fulcrum Industries,professional_services,2025-09-08,2025-09-11,158.42,M12
AP005092,Vela Partners,office,2026-01-04,2026-01-07,442.74,M07
AP003828,Onyx Solutions,software,2025-08-13,2025-08-13,130.27,M12
AP003792,Nimbus Trading,software,2026-05-02,2026-05-06,99.25,M07
AP001504,Borealis Solutions,marketing,2025-11-14,2025-11-14,200.2,M05
AP005748,Robert Half,recruiting,2025-08-19,2025-08-21,5382.7,M03
AP003040,Juniper Works,events,2026-03-23,2026-03-23,284.02,M01
AP000231,Amazon Web Services,infrastructure,2026-01-04,2026-01-05,1510.5,M02
AP003768,Nimbus Works,software,2026-02-22,2026-02-23,487.55,M14
AP005083,Vela Partners,office,2025-09-07,2025-09-11,1378.7,M11
AP005431,Yonder Consulting,professional_services,2026-02-04,2026-02-09,155.47,M02
AP003182,Keystone Industries,professional_services,2026-04-16,2026-04-20,151.95,M09
AP001834,Dockside Supply,events,2025-08-05,2025-08-06,611.18,M13
AP003012,Juniper Labs,software,2025-10-13,2025-10-17,154.23,M06
AP004870,Umber Services,hardware,2025-11-04,2025-11-06,761.41,M04
AP004871,Umber Services,hardware,2025-11-11,2025-11-11,92.95,M11
AP003274,Loom Supply,professional_services,2026-05-12,2026-05-13,50.86,M12
AP002961,Juniper Partners,hardware,2025-07-23,2025-07-28,166.47,M13
AP001197,CDW,hardware,2025-08-08,2025-08-11,953.93,M02
AP003480,Mosaic Solutions,events,2026-02-11,2026-02-13,450.77,M10
AP005643,Zephyr Partners,professional_services,2025-11-30,2025-12-03,290.24,M11
AP000763,Staples Business,office,2026-01-17,2026-01-19,107.72,M05
AP000912,Robert Half,recruiting,2026-06-08,2026-06-11,3330.1,M07
AP004407,Rampart Partners,logistics,2025-07-20,2025-07-22,2370.06,M01
AP005453,Yonder Partners,marketing,2026-01-10,2026-01-12,47.74,M06
AP000575,Salesforce,software,2025-12-20,2025-12-22,4027.01,M01
AP001544,Borealis Partners,software,2026-01-06,2026-01-07,675.17,M10
AP001452,Acme Trading,office,2025-10-18,2025-10-20,518.31,M05
AP004142,Prairie Trading,professional_services,2026-02-18,2026-02-19,287.74,M05
AP002021,Ember Supply,marketing,2026-02-22,2026-02-24,42.87,M05
AP002617,Harbor Partners,software,2025-10-29,2025-10-30,130.27,M06
AP004345,Rampart Supply,software,2026-04-22,2026-04-24,215.13,M12
AP004989,Umber Works,marketing,2026-02-17,2026-02-23,468.26,M05
AP003085,Keystone Services,office,2025-09-08,2025-09-09,779.39,M10
AP005729,Zephyr Trading,logistics,2025-10-12,2025-10-15,558.96,M14
AP002883,Inlet Trading,hardware,2026-05-14,2026-05-18,379.55,M13
AP001123,Meridian Travel,travel,2025-08-18,2025-08-21,1224.05,M09
AP003729,Nimbus Group,logistics,2026-02-01,2026-02-04,249.38,M14
AP001917,Dockside Partners,facilities,2026-02-17,2026-02-23,493.63,M13
AP003600,Mosaic Trading,office,2025-07-01,2025-07-07,306.74,M08
AP003280,Loom Services,professional_services,2025-07-05,2025-07-07,141.96,M07
AP004434,Rampart Industries,facilities,2025-11-28,2025-12-01,2096.34,M14
AP001935,Dockside Industries,software,2026-03-11,2026-03-16,233.8,M11
AP002776,Inlet Consulting,marketing,2025-11-24,2025-11-27,169.79,M14
AP001172,Meridian Travel,travel,2026-03-16,2026-03-19,976.19,M14
AP001168,Meridian Travel,travel,2026-03-02,2026-03-02,351.19,M10
AP005129,Vela Group,professional_services,2025-12-05,2025-12-05,617.64,M13
AP005421,Yonder Consulting,professional_services,2025-08-01,2025-08-04,76.6,M07
AP001100,Apex Print Media,marketing,2026-02-23,2026-02-27,1995.88,M09
AP001688,Cinder Services,facilities,2026-06-02,2026-06-08,243.0,M07
AP003531,Mosaic Partners,hardware,2026-05-08,2026-05-11,270.73,M02
AP001473,Borealis Supply,marketing,2026-03-16,2026-03-20,201.28,M14
AP004387,Rampart Solutions,professional_services,2026-06-23,2026-06-24,454.72,M09
AP001199,CDW,hardware,2025-09-15,2025-09-15,1196.39,M05
AP001942,Dockside Group,hardware,2025-08-13,2025-08-13,245.12,M02
AP001090,Apex Print Media,marketing,2025-11-06,2025-11-10,618.54,M14
AP003421,Loom Trading,hardware,2026-01-12,2026-01-12,1315.92,M13
AP000551,Datadog,infrastructure,2026-06-12,2026-06-15,4028.97,M01
AP001722,Cinder Consulting,marketing,2026-04-18,2026-04-21,141.45,M02
AP001891,Dockside Consulting,office,2025-11-05,2025-11-07,317.09,M14
AP002620,Harbor Partners,software,2025-12-15,2025-12-16,83.97,M09
AP004438,Rampart Industries,facilities,2026-02-11,2026-02-12,706.59,M04
AP003434,Mosaic Supply,hardware,2025-08-20,2025-08-20,268.35,M11
AP005337,Wharf Works,professional_services,2025-12-24,2025-12-26,504.97,M11
AP005046,Vela Services,software,2026-06-04,2026-06-08,378.53,M14
AP005575,Zephyr Supply,office,2026-01-22,2026-01-22,1328.17,M11
AP004018,Prairie Consulting,hardware,2025-10-26,2025-10-28,163.3,M14
AP002895,Juniper Supply,events,2025-11-01,2025-11-05,841.61,M11
AP001545,Borealis Partners,software,2026-01-06,2026-01-07,3557.36,M12
AP001584,Borealis Group,events,2025-12-13,2025-12-15,401.78,M10
AP005745,Snowflake,infrastructure,2025-09-17,2025-09-18,4996.48,M03
AP003692,Nimbus Partners,software,2025-09-19,2025-09-22,134.14,M12
AP001616,Borealis Labs,logistics,2026-06-05,2026-06-08,744.17,M03
AP001121,Meridian Travel,travel,2025-07-16,2025-07-16,1005.95,M02
AP002001,Dockside Trading,professional_services,2025-12-29,2025-12-30,1031.9,M02
AP003979,Prairie Services,logistics,2025-07-03,2025-07-07,246.26,M11
AP003206,Keystone Labs,facilities,2026-02-26,2026-03-02,516.46,M11
AP005308,Wharf Group,logistics,2026-03-16,2026-03-16,1142.88,M07
AP000367,Amazon Web Services,infrastructure,2026-05-18,2026-05-21,432.13,M01
AP000995,PwC,accounting,2026-03-17,2026-03-20,8134.39,M14
AP005136,Vela Labs,software,2025-07-08,2025-07-09,273.55,M09
AP001805,Cinder Works,logistics,2025-12-13,2025-12-15,25.69,M07
AP002535,Harbor Supply,logistics,2025-08-14,2025-08-15,306.11,M07
AP003329,Loom Partners,professional_services,2025-08-13,2025-08-13,398.81,M14
AP003818,Onyx Services,logistics,2026-03-16,2026-03-19,203.5,M04
AP000118,Amazon Web Services,infrastructure,2025-10-06,2025-10-10,698.67,M12
AP005937,Sable Consulting,professional_services,2026-01-03,2026-01-03,395.71,M01
AP005401,Yonder Services,facilities,2026-05-11,2026-05-15,137.92,M06
AP003411,Loom Works,facilities,2026-06-23,2026-06-26,704.95,M13
AP000345,Amazon Web Services,infrastructure,2026-04-24,2026-04-27,1250.63,M03
AP004320,Quarry Works,logistics,2026-05-08,2026-05-08,458.6,M11
AP004962,Umber Labs,office,2025-10-17,2025-10-20,59.44,M03
AP005685,Zephyr Group,logistics,2026-02-26,2026-02-27,784.12,M01
AP000322,Amazon Web Services,infrastructure,2026-03-30,2026-04-01,6132.26,M02
AP005429,Yonder Consulting,professional_services,2025-12-11,2025-12-15,165.78,M03
AP003551,Mosaic Group,professional_services,2025-07-06,2025-07-08,260.65,M01
AP004251,Quarry Industries,logistics,2025-10-25,2025-10-29,53.79,M05
AP004011,Prairie Solutions,events,2026-03-31,2026-03-31,216.04,M13
AP001978,Dockside Works,software,2025-11-17,2025-11-18,605.67,M01
AP004357,Rampart Services,logistics,2025-11-22,2025-11-24,101.38,M02
AP005671,Zephyr Group,logistics,2025-08-07,2025-08-08,463.76,M08
AP004519,Sable Supply,software,2025-08-01,2025-08-01,1135.47,M08
AP003961,Onyx Trading,events,2026-03-11,2026-03-16,546.46,M07
AP004701,Tundra Services,office,2026-04-19,2026-04-21,1300.92,M10
AP002104,Ember Industries,office,2025-08-13,2025-08-18,1198.22,M07
AP001811,Cinder Works,logistics,2026-03-31,2026-04-02,36.33,M06
AP000875,Robert Half,recruiting,2025-11-24,2025-11-24,11138.18,M10
AP002496,Gable Labs,software,2026-01-16,2026-01-19,337.59,M14
AP000072,Amazon Web Services,infrastructure,2025-08-08,2025-08-08,1580.19,M09
AP001795,Cinder Labs,marketing,2026-03-02,2026-03-03,216.91,M02
AP005869,Northgate Logistics,logistics,2025-09-16,2025-09-18,796.83,M10
AP002278,Fulcrum Partners,professional_services,2025-08-24,2025-08-25,646.01,M12
AP003544,Mosaic Industries,professional_services,2026-04-16,2026-04-20,478.75,M11
AP002308,Fulcrum Industries,professional_services,2026-03-24,2026-03-24,636.11,M06
AP001885,Dockside Consulting,office,2025-08-12,2025-08-13,125.29,M05
AP001540,Borealis Partners,software,2025-09-25,2025-09-29,564.36,M01
AP002324,Fulcrum Group,professional_services,2026-02-28,2026-03-02,222.37,M07
AP000632,Atlassian,software,2026-06-01,2026-06-04,2199.39,M12
AP000901,Robert Half,recruiting,2026-03-29,2026-03-30,4351.07,M10
AP004791,Tundra Group,facilities,2025-10-06,2025-10-08,333.64,M12
AP004514,Rampart Trading,office,2026-04-22,2026-04-27,820.05,M06
AP005610,Zephyr Solutions,office,2025-11-07,2025-11-07,693.02,M03
AP004102,Prairie Labs,office,2026-05-15,2026-05-18,766.94,M06
AP004964,Umber Labs,office,2025-11-02,2025-11-06,379.79,M14
AP005835,Northgate Logistics,logistics,2025-12-03,2025-12-08,49057.86,M05
AP001409,Acme Group,hardware,2026-06-09,2026-06-11,242.49,M01
AP005558,Yonder Trading,office,2026-02-10,2026-02-16,949.17,M03
AP002962,Juniper Partners,hardware,2025-07-28,2025-08-01,345.17,M08
AP001505,Borealis Solutions,marketing,2025-12-24,2025-12-29,238.49,M05
AP000656,Figma,software,2026-06-19,2026-06-19,383.53,M13
AP001758,Cinder Industries,software,2026-01-21,2026-01-26,182.97,M03
AP002298,Fulcrum Industries,professional_services,2025-07-12,2025-07-14,235.9,M01
AP003715,Nimbus Industries,facilities,2026-06-01,2026-06-01,1272.37,M03
AP002894,Juniper Supply,events,2025-10-05,2025-10-09,2090.64,M10
AP004546,Sable Services,logistics,2026-06-23,2026-06-23,392.75,M11
AP003441,Mosaic Supply,hardware,2026-01-08,2026-01-12,901.35,M03
AP003218,Keystone Works,professional_services,2025-09-25,2025-09-29,108.29,M11
AP003755,Nimbus Works,software,2025-07-26,2025-07-28,2406.36,M14
AP005673,Zephyr Group,logistics,2025-08-31,2025-09-04,1576.79,M07
AP000670,WeWork,facilities,2025-12-09,2025-12-11,4925.36,M13
AP003831,Onyx Solutions,software,2025-10-24,2025-10-27,399.07,M06
AP005238,Wharf Consulting,office,2025-08-06,2025-08-06,294.03,M12
AP000817,Uline,office,2025-10-18,2025-10-20,423.14,M08
AP000394,Amazon Web Services,infrastructure,2026-06-05,2026-06-08,3589.93,M09
AP001828,Cinder Trading,marketing,2026-02-18,2026-02-23,124.07,M09
AP000890,Robert Half,recruiting,2026-02-13,2026-02-13,12622.94,M06
AP002789,Inlet Consulting,marketing,2026-06-06,2026-06-10,432.66,M10
AP001637,Borealis Trading,logistics,2025-07-15,2025-07-21,604.23,M05
AP002983,Juniper Partners,hardware,2026-05-13,2026-05-13,402.49,M09
AP003286,Loom Services,professional_services,2026-03-02,2026-03-06,817.23,M05
AP000657,Figma,software,2026-06-01,2026-06-03,833.59,M07
AP003483,Mosaic Solutions,events,2026-03-04,2026-03-04,189.06,M01
AP000887,Robert Half,recruiting,2026-01-15,2026-01-19,4678.8,M10
AP004597,Sable Industries,professional_services,2025-11-01,2025-11-03,118.88,M08
AP004006,Prairie Solutions,events,2026-02-07,2026-02-09,1123.02,M08
AP002159,Ember Works,hardware,2025-08-04,2025-08-08,83.83,M11
AP000608,Atlassian,software,2025-11-03,2025-11-07,699.94,M05
AP002334,Fulcrum Labs,software,2025-10-02,2025-10-03,285.56,M10
AP000798,Staples Business,office,2026-06-22,2026-06-23,61.88,M05
AP003072,Keystone Supply,office,2026-03-08,2026-03-10,1256.05,M13
AP000946,Indeed,recruiting,2026-04-22,2026-04-23,2050.8,M02
AP005739,Wilson Sonsini,legal,2026-06-06,2026-06-10,13175.45,M01
AP002526,Gable Trading,events,2025-11-02,2025-11-03,1110.1,M09
AP004457,Rampart Group,professional_services,2026-03-24,2026-03-26,763.43,M07
AP000770,Staples Business,office,2026-02-23,2026-02-24,326.46,M05
AP005185,Wharf Supply,professional_services,2025-09-03,2025-09-08,259.36,M13
AP002569,Harbor Services,events,2026-04-08,2026-04-08,259.62,M14
AP001993,Dockside Trading,professional_services,2025-08-10,2025-08-11,454.7,M03
AP004147,Prairie Trading,professional_services,2026-06-10,2026-06-15,433.04,M04
AP004007,Prairie Solutions,events,2026-03-10,2026-03-10,56.3,M13
AP005340,Wharf Works,professional_services,2026-01-23,2026-01-27,171.37,M06
AP004566,Sable Consulting,professional_services,2025-10-30,2025-11-03,319.1,M07
AP001277,Verizon Business,telecom,2026-06-16,2026-06-17,956.31,M05
AP004894,Umber Solutions,events,2026-04-17,2026-04-21,227.17,M13
AP001531,Borealis Consulting,facilities,2026-04-22,2026-04-22,1372.24,M10
AP001298,Acme Supply,software,2026-06-22,2026-06-24,582.59,M10
AP005802,Northgate Logistics,logistics,2025-12-07,2025-12-11,525.26,M01
AP004179,Quarry Services,marketing,2025-11-04,2025-11-10,308.88,M01
AP002979,Juniper Partners,hardware,2026-04-07,2026-04-10,92.25,M08
AP004346,Rampart Supply,software,2026-03-30,2026-03-31,206.08,M02
AP005842,Northgate Logistics,logistics,2025-08-24,2025-08-25,9224.56,M11
AP000834,Uline,office,2026-02-14,2026-02-17,305.32,M02
AP005656,Zephyr Industries,logistics,2025-10-07,2025-10-10,163.47,M01
AP001710,Cinder Consulting,marketing,2025-08-27,2025-08-28,731.67,M12
AP001456,Acme Trading,office,2026-03-20,2026-03-23,517.54,M12
AP002730,Inlet Supply,logistics,2026-01-03,2026-01-05,315.31,M01
AP003937,Onyx Works,facilities,2026-01-06,2026-01-06,557.52,M13
AP000836,Uline,office,2026-03-02,2026-03-02,714.53,M12
AP001734,Cinder Partners,events,2025-10-13,2025-10-13,80.69,M12
AP005696,Zephyr Labs,marketing,2025-07-31,2025-07-31,390.61,M08
AP005693,Zephyr Labs,marketing,2025-07-27,2025-07-31,1013.06,M01
AP005277,Wharf Partners,professional_services,2026-05-10,2026-05-11,294.44,M04
AP004109,Prairie Works,office,2025-09-03,2025-09-04,369.04,M10
AP005105,Vela Industries,hardware,2025-12-19,2025-12-22,543.14,M08
AP005390,Yonder Services,facilities,2025-11-07,2025-11-11,256.43,M04
AP003703,Nimbus Industries,facilities,2025-08-18,2025-08-19,145.35,M13
AP004820,Tundra Works,events,2025-10-13,2025-10-14,316.06,M12
AP000832,Uline,office,2026-01-21,2026-01-22,294.78,M14
AP001272,Verizon Business,telecom,2026-04-23,2026-04-24,1169.19,M01
AP002495,Gable Labs,software,2025-12-01,2025-12-04,621.93,M03
AP004272,Quarry Group,facilities,2025-11-28,2025-11-28,699.8,M07
AP000690,Iron Mountain,facilities,2025-10-02,2025-10-06,240.88,M12
AP002790,Inlet Partners,events,2025-09-13,2025-09-15,237.67,M01
AP001699,Cinder Solutions,office,2026-01-15,2026-01-16,579.59,M11
AP004954,Umber Group,software,2025-11-17,2025-11-17,223.86,M03
AP002635,Harbor Industries,events,2025-07-22,2025-07-24,89.13,M12
AP005247,Wharf Consulting,office,2026-01-14,2026-01-19,263.78,M05
AP005930,Salesforce,software,2026-04-02,2026-04-04,513.29,M12
AP000037,Amazon Web Services,infrastructure,2025-07-19,2025-07-21,3530.91,M07
AP002024,Ember Supply,marketing,2026-03-21,2026-03-24,180.41,M14
AP001023,Global Catering Co,events,2025-08-12,2025-08-13,1710.94,M14
AP001018,Global Catering Co,events,2025-07-08,2025-07-11,775.45,M02
AP003510,Mosaic Consulting,facilities,2026-06-07,2026-06-08,460.22,M06
AP003222,Keystone Works,professional_services,2025-11-22,2025-11-24,179.72,M14
AP003587,Mosaic Works,marketing,2025-11-28,2025-11-28,788.62,M02
AP004558,Sable Solutions,software,2025-12-16,2025-12-18,441.73,M06
AP001295,Acme Supply,software,2026-04-10,2026-04-13,410.59,M01
AP002253,Fulcrum Solutions,hardware,2026-06-02,2026-06-03,162.22,M11
AP001552,Borealis Partners,software,2026-06-09,2026-06-11,1595.26,M09
AP003393,Loom Labs,events,2026-04-13,2026-04-15,233.66,M12
AP004023,Prairie Consulting,hardware,2026-01-18,2026-01-19,1686.39,M02
AP000464,Snowflake,infrastructure,2026-01-21,2026-01-22,5441.67,M03
AP000324,Amazon Web Services,infrastructure,2026-04-15,2026-04-17,2285.78,M04
AP000579,Salesforce,software,2026-01-20,2026-01-23,4555.69,M13
AP002068,Ember Consulting,marketing,2025-10-18,2025-10-22,741.48,M02
AP005124,Vela Group,professional_services,2025-09-10,2025-09-15,186.31,M02
AP003913,Onyx Group,office,2026-05-16,2026-05-18,163.11,M11
AP000251,Amazon Web Services,infrastructure,2026-02-01,2026-02-02,691.82,M12
AP005608,Zephyr Solutions,office,2025-10-20,2025-10-22,515.54,M03
AP001712,Cinder Consulting,marketing,2025-09-21,2025-09-25,1144.19,M02
AP003402,Loom Works,facilities,2026-01-02,2026-01-05,1148.77,M01
AP003382,Loom Labs,events,2025-07-17,2025-07-18,769.94,M05
AP003503,Mosaic Consulting,facilities,2026-04-07,2026-04-10,586.43,M10
AP004980,Umber Works,marketing,2025-08-15,2025-08-15,256.31,M08
AP005884,Northgate Logistics,logistics,2026-01-13,2026-01-14,51727.3,M07
AP001827,Cinder Trading,marketing,2026-02-22,2026-02-23,787.91,M14
AP001348,Acme Consulting,facilities,2026-03-02,2026-03-06,353.16,M09
AP005880,Northgate Logistics,logistics,2025-12-08,2025-12-11,775.41,M04
AP003384,Loom Labs,events,2025-09-01,2025-09-02,571.05,M08
AP000814,Uline,office,2025-09-22,2025-09-24,146.3,M03
AP003557,Mosaic Group,professional_services,2025-11-10,2025-11-13,104.14,M04
AP005400,Yonder Services,facilities,2026-05-15,2026-05-18,249.78,M07
AP000592,Salesforce,software,2026-05-09,2026-05-11,7664.04,M06
AP003399,Loom Works,facilities,2025-08-15,2025-08-18,1292.5,M09
AP000539,Datadog,infrastructure,2026-03-25,2026-03-25,1189.49,M01
AP000969,Wilson Sonsini,legal,2025-12-22,2025-12-23,7951.66,M12
AP001617,Borealis Labs,logistics,2026-06-13,2026-06-15,855.99,M12
AP002248,Fulcrum Solutions,hardware,2026-03-06,2026-03-09,260.26,M03
AP001951,Dockside Group,hardware,2026-01-02,2026-01-06,499.47,M06
AP002136,Ember Labs,software,2025-07-16,2025-07-16,693.78,M02
AP000120,Amazon Web Services,infrastructure,2025-10-02,2025-10-06,1848.49,M02
AP004458,Rampart Group,professional_services,2026-06-21,2026-06-24,104.97,M03
AP003108,Keystone Solutions,events,2026-01-22,2026-01-23,322.2,M06
AP003781,Nimbus Trading,software,2025-09-09,2025-09-10,282.78,M04
AP000570,Salesforce,software,2025-11-20,2025-11-24,3586.42,M05
AP001355,Acme Partners,marketing,2025-07-01,2025-07-01,76.26,M05
AP005521,Yonder Labs,facilities,2026-06-20,2026-06-22,742.73,M06
AP005477,Yonder Industries,marketing,2026-03-28,2026-03-30,84.7,M07
AP004604,Sable Group,logistics,2025-08-15,2025-08-15,179.78,M06
AP002018,Ember Supply,marketing,2025-12-24,2025-12-26,124.18,M13
AP001467,Borealis Supply,marketing,2026-01-02,2026-01-06,116.05,M11
AP001717,Cinder Consulting,marketing,2026-01-16,2026-01-19,1052.99,M14
AP005347,Wharf Works,professional_services,2026-04-05,2026-04-06,494.91,M02
AP002631,Harbor Partners,software,2026-06-15,2026-06-19,427.19,M02
AP000654,Figma,software,2026-05-17,2026-05-19,399.46,M14
AP003986,Prairie Services,logistics,2025-12-11,2025-12-15,1026.89,M09
AP005759,Pinnacle Consulting,consulting,2026-01-07,2026-01-12,12000,M13
AP004934,Umber Partners,facilities,2026-05-23,2026-05-27,1862.3,M12
AP003459,Mosaic Services,facilities,2025-11-13,2025-11-17,561.2,M03
AP002868,Inlet Trading,hardware,2025-09-11,2025-09-12,198.62,M07
AP005255,Wharf Consulting,office,2026-05-19,2026-05-19,34.45,M02
AP005217,Wharf Services,professional_services,2026-06-05,2026-06-08,149.71,M01
AP004963,Umber Labs,office,2025-11-02,2025-11-03,775.45,M14
AP002279,Fulcrum Partners,professional_services,2025-09-23,2025-09-23,830.47,M09
AP003281,Loom Services,professional_services,2025-11-07,2025-11-10,826.0,M13
AP002030,Ember Supply,marketing,2026-06-23,2026-06-24,989.62,M04
AP003527,Mosaic Partners,hardware,2026-02-08,2026-02-11,2145.72,M09
AP002509,Gable Works,office,2025-12-11,2025-12-15,350.5,M02
AP003494,Mosaic Consulting,facilities,2025-09-24,2025-09-29,312.71,M13
AP000498,Datadog,infrastructure,2025-07-16,2025-07-18,4573.92,M03
AP001613,Borealis Labs,logistics,2026-05-07,2026-05-11,385.97,M11
AP004633,Sable Labs,marketing,2026-01-21,2026-01-22,379.35,M09
AP001235,CDW,hardware,2026-04-16,2026-04-20,551.8,M08
AP000537,Datadog,infrastructure,2026-03-07,2026-03-09,2247.0,M09
AP000002,Amazon Web Services,infrastructure,2025-07-07,2025-07-08,1435.57,M06
AP001445,Acme Works,professional_services,2026-03-24,2026-03-25,383.42,M05
AP000639,Figma,software,2025-10-24,2025-10-28,973.31,M13
AP005863,Northgate Logistics,logistics,2025-11-24,2025-11-27,405.41,M09
AP005151,Vela Works,facilities,2025-07-12,2025-07-15,896.94,M03
AP004583,Sable Partners,office,2025-11-07,2025-11-11,695.48,M02
AP002383,Gable Supply,office,2025-11-22,2025-11-24,135.44,M08
AP001453,Acme Trading,office,2026-02-12,2026-02-16,669.77,M05
AP004771,Tundra Industries,software,2026-02-07,2026-02-09,2580.29,M05
AP000993,PwC,accounting,2026-01-31,2026-02-02,22332.97,M05
AP005213,Wharf Services,professional_services,2026-03-14,2026-03-17,258.77,M04
AP003001,Juniper Industries,events,2026-06-12,2026-06-15,258.15,M03
AP005256,Wharf Consulting,office,2026-05-24,2026-05-28,360.33,M05
AP001806,Cinder Works,logistics,2026-01-16,2026-01-19,172.31,M12
AP002223,Fulcrum Services,hardware,2025-07-02,2025-07-07,122.06,M14
AP001020,Global Catering Co,events,2025-08-24,2025-08-26,262.92,M09
AP004616,Sable Group,logistics,2026-02-17,2026-02-18,470.75,M13
AP003816,Onyx Services,logistics,2025-11-20,2025-11-20,579.56,M05
AP000986,PwC,accounting,2025-10-25,2025-10-27,12709.84,M12
AP002918,Juniper Services,professional_services,2026-05-11,2026-05-13,526.4,M04
AP002114,Ember Industries,office,2026-05-11,2026-05-14,2254.79,M03
AP003619,Nimbus Supply,hardware,2025-08-14,2025-08-18,329.88,M09
AP000415,Amazon Web Services,infrastructure,2026-06-13,2026-06-16,3565.62,M05
AP002948,Juniper Consulting,office,2025-11-19,2025-11-24,200.08,M06
AP002571,Harbor Services,events,2026-05-01,2026-05-04,234.54,M04
AP003623,Nimbus Supply,hardware,2025-12-31,2026-01-05,294.21,M04
AP003058,Juniper Trading,events,2026-06-11,2026-06-15,102.36,M04
AP003749,Nimbus Labs,professional_services,2026-05-20,2026-05-20,1856.89,M11
AP000552,Datadog,infrastructure,2026-06-21,2026-06-22,6537.61,M12
AP004021,Prairie Consulting,hardware,2025-12-21,2025-12-25,110.61,M14
AP003032,Juniper Works,events,2026-01-15,2026-01-19,476.27,M05
AP005907,Northgate Logistics,logistics,2025-10-29,2025-10-29,2143.73,M03
AP004219,Quarry Consulting,office,2026-03-24,2026-03-24,2387.86,M03
AP003264,Loom Supply,professional_services,2025-10-09,2025-10-13,129.71,M11
AP004993,Umber Works,marketing,2026-06-09,2026-06-11,1661.24,M12
AP000413,Amazon Web Services,infrastructure,2026-06-21,2026-06-23,1663.51,M12
AP000896,Robert Half,recruiting,2026-03-04,2026-03-04,7076.38,M02
AP002264,Fulcrum Consulting,professional_services,2025-10-23,2025-10-27,105.94,M10
AP004424,Rampart Partners,logistics,2026-05-29,2026-06-01,139.33,M14
AP005712,Zephyr Works,logistics,2025-09-20,2025-09-22,209.57,M01
AP002600,Harbor Consulting,marketing,2025-11-12,2025-11-17,867.51,M11
AP001732,Cinder Partners,events,2025-08-30,2025-09-01,189.16,M09
AP000338,Amazon Web Services,infrastructure,2026-03-28,2026-03-30,6805.11,M12
AP000431,Snowflake,infrastructure,2025-08-21,2025-08-22,3296.09,M08
AP001687,Cinder Services,facilities,2026-06-21,2026-06-25,456.55,M03
AP002716,Harbor Trading,software,2026-05-30,2026-06-01,903.14,M05
AP001353,Acme Consulting,facilities,2026-05-01,2026-05-04,228.58,M01
AP002618,Harbor Partners,software,2025-11-25,2025-11-26,262.39,M14
AP003731,Nimbus Group,logistics,2026-03-11,2026-03-16,438.49,M07
AP000328,Amazon Web Services,infrastructure,2026-04-18,2026-04-22,2743.22,M12
AP001818,Cinder Trading,marketing,2025-08-15,2025-08-18,533.61,M09
AP002377,Gable Supply,office,2025-08-13,2025-08-18,580.45,M03
AP000975,Wilson Sonsini,legal,2026-03-12,2026-03-16,9175.95,M05
AP002002,Dockside Trading,professional_services,2026-01-14,2026-01-19,56.59,M09
AP002728,Inlet Supply,logistics,2025-12-12,2025-12-12,447.69,M12
AP003500,Mosaic Consulting,facilities,2026-02-17,2026-02-19,1250.55,M04
AP005522,Yonder Works,office,2025-08-04,2025-08-07,997.16,M12
AP001963,Dockside Labs,logistics,2025-12-23,2025-12-26,414.64,M14
AP004510,Rampart Trading,office,2026-02-16,2026-02-16,2561.18,M10
AP004538,Sable Services,logistics,2026-03-12,2026-03-13,1702.44,M12
AP000198,Amazon Web Services,infrastructure,2025-12-03,2025-12-08,1370.93,M07
AP004967,Umber Labs,office,2026-01-03,2026-01-06,222.06,M14
AP005556,Yonder Trading,office,2026-01-14,2026-01-19,825.41,M05
AP005573,Zephyr Supply,office,2025-10-10,2025-10-10,309.78,M05
AP001859,Dockside Services,logistics,2026-02-22,2026-02-25,506.28,M06
AP001701,Cinder Solutions,office,2026-01-06,2026-01-09,64.89,M08
AP003203,Keystone Labs,facilities,2025-10-12,2025-10-14,116.73,M08
AP004402,Rampart Consulting,professional_services,2026-03-20,2026-03-24,102.14,M10
AP004985,Umber Works,marketing,2025-12-07,2025-12-11,53.68,M01
AP001175,Meridian Travel,travel,2026-04-05,2026-04-09,2812.16,M01
AP005519,Yonder Labs,facilities,2026-06-19,2026-06-23,635.03,M05
AP004113,Prairie Works,office,2025-11-20,2025-11-20,500.03,M04
AP002039,Ember Services,hardware,2025-10-23,2025-10-27,245.94,M12
AP000891,Robert Half,recruiting,2026-02-02,2026-02-03,2044.59,M14
AP000972,Wilson Sonsini,legal,2026-01-12,2026-01-13,10899.41,M05
AP002005,Dockside Trading,professional_services,2026-03-15,2026-03-16,705.22,M06
AP002431,Gable Consulting,facilities,2025-10-31,2025-11-03,71.36,M13
AP002701,Harbor Trading,software,2025-08-02,2025-08-06,851.89,M01
AP003460,Mosaic Services,facilities,2025-11-14,2025-11-14,214.8,M08
AP003994,Prairie Solutions,events,2025-07-13,2025-07-14,684.24,M05
AP004825,Tundra Works,events,2025-12-08,2025-12-09,407.2,M10
AP000753,Staples Business,office,2025-12-17,2025-12-19,118.89,M02
AP005788,Northgate Logistics,logistics,2025-09-26,2025-09-26,109.5,M10
AP002391,Gable Supply,office,2026-06-06,2026-06-09,517.45,M02
AP001751,Cinder Industries,software,2025-09-17,2025-09-19,283.83,M09
AP004882,Umber Solutions,events,2025-09-02,2025-09-03,324.25,M14
AP004767,Tundra Industries,software,2025-11-20,2025-11-21,222.78,M13
AP005638,Zephyr Partners,professional_services,2025-10-14,2025-10-15,783.5,M02
AP000512,Datadog,infrastructure,2025-10-08,2025-10-09,3971.18,M05
AP001680,Cinder Services,facilities,2026-01-30,2026-02-02,146.29,M08
AP005189,Wharf Supply,professional_services,2025-12-06,2025-12-09,543.84,M07
AP005795,Northgate Logistics,logistics,2026-02-07,2026-02-09,1925.35,M14
AP003496,Mosaic Consulting,facilities,2025-12-09,2025-12-15,186.12,M14
AP000366,Amazon Web Services,infrastructure,2026-05-07,2026-05-11,748.3,M14
AP002560,Harbor Services,events,2025-10-23,2025-10-24,279.61,M02
AP005840,Northgate Logistics,logistics,2026-01-13,2026-01-14,738.3,M01
AP003872,Onyx Industries,facilities,2025-08-11,2025-08-13,58.94,M13
AP001516,Borealis Consulting,facilities,2025-07-31,2025-08-04,276.85,M14
AP004881,Umber Solutions,events,2025-09-08,2025-09-10,130.82,M07
AP004663,Sable Works,office,2026-04-13,2026-04-16,221.12,M07
AP005543,Yonder Works,office,2026-05-02,2026-05-04,330.98,M11
AP004951,Umber Group,software,2025-09-10,2025-09-10,485.71,M13
AP002773,Inlet Consulting,marketing,2025-09-30,2025-10-02,469.04,M02
AP005549,Yonder Trading,office,2025-08-21,2025-08-21,281.85,M11
AP001276,Verizon Business,telecom,2026-06-12,2026-06-15,1615.55,M01
AP002013,Ember Supply,marketing,2025-08-19,2025-08-19,537.14,M12
AP002915,Juniper Services,professional_services,2026-04-07,2026-04-09,355.16,M03
AP000148,Amazon Web Services,infrastructure,2025-11-17,2025-11-19,728.52,M12
AP004966,Umber Labs,office,2025-12-08,2025-12-08,356.72,M07
AP001325,Acme Solutions,software,2025-12-29,2025-12-31,534.32,M01
AP002174,Ember Works,hardware,2026-05-17,2026-05-18,71.98,M12
AP005547,Yonder Trading,office,2025-07-02,2025-07-04,159.72,M11
AP001251,Verizon Business,telecom,2025-07-01,2025-07-02,1002.42,M12
AP002333,Fulcrum Labs,software,2025-10-16,2025-10-16,85.6,M13
AP004398,Rampart Consulting,professional_services,2026-01-14,2026-01-19,1500.15,M07
AP004307,Quarry Works,logistics,2025-08-15,2025-08-18,471.2,M06
AP002871,Inlet Trading,hardware,2025-11-05,2025-11-10,144.07,M11
AP003013,Juniper Labs,software,2025-10-10,2025-10-13,222.85,M10
AP005134,Vela Group,professional_services,2026-03-05,2026-03-09,1043.79,M04
AP000180,Amazon Web Services,infrastructure,2025-12-25,2025-12-29,4105.08,M08
AP005107,Vela Industries,hardware,2026-01-04,2026-01-05,286.59,M14
AP005147,Vela Labs,software,2026-05-23,2026-05-25,283.8,M05
AP004679,Tundra Supply,logistics,2025-08-14,2025-08-14,244.24,M11
AP000943,Indeed,recruiting,2026-03-02,2026-03-05,2924.4,M09
AP001934,Dockside Industries,software,2026-02-19,2026-02-23,339.98,M08
AP005442,Yonder Partners,marketing,2025-07-05,2025-07-07,478.45,M10
AP004294,Quarry Labs,events,2025-12-09,2025-12-12,44.53,M09
AP004348,Rampart Supply,software,2026-05-31,2026-06-01,76.91,M13
AP001870,Dockside Solutions,professional_services,2025-09-15,2025-09-17,264.17,M08
AP005009,Umber Trading,professional_services,2026-03-24,2026-03-24,106.68,M01
AP005270,Wharf Partners,professional_services,2026-01-12,2026-01-13,767.22,M10
AP001189,Meridian Travel,travel,2026-05-29,2026-06-01,772.34,M02
AP001091,Apex Print Media,marketing,2025-11-11,2025-11-14,1304.96,M04
AP005043,Vela Services,software,2026-04-12,2026-04-13,136.98,M07
AP004187,Quarry Services,marketing,2026-05-03,2026-05-05,105.95,M08
AP002858,Inlet Works,facilities,2026-03-31,2026-04-03,1016.01,M01
AP005720,Zephyr Works,logistics,2026-02-07,2026-02-09,454.67,M14
AP002501,Gable Labs,software,2026-03-05,2026-03-09,1023.53,M03
AP002987,Juniper Industries,events,2025-08-17,2025-08-19,91.84,M09
AP001201,CDW,hardware,2025-10-08,2025-10-13,2168.42,M11
AP000629,Atlassian,software,2026-05-11,2026-05-14,1291.17,M04
AP005541,Yonder Works,office,2026-04-10,2026-04-13,38.01,M09
AP003007,Juniper Group,software,2026-02-15,2026-02-16,84.28,M11
AP001535,Borealis Consulting,facilities,2026-06-22,2026-06-26,369.82,M04
AP005652,Zephyr Partners,professional_services,2026-05-04,2026-05-08,770.52,M12
AP000052,Amazon Web Services,infrastructure,2025-08-23,2025-08-25,712.49,M01
AP005199,Wharf Supply,professional_services,2026-06-23,2026-06-25,116.52,M04
AP004003,Prairie Solutions,events,2025-12-24,2025-12-26,593.1,M14
AP005797,Northgate Logistics,logistics,2026-06-24,2026-06-26,5872.05,M12
AP003696,Nimbus Partners,software,2026-01-15,2026-01-19,891.35,M11
AP002968,Juniper Partners,hardware,2025-11-13,2025-11-13,115.25,M06
AP000155,Amazon Web Services,infrastructure,2025-11-04,2025-11-06,522.3,M07
AP002803,Inlet Industries,professional_services,2025-10-04,2025-10-07,108.1,M08
AP003175,Keystone Industries,professional_services,2025-08-06,2025-08-11,922.82,M14
AP003316,Loom Consulting,marketing,2026-01-19,2026-01-22,391.84,M07
AP002755,Inlet Solutions,logistics,2025-09-10,2025-09-15,1615.65,M09
AP005624,Zephyr Consulting,hardware,2025-12-07,2025-12-11,24.77,M12
AP000822,Uline,office,2025-11-21,2025-11-24,221.75,M13
AP002612,Harbor Partners,software,2025-07-17,2025-07-17,205.44,M11
AP000196,Amazon Web Services,infrastructure,2025-12-11,2025-12-15,3162.38,M10
AP003059,Juniper Trading,events,2026-05-28,2026-05-28,89.61,M08
AP001985,Dockside Works,software,2026-03-04,2026-03-04,101.78,M07
AP001938,Dockside Industries,software,2026-06-11,2026-06-15,1549.36,M12
AP001300,Acme Services,facilities,2025-07-20,2025-07-21,112.1,M04
AP005133,Vela Group,professional_services,2026-03-08,2026-03-10,751.79,M13
AP000302,Amazon Web Services,infrastructure,2026-03-20,2026-03-23,1187.89,M02
AP004936,Umber Industries,office,2025-08-02,2025-08-04,289.25,M11
AP001236,CDW,hardware,2026-04-13,2026-04-16,4211.56,M02
AP004747,Tundra Consulting,office,2026-05-13,2026-05-18,196.79,M06
AP002876,Inlet Trading,hardware,2026-01-20,2026-01-21,131.23,M03
AP005650,Zephyr Partners,professional_services,2026-02-26,2026-03-02,93.7,M12
AP002688,Harbor Works,hardware,2025-12-16,2025-12-17,434.3,M09
AP005183,Wharf Supply,professional_services,2025-07-21,2025-07-24,1231.37,M02
AP000275,Amazon Web Services,infrastructure,2026-02-06,2026-02-09,2034.03,M04
AP002717,Harbor Trading,software,2026-06-17,2026-06-22,204.1,M10
AP002317,Fulcrum Group,professional_services,2025-10-06,2025-10-10,1731.12,M11
AP005780,Summit Interiors,facilities,2025-07-28,2025-07-29,8435.26,M03
AP001983,Dockside Works,software,2026-02-23,2026-02-26,270.82,M07
AP000618,Atlassian,software,2026-02-09,2026-02-12,1146.54,M09
AP002736,Inlet Supply,logistics,2026-04-11,2026-04-13,1307.49,M07
AP003014,Juniper Labs,software,2025-11-09,2025-11-11,148.66,M06
AP002749,Inlet Services,software,2026-03-05,2026-03-09,1361.78,M12
AP001389,Acme Industries,facilities,2026-03-06,2026-03-09,1308.36,M05
AP005311,Wharf Group,logistics,2026-04-13,2026-04-16,105.71,M04
AP001430,Acme Labs,facilities,2026-06-23,2026-06-29,563.25,M07
AP004089,Prairie Labs,office,2025-07-22,2025-07-22,84.26,M05
AP004949,Umber Group,software,2025-08-23,2025-08-26,382.68,M13
AP002199,Ember Trading,hardware,2026-05-24,2026-05-26,863.52,M05
AP001605,Borealis Labs,logistics,2025-12-10,2025-12-11,323.63,M13
AP000788,Staples Business,office,2026-04-04,2026-04-08,120.62,M04
AP001628,Borealis Works,hardware,2026-02-17,2026-02-17,68.84,M09
AP002406,Gable Services,hardware,2026-05-27,2026-05-29,141.14,M04
AP003778,Nimbus Trading,software,2025-07-04,2025-07-04,189.18,M09
AP003640,Nimbus Services,software,2025-11-20,2025-11-24,2044.15,M03
AP004098,Prairie Labs,office,2026-02-22,2026-02-26,454.1,M03
AP000615,Atlassian,software,2026-01-02,2026-01-05,1391.36,M01
AP004755,Tundra Partners,office,2025-12-04,2025-12-08,1401.3,M02
AP004426,Rampart Industries,facilities,2025-07-07,2025-07-11,229.73,M13
AP002537,Harbor Supply,logistics,2025-09-04,2025-09-05,558.03,M06
AP004883,Umber Solutions,events,2025-09-29,2025-09-30,1016.03,M02
AP000602,Atlassian,software,2025-09-24,2025-09-24,1276.86,M11
AP003727,Nimbus Group,logistics,2026-01-20,2026-01-21,598.83,M12
AP000292,Amazon Web Services,infrastructure,2026-03-02,2026-03-02,905.29,M05
AP002892,Juniper Supply,events,2025-10-19,2025-10-20,450.86,M09
AP005950,Quarry Trading,logistics,2026-02-01,2026-02-07,328.1,M14
AP004178,Quarry Services,marketing,2025-10-29,2025-10-31,47.29,M10
AP001599,Borealis Labs,logistics,2025-07-06,2025-07-07,186.3,M13
AP003679,Nimbus Consulting,office,2026-01-15,2026-01-16,236.06,M01
AP001527,Borealis Consulting,facilities,2026-02-14,2026-02-16,571.23,M05
AP000622,Atlassian,software,2026-03-22,2026-03-26,1486.31,M13
AP004620,Sable Group,logistics,2026-05-13,2026-05-14,124.42,M02
AP005229,Wharf Solutions,office,2026-02-03,2026-02-04,337.55,M11
AP004321,Quarry Works,logistics,2026-05-10,2026-05-11,370.61,M02
AP003429,Loom Trading,hardware,2026-05-02,2026-05-04,410.71,M12
AP003643,Nimbus Services,software,2026-02-08,2026-02-12,492.35,M07
AP002102,Ember Industries,office,2025-07-10,2025-07-14,243.28,M08
AP001454,Acme Trading,office,2026-03-22,2026-03-24,285.66,M14
AP003473,Mosaic Solutions,events,2025-09-19,2025-09-19,50.87,M02
AP003215,Keystone Works,professional_services,2025-08-05,2025-08-08,1158.28,M05
AP003605,Mosaic Trading,office,2025-09-23,2025-09-25,719.48,M05
AP004481,Rampart Works,facilities,2025-09-16,2025-09-18,224.08,M07
AP004727,Tundra Consulting,office,2025-07-26,2025-07-28,168.47,M12
AP002243,Fulcrum Solutions,hardware,2026-01-17,2026-01-19,683.66,M13
AP005016,Vela Supply,facilities,2025-08-06,2025-08-07,638.21,M12
AP001556,Borealis Industries,facilities,2025-07-26,2025-07-30,472.75,M11
AP005327,Wharf Works,professional_services,2025-08-06,2025-08-08,417.09,M14
AP002367,Fulcrum Trading,marketing,2026-01-18,2026-01-21,322.84,M06
AP004291,Quarry Labs,events,2025-11-22,2025-11-24,456.33,M14
AP003449,Mosaic Supply,hardware,2026-06-11,2026-06-11,85.58,M05
AP000193,Amazon Web Services,infrastructure,2025-12-01,2025-12-02,2063.48,M04
AP000651,Figma,software,2026-04-09,2026-04-10,1021.52,M11
AP000703,Iron Mountain,facilities,2026-05-15,2026-05-19,565.51,M06
AP002923,Juniper Solutions,facilities,2025-11-02,2025-11-03,194.9,M05
AP002723,Inlet Supply,logistics,2025-11-17,2025-11-19,204.24,M08
AP000815,Uline,office,2025-10-19,2025-10-23,744.88,M11
AP005309,Wharf Group,logistics,2026-03-30,2026-03-30,341.63,M09
AP004762,Tundra Partners,office,2026-04-01,2026-04-01,199.03,M07
AP004816,Tundra Labs,professional_services,2026-06-13,2026-06-15,256.42,M10
AP001465,Borealis Supply,marketing,2025-12-15,2025-12-19,187.69,M12
AP004904,Umber Consulting,software,2026-01-16,2026-01-20,1998.36,M09
AP002675,Harbor Labs,professional_services,2026-06-17,2026-06-22,418.35,M11
AP003558,Mosaic Group,professional_services,2025-10-30,2025-10-30,264.97,M05
AP001426,Acme Labs,facilities,2026-04-02,2026-04-06,602.63,M12
AP004810,Tundra Labs,professional_services,2025-10-24,2025-10-28,163.37,M09
AP003879,Onyx Industries,facilities,2025-12-12,2025-12-12,273.7,M06
AP003555,Mosaic Group,professional_services,2025-09-26,2025-09-29,468.76,M09
AP000679,WeWork,facilities,2026-04-11,2026-04-13,7595.11,M02
AP005286,Wharf Industries,professional_services,2025-11-02,2025-11-05,278.38,M02
AP005328,Wharf Works,professional_services,2025-08-10,2025-08-11,244.73,M09
AP000187,Amazon Web Services,infrastructure,2025-12-15,2025-12-18,1814.23,M02
AP001299,Acme Supply,software,2026-05-28,2026-06-01,532.91,M06
AP001157,Meridian Travel,travel,2026-01-09,2026-01-09,268.49,M05
AP004686,Tundra Supply,logistics,2026-03-19,2026-03-23,193.74,M14
AP002430,Gable Consulting,facilities,2025-11-05,2025-11-10,932.73,M04
AP004803,Tundra Labs,professional_services,2025-07-27,2025-07-29,500.11,M04
AP001657,Cinder Supply,events,2025-12-18,2025-12-22,188.95,M11
AP000468,Snowflake,infrastructure,2026-01-21,2026-01-23,12393.17,M09
AP001271,Verizon Business,telecom,2026-03-25,2026-03-26,722.12,M03
AP004594,Sable Industries,professional_services,2025-09-19,2025-09-22,1074.7,M05
AP003820,Onyx Services,logistics,2026-04-14,2026-04-16,551.93,M08
AP001341,Acme Consulting,facilities,2025-12-20,2025-12-22,259.56,M08
AP004890,Umber Solutions,events,2026-03-14,2026-03-16,280.59,M02
AP004160,Quarry Supply,hardware,2025-12-25,2025-12-25,165.22,M07
AP004626,Sable Labs,marketing,2025-08-24,2025-08-25,137.4,M03
AP001990,Dockside Works,software,2026-04-08,2026-04-10,106.11,M09
AP005730,Zephyr Trading,logistics,2025-11-13,2025-11-14,92.6,M11
AP001940,Dockside Group,hardware,2025-08-10,2025-08-11,615.58,M12
AP000401,Amazon Web Services,infrastructure,2026-05-27,2026-06-01,771.3,M01
AP000330,Amazon Web Services,infrastructure,2026-04-19,2026-04-20,8582.13,M11
AP003952,Onyx Trading,events,2025-09-11,2025-09-15,226.14,M08
AP005219,Wharf Solutions,office,2025-08-06,2025-08-11,103.56,M14
AP003536,Mosaic Industries,professional_services,2025-11-19,2025-11-24,324.11,M08
AP003796,Onyx Supply,hardware,2025-09-07,2025-09-08,87.49,M12
AP002824,Inlet Group,events,2026-05-07,2026-05-08,122.64,M06
AP000056,Amazon Web Services,infrastructure,2025-08-08,2025-08-08,2129.38,M04
AP004685,Tundra Supply,logistics,2025-12-15,2025-12-19,80.61,M01
AP004580,Sable Partners,office,2025-08-08,2025-08-08,278.52,M13
AP002896,Juniper Supply,events,2025-11-19,2025-11-19,281.45,M14
AP003118,Keystone Solutions,events,2026-05-05,2026-05-06,360.45,M03
AP002957,Juniper Consulting,office,2026-05-09,2026-05-11,967.01,M14
AP005774,Summit Interiors,facilities,2026-06-05,2026-06-08,8957.9,M09
AP002049,Ember Solutions,hardware,2025-07-24,2025-07-28,1504.3,M11
AP002071,Ember Consulting,marketing,2025-12-07,2025-12-08,466.76,M09
AP000808,Uline,office,2025-08-07,2025-08-08,600.59,M08
AP000780,Staples Business,office,2026-03-01,2026-03-02,187.15,M10
AP001871,Dockside Solutions,professional_services,2025-09-04,2025-09-08,800.35,M01
AP002276,Fulcrum Partners,professional_services,2025-07-31,2025-07-31,474.34,M12
AP004575,Sable Consulting,professional_services,2026-05-18,2026-05-18,874.89,M06
AP003432,Loom Trading,hardware,2026-06-18,2026-06-22,187.89,M14
AP001681,Cinder Services,facilities,2026-03-20,2026-03-20,208.77,M09
AP001506,Borealis Solutions,marketing,2025-12-25,2025-12-26,1152.43,M13
AP003260,Loom Supply,professional_services,2025-08-17,2025-08-21,190.46,M02
AP000121,Amazon Web Services,infrastructure,2025-10-20,2025-10-20,2374.93,M14
AP002993,Juniper Industries,events,2025-10-19,2025-10-23,60.77,M04
AP001865,Dockside Services,logistics,2026-05-29,2026-05-29,622.4,M03
AP000715,Staples Business,office,2025-08-07,2025-08-11,31.76,M11
AP003245,Keystone Trading,hardware,2025-12-23,2025-12-23,93.76,M07
AP005131,Vela Group,professional_services,2025-12-20,2025-12-22,148.8,M11
AP003928,Onyx Labs,office,2026-04-01,2026-04-02,194.11,M02
AP001736,Cinder Partners,events,2026-03-03,2026-03-06,127.8,M05
AP005456,Yonder Partners,marketing,2026-03-21,2026-03-23,128.56,M07
AP005249,Wharf Consulting,office,2026-02-09,2026-02-11,248.06,M13
AP005272,Wharf Partners,professional_services,2026-03-31,2026-04-06,421.97,M07
AP001088,Apex Print Media,marketing,2025-10-09,2025-10-09,2093.38,M09
AP002451,Gable Partners,marketing,2026-01-22,2026-01-26,700.63,M02
AP000020,Amazon Web Services,infrastructure,2025-07-03,2025-07-03,10624.17,M07
AP004690,Tundra Supply,logistics,2026-04-29,2026-04-30,1199.57,M11
AP002970,Juniper Partners,hardware,2025-10-29,2025-10-31,365.24,M13
AP004116,Prairie Works,office,2025-12-15,2025-12-19,124.53,M02
AP000940,Indeed,recruiting,2026-02-20,2026-02-23,3423.91,M13
AP003373,Loom Group,events,2026-02-04,2026-02-05,401.52,M02
AP000605,Atlassian,software,2025-10-19,2025-10-20,732.91,M13
AP004487,Rampart Works,facilities,2026-01-10,2026-01-13,310.0,M13
AP001954,Dockside Group,hardware,2026-06-01,2026-06-05,395.67,M08
AP002497,Gable Labs,software,2026-01-24,2026-01-28,220.73,M13
AP003980,Prairie Services,logistics,2025-09-09,2025-09-12,122.44,M06
AP004748,Tundra Partners,office,2025-10-03,2025-10-06,71.76,M03
AP005470,Yonder Industries,marketing,2026-01-24,2026-01-26,419.61,M13
AP000723,Staples Business,office,2025-09-16,2025-09-16,68.69,M02
AP004312,Quarry Works,logistics,2026-01-20,2026-01-23,739.75,M06
AP002965,Juniper Partners,hardware,2025-08-16,2025-08-18,1461.54,M13
AP004340,Rampart Supply,software,2026-01-06,2026-01-07,94.04,M03
AP004353,Rampart Services,logistics,2025-09-26,2025-09-29,364.63,M10
AP001559,Borealis Industries,facilities,2025-08-08,2025-08-11,676.02,M09
AP002297,Fulcrum Industries,professional_services,2025-07-21,2025-07-22,104.2,M08
AP002186,Ember Trading,hardware,2025-10-11,2025-10-13,204.35,M01
AP000172,Amazon Web Services,infrastructure,2025-11-30,2025-12-02,1906.1,M04
AP001874,Dockside Solutions,professional_services,2025-11-20,2025-11-24,479.75,M06
AP003454,Mosaic Services,facilities,2025-08-16,2025-08-18,1294.24,M01
AP005882,Northgate Logistics,logistics,2026-05-02,2026-05-06,73854.87,M03
AP005951,Quarry Works,logistics,2026-05-10,2026-05-16,719.79,M07
AP005033,Vela Services,software,2025-07-10,2025-07-14,460.95,M14
AP002816,Inlet Group,events,2025-10-01,2025-10-03,330.05,M05
AP000074,Amazon Web Services,infrastructure,2025-09-11,2025-09-15,1065.45,M14
AP002269,Fulcrum Consulting,professional_services,2026-02-16,2026-02-18,671.06,M05
AP004016,Prairie Consulting,hardware,2025-09-21,2025-09-24,784.68,M13
AP005352,Wharf Trading,hardware,2025-07-07,2025-07-11,402.25,M08
AP000933,Indeed,recruiting,2025-12-12,2025-12-12,1195.21,M08
AP001074,Apex Print Media,marketing,2025-07-10,2025-07-10,549.91,M02
AP004988,Umber Works,marketing,2026-02-14,2026-02-17,153.55,M07
AP001485,Borealis Services,hardware,2025-11-10,2025-11-11,706.56,M13
AP005057,Vela Solutions,software,2026-03-16,2026-03-19,1374.52,M08
AP004050,Prairie Partners,office,2026-03-07,2026-03-09,302.85,M01
AP005836,Northgate Logistics,logistics,2025-07-26,2025-07-28,26223.84,M10
AP003122,Keystone Consulting,logistics,2025-07-16,2025-07-21,283.76,M10
AP001898,Dockside Consulting,office,2026-03-18,2026-03-18,576.85,M07
AP003029,Juniper Works,events,2025-11-19,2025-11-24,157.03,M11
AP000408,Amazon Web Services,infrastructure,2026-06-11,2026-06-11,295.49,M12
AP005398,Yonder Services,facilities,2026-04-19,2026-04-23,164.73,M01
AP003616,Nimbus Supply,hardware,2025-07-28,2025-08-01,73.74,M13
AP005072,Vela Consulting,office,2026-01-16,2026-01-19,141.51,M04
AP002077,Ember Consulting,marketing,2026-05-09,2026-05-12,171.51,M01
AP003071,Keystone Supply,office,2026-02-04,2026-02-04,464.89,M08
AP003919,Onyx Labs,office,2025-09-09,2025-09-11,144.78,M13
AP005059,Vela Solutions,software,2026-04-04,2026-04-08,703.3,M06
AP003168,Keystone Partners,hardware,2026-05-24,2026-05-26,286.3,M11
AP005191,Wharf Supply,professional_services,2026-03-07,2026-03-09,126.75,M12
AP000724,Staples Business,office,2025-09-22,2025-09-25,74.45,M01
AP001098,Apex Print Media,marketing,2026-01-20,2026-01-21,524.47,M08
AP000676,WeWork,facilities,2026-03-10,2026-03-11,8036.49,M12
AP004415,Rampart Partners,logistics,2026-01-21,2026-01-26,970.48,M03
AP004807,Tundra Labs,professional_services,2025-09-14,2025-09-15,122.19,M01
AP001130,Meridian Travel,travel,2025-09-24,2025-09-24,1109.6,M14
AP005501,Yonder Labs,facilities,2025-08-13,2025-08-18,235.49,M01
AP004099,Prairie Labs,office,2026-02-12,2026-02-16,192.92,M11
AP002798,Inlet Partners,events,2026-03-15,2026-03-17,325.9,M06
AP002188,Ember Trading,hardware,2025-11-07,2025-11-07,649.35,M02
AP005653,Zephyr Industries,logistics,2025-07-15,2025-07-17,606.61,M10
AP002265,Fulcrum Consulting,professional_services,2025-10-07,2025-10-13,346.92,M08
AP003924,Onyx Labs,office,2026-01-13,2026-01-13,244.54,M04
AP001044,Global Catering Co,events,2026-02-07,2026-02-11,2114.66,M01
AP001992,Dockside Works,software,2026-05-31,2026-06-01,237.19,M12
AP000325,Amazon Web Services,infrastructure,2026-04-03,2026-04-06,1960.7,M09
AP004048,Prairie Partners,office,2026-03-02,2026-03-02,246.66,M06
AP001976,Dockside Works,software,2025-11-19,2025-11-24,489.33,M02
AP003008,Juniper Group,software,2026-03-04,2026-03-09,263.44,M03
AP005146,Vela Labs,software,2026-05-19,2026-05-19,1301.94,M02
AP004996,Umber Trading,professional_services,2025-07-25,2025-07-28,115.98,M12
AP003882,Onyx Industries,facilities,2026-02-20,2026-02-23,58.48,M09
AP005145,Vela Labs,software,2026-04-09,2026-04-13,229.28,M07
AP003585,Mosaic Works,marketing,2025-11-13,2025-11-14,154.11,M13
AP000186,Amazon Web Services,infrastructure,2025-12-21,2025-12-22,5049.46,M02
AP000022,Amazon Web Services,infrastructure,2025-07-19,2025-07-21,1136.63,M11
AP003608,Mosaic Trading,office,2025-12-05,2025-12-08,220.64,M14
AP002127,Ember Group,events,2026-02-06,2026-02-06,347.18,M07
AP004020,Prairie Consulting,hardware,2025-12-02,2025-12-08,668.11,M07
AP005489,Yonder Group,hardware,2026-01-16,2026-01-16,220.58,M02
AP004912,Umber Consulting,software,2026-05-06,2026-05-06,473.88,M03
AP004479,Rampart Works,facilities,2025-08-08,2025-08-11,326.83,M08
AP000885,Robert Half,recruiting,2026-01-23,2026-01-23,4453.27,M07
AP003957,Onyx Trading,events,2025-12-03,2025-12-04,190.8,M01
AP001856,Dockside Services,logistics,2025-08-11,2025-08-11,907.14,M03
AP001007,Marsh Insurance,insurance,2025-12-08,2025-12-12,6197.71,M13
AP002254,Fulcrum Solutions,hardware,2026-06-12,2026-06-16,134.03,M06
AP001422,Acme Labs,facilities,2026-03-04,2026-03-06,103.53,M11
AP002559,Harbor Services,events,2025-10-03,2025-10-06,295.16,M14
AP002523,Gable Trading,events,2025-07-06,2025-07-07,423.74,M12
AP001944,Dockside Group,hardware,2025-10-07,2025-10-08,59.66,M02
AP002142,Ember Labs,software,2025-10-14,2025-10-15,310.14,M01
AP003718,Nimbus Group,logistics,2025-09-17,2025-09-17,215.41,M04
AP000151,Amazon Web Services,infrastructure,2025-11-02,2025-11-04,1710.65,M03
AP003756,Nimbus Works,software,2025-07-15,2025-07-15,709.48,M02
AP005320,Wharf Labs,office,2026-02-11,2026-02-16,223.32,M10
AP001644,Borealis Trading,logistics,2025-11-01,2025-11-03,921.98,M12
AP005171,Vela Trading,facilities,2026-02-18,2026-02-23,283.59,M12
AP000673,WeWork,facilities,2026-01-15,2026-01-16,8285.83,M10
AP005777,Summit Interiors,facilities,2025-07-27,2025-07-29,8395.23,M05
AP002294,Fulcrum Partners,professional_services,2026-05-17,2026-05-20,554.2,M02
AP001144,Meridian Travel,travel,2025-11-16,2025-11-19,1175.22,M10
AP004259,Quarry Industries,logistics,2026-01-13,2026-01-13,754.83,M04
AP004392,Rampart Consulting,professional_services,2025-11-01,2025-11-03,76.67,M07
AP003851,Onyx Consulting,events,2026-01-07,2026-01-09,244.03,M14
AP003832,Onyx Solutions,software,2025-12-16,2025-12-18,121.03,M07
AP002566,Harbor Services,events,2026-02-07,2026-02-09,2174.15,M08
AP000652,Figma,software,2026-05-14,2026-05-18,715.3,M13
AP003785,Nimbus Trading,software,2025-11-29,2025-12-02,680.52,M02
AP004908,Umber Consulting,software,2026-04-12,2026-04-14,168.1,M11
AP003357,Loom Industries,facilities,2025-12-30,2026-01-01,90.3,M06
AP001729,Cinder Partners,events,2025-07-20,2025-07-24,156.2,M14
AP002577,Harbor Solutions,logistics,2025-07-23,2025-07-23,651.51,M02
AP002920,Juniper Solutions,facilities,2025-07-18,2025-07-21,393.71,M07
AP000050,Amazon Web Services,infrastructure,2025-08-13,2025-08-14,2889.7,M10
AP000850,Robert Half,recruiting,2025-07-25,2025-07-28,4903.56,M14
AP005045,Vela Services,software,2026-06-22,2026-06-22,150.48,M14
AP003761,Nimbus Works,software,2025-10-23,2025-10-23,569.53,M14
AP002198,Ember Trading,hardware,2026-05-02,2026-05-04,389.45,M01
AP003031,Juniper Works,events,2025-12-12,2025-12-16,89.13,M06
AP001577,Borealis Group,events,2025-10-04,2025-10-06,463.34,M01
AP000019,Amazon Web Services,infrastructure,2025-07-14,2025-07-15,2076.35,M13
AP003088,Keystone Services,office,2025-12-25,2025-12-25,3143.88,M04
AP003159,Keystone Partners,hardware,2025-11-13,2025-11-14,101.96,M12
AP001415,Acme Labs,facilities,2025-11-14,2025-11-17,391.68,M04
AP005275,Wharf Partners,professional_services,2026-05-22,2026-05-25,510.95,M11
AP003773,Nimbus Works,software,2026-04-20,2026-04-21,335.79,M03
AP001632,Borealis Works,hardware,2026-03-30,2026-04-03,2041.9,M03
AP001412,Acme Labs,facilities,2025-10-01,2025-10-03,984.32,M04
AP004112,Prairie Works,office,2025-11-21,2025-11-25,676.64,M11
AP004274,Quarry Group,facilities,2026-01-14,2026-01-14,245.75,M12
AP004647,Sable Works,office,2025-09-13,2025-09-15,473.67,M07
AP003188,Keystone Group,facilities,2025-10-22,2025-10-27,96.65,M11
AP004991,Umber Works,marketing,2026-05-12,2026-05-13,293.46,M07
AP001289,Acme Supply,software,2026-02-18,2026-02-20,70.17,M07
AP003641,Nimbus Services,software,2026-01-14,2026-01-19,247.04,M08
AP004332,Quarry Trading,logistics,2026-06-16,2026-06-18,320.3,M09
AP004197,Quarry Solutions,office,2025-11-12,2025-11-17,240.88,M11
AP001156,Meridian Travel,travel,2026-01-04,2026-01-06,2126.04,M04
AP002654,Harbor Group,logistics,2025-11-21,2025-11-24,1085.05,M08
AP003278,Loom Services,professional_services,2025-07-28,2025-07-29,1063.35,M02
AP005355,Wharf Trading,hardware,2025-09-05,2025-09-05,901.34,M14
AP000596,Salesforce,software,2026-06-02,2026-06-02,4268.66,M05
AP005680,Zephyr Group,logistics,2026-01-20,2026-01-23,197.19,M14
AP004079,Prairie Group,hardware,2025-11-04,2025-11-10,263.77,M11
AP003907,Onyx Group,office,2025-12-17,2025-12-17,333.19,M10
AP005361,Wharf Trading,hardware,2026-02-11,2026-02-16,487.62,M04
AP001419,Acme Labs,facilities,2025-12-14,2025-12-18,281.28,M01
AP003528,Mosaic Partners,hardware,2026-04-19,2026-04-21,623.65,M07
AP000432,Snowflake,infrastructure,2025-08-09,2025-08-11,4060.02,M05
AP001908,Dockside Partners,facilities,2025-08-17,2025-08-18,268.82,M13
AP004897,Umber Consulting,software,2025-08-01,2025-08-04,2181.01,M09
AP002240,Fulcrum Solutions,hardware,2025-11-04,2025-11-06,99.84,M10
AP003685,Nimbus Consulting,office,2026-04-15,2026-04-17,1388.6,M08
AP001427,Acme Labs,facilities,2026-05-01,2026-05-04,1008.73,M04
AP003010,Juniper Group,software,2026-03-23,2026-03-24,1644.99,M07
AP005586,Zephyr Supply,office,2026-06-12,2026-06-16,190.77,M07
AP000992,PwC,accounting,2025-12-31,2026-01-02,17066.43,M06
AP002193,Ember Trading,hardware,2026-02-12,2026-02-16,63.1,M13
AP003189,Keystone Group,facilities,2025-10-22,2025-10-27,29.71,M07
AP002434,Gable Consulting,facilities,2025-12-14,2025-12-15,42.17,M10
AP003926,Onyx Labs,office,2026-03-29,2026-04-02,36.94,M07
AP000677,WeWork,facilities,2026-03-22,2026-03-25,12991.09,M11
AP003261,Loom Supply,professional_services,2025-08-14,2025-08-18,167.53,M07
AP000646,Figma,software,2026-02-17,2026-02-19,241.36,M11
AP000419,Amazon Web Services,infrastructure,2026-06-23,2026-06-29,2580.64,M03
AP003983,Prairie Services,logistics,2025-10-17,2025-10-20,809.22,M03
AP005246,Wharf Consulting,office,2026-01-18,2026-01-22,57.93,M05
AP003249,Keystone Trading,hardware,2026-02-04,2026-02-09,618.74,M08
AP002048,Ember Solutions,hardware,2025-07-20,2025-07-21,320.41,M05
AP003368,Loom Group,events,2025-08-21,2025-08-25,686.18,M11
AP003615,Mosaic Trading,office,2026-05-15,2026-05-18,151.79,M01
AP003484,Mosaic Solutions,events,2026-04-20,2026-04-21,385.07,M03
AP004070,Prairie Industries,marketing,2026-04-28,2026-05-01,134.48,M04
AP002662,Harbor Group,logistics,2026-06-12,2026-06-12,968.95,M14
AP003498,Mosaic Consulting,facilities,2026-01-06,2026-01-06,788.17,M10
AP003138,Keystone Consulting,logistics,2025-11-28,2025-12-02,59.03,M14
AP004208,Quarry Solutions,office,2026-05-31,2026-06-02,341.98,M04
AP000911,Robert Half,recruiting,2026-05-27,2026-05-27,10274.42,M08
AP005099,Vela Industries,hardware,2025-07-15,2025-07-21,395.98,M01
AP002877,Inlet Trading,hardware,2026-03-20,2026-03-24,119.38,M10
AP004243,Quarry Industries,logistics,2025-07-28,2025-07-29,143.1,M04
AP001126,Meridian Travel,travel,2025-08-15,2025-08-19,752.79,M07
AP004915,Umber Consulting,software,2026-05-29,2026-05-29,602.76,M07
AP000590,Salesforce,software,2026-04-05,2026-04-08,4103.96,M03
AP002829,Inlet Labs,facilities,2025-10-24,2025-10-24,409.52,M04
AP002640,Harbor Industries,events,2025-12-22,2025-12-24,417.49,M01
AP005689,Zephyr Group,logistics,2026-05-31,2026-06-03,388.97,M09
AP004497,Rampart Works,facilities,2026-06-11,2026-06-15,100.11,M10
AP005166,Vela Trading,facilities,2025-12-06,2025-12-08,296.41,M09
AP000111,Amazon Web Services,infrastructure,2025-10-02,2025-10-06,1968.65,M06
AP002211,Fulcrum Supply,marketing,2026-01-16,2026-01-19,430.32,M07
AP005947,Borealis Supply,marketing,2026-01-15,2026-01-17,196.1,M07
AP005237,Wharf Consulting,office,2025-08-17,2025-08-18,375.3,M03
AP000559,Salesforce,software,2025-08-18,2025-08-22,5049.22,M11
AP002721,Inlet Supply,logistics,2025-09-12,2025-09-15,297.64,M02
AP003805,Onyx Supply,hardware,2026-06-07,2026-06-08,227.58,M14
AP000316,Amazon Web Services,infrastructure,2026-04-19,2026-04-20,3789.2,M10
AP002038,Ember Services,hardware,2025-10-02,2025-10-02,208.21,M06
AP003094,Keystone Services,office,2026-04-19,2026-04-22,652.12,M05
AP005245,Wharf Consulting,office,2025-12-08,2025-12-08,865.8,M08
AP004941,Umber Industries,office,2025-12-02,2025-12-03,125.95,M07
AP003740,Nimbus Labs,professional_services,2025-10-03,2025-10-03,150.64,M10
AP001006,Marsh Insurance,insurance,2025-11-20,2025-11-20,6796.64,M14
AP002129,Ember Group,events,2026-02-20,2026-02-23,351.02,M01
AP003844,Onyx Solutions,software,2026-05-19,2026-05-22,919.71,M07
AP005158,Vela Works,facilities,2026-03-11,2026-03-13,403.4,M14
AP003252,Keystone Trading,hardware,2026-05-08,2026-05-11,806.44,M10
AP000341,Amazon Web Services,infrastructure,2026-04-02,2026-04-02,6616.14,M12
AP001420,Acme Labs,facilities,2026-01-06,2026-01-12,267.72,M13
AP000448,Snowflake,infrastructure,2025-10-15,2025-10-17,3279.89,M08
AP003571,Mosaic Labs,hardware,2025-08-14,2025-08-18,1275.54,M14
AP003964,Prairie Supply,facilities,2025-08-20,2025-08-25,237.6,M01
AP001788,Cinder Labs,marketing,2025-10-04,2025-10-08,271.9,M10
AP002284,Fulcrum Partners,professional_services,2025-11-11,2025-11-17,911.95,M02
AP005335,Wharf Works,professional_services,2025-10-01,2025-10-03,112.52,M04
AP000678,WeWork,facilities,2026-03-06,2026-03-10,7128.82,M12
AP005675,Zephyr Group,logistics,2025-10-20,2025-10-20,289.65,M07
AP002919,Juniper Solutions,facilities,2025-07-24,2025-07-24,171.49,M11
AP002553,Harbor Supply,logistics,2026-05-27,2026-06-01,184.83,M10
AP000799,Staples Business,office,2026-06-04,2026-06-04,205.05,M06
AP004611,Sable Group,logistics,2025-11-07,2025-11-10,194.12,M06
AP003379,Loom Group,events,2026-05-15,2026-05-19,145.51,M03
AP005024,Vela Supply,facilities,2026-01-04,2026-01-05,1676.6,M03
AP002088,Ember Partners,events,2025-11-13,2025-11-17,63.65,M07
AP005530,Yonder Works,office,2025-12-13,2025-12-17,222.97,M06
AP005112,Vela Industries,hardware,2026-04-12,2026-04-14,345.66,M03
AP004506,Rampart Trading,office,2025-12-06,2025-12-08,73.47,M05
AP005138,Vela Labs,software,2025-07-08,2025-07-10,622.7,M09
AP004414,Rampart Partners,logistics,2025-12-08,2025-12-12,362.58,M09
AP002216,Fulcrum Supply,marketing,2026-03-14,2026-03-16,71.26,M11
AP001913,Dockside Partners,facilities,2025-10-16,2025-10-17,697.77,M08
AP001286,Acme Supply,software,2026-01-15,2026-01-19,352.64,M09
AP005371,Yonder Supply,software,2025-08-15,2025-08-19,343.71,M01
AP004444,Rampart Industries,facilities,2026-05-15,2026-05-18,158.76,M04
AP002171,Ember Works,hardware,2026-03-23,2026-03-25,316.02,M11
AP005692,Zephyr Labs,marketing,2025-07-08,2025-07-11,145.97,M04
AP002887,Juniper Supply,events,2025-07-10,2025-07-14,297.72,M03
AP003584,Mosaic Works,marketing,2025-11-15,2025-11-17,2258.67,M02
AP002632,Harbor Partners,software,2026-06-09,2026-06-12,241.06,M03
AP002967,Juniper Partners,hardware,2025-09-01,2025-09-03,236.43,M05
AP004931,Umber Partners,facilities,2026-04-21,2026-04-21,67.18,M07
AP002277,Fulcrum Partners,professional_services,2025-07-31,2025-07-31,465.95,M12
AP003675,Nimbus Consulting,office,2025-09-20,2025-09-24,743.43,M12
AP000447,Snowflake,infrastructure,2025-10-05,2025-10-06,2064.97,M03
AP002561,Harbor Services,events,2025-11-25,2025-12-01,227.78,M10
AP004600,Sable Industries,professional_services,2026-02-03,2026-02-09,1178.43,M06
AP005488,Yonder Group,hardware,2025-12-15,2025-12-19,66.27,M02
AP001672,Cinder Services,facilities,2025-08-24,2025-08-28,664.67,M03
AP000427,Snowflake,infrastructure,2025-07-11,2025-07-14,3949.97,M07
AP005369,Wharf Trading,hardware,2026-06-06,2026-06-09,474.94,M11
AP005800,Northgate Logistics,logistics,2026-02-14,2026-02-18,17015.76,M12
AP001656,Cinder Supply,events,2025-09-08,2025-09-08,304.79,M03
AP001432,Acme Works,professional_services,2025-08-14,2025-08-14,369.52,M08
AP001927,Dockside Industries,software,2025-10-05,2025-10-08,40.16,M01
AP005180,Vela Trading,facilities,2026-06-11,2026-06-15,221.0,M06
AP003857,Onyx Consulting,events,2026-05-15,2026-05-18,679.0,M05
AP005297,Wharf Industries,professional_services,2026-05-30,2026-06-03,114.87,M14
AP001468,Borealis Supply,marketing,2026-02-18,2026-02-20,236.67,M11
AP000230,Amazon Web Services,infrastructure,2026-01-06,2026-01-07,7701.01,M12
AP003721,Nimbus Group,logistics,2025-10-09,2025-10-10,402.66,M02
AP001576,Borealis Group,events,2025-09-23,2025-09-29,449.2,M06
AP001690,Cinder Solutions,office,2025-09-14,2025-09-16,759.31,M09
AP004735,Tundra Consulting,office,2025-11-03,2025-11-04,187.85,M06
AP004994,Umber Trading,professional_services,2025-07-24,2025-07-25,472.7,M02
AP002197,Ember Trading,hardware,2026-05-06,2026-05-06,587.54,M04
AP003149,Keystone Consulting,logistics,2026-04-27,2026-04-30,154.17,M12
AP004053,Prairie Industries,marketing,2025-07-14,2025-07-18,161.58,M09
AP005290,Wharf Industries,professional_services,2026-02-02,2026-02-05,73.84,M09
AP005678,Zephyr Group,logistics,2025-12-06,2025-12-09,516.37,M14
AP005597,Zephyr Services,professional_services,2026-05-06,2026-05-11,186.54,M13
AP003352,Loom Industries,facilities,2025-08-18,2025-08-19,251.83,M08
AP005359,Wharf Trading,hardware,2025-11-07,2025-11-10,43.8,M10
AP000238,Amazon Web Services,infrastructure,2026-01-07,2026-01-08,362.44,M06
AP003134,Keystone Consulting,logistics,2025-11-15,2025-11-17,351.48,M09
AP003535,Mosaic Industries,professional_services,2025-11-10,2025-11-10,158.2,M12
AP003935,Onyx Works,facilities,2025-10-21,2025-10-24,112.58,M06
AP001274,Verizon Business,telecom,2026-05-23,2026-05-25,1087.12,M14
AP002821,Inlet Group,events,2026-02-26,2026-02-27,411.71,M02
AP002885,Inlet Trading,hardware,2026-06-17,2026-06-19,509.99,M12
AP002637,Harbor Industries,events,2025-08-10,2025-08-11,755.96,M01
AP004910,Umber Consulting,software,2026-03-30,2026-04-03,307.5,M12
AP000593,Salesforce,software,2026-05-20,2026-05-25,4188.41,M12
AP004169,Quarry Supply,hardware,2026-04-28,2026-04-28,380.93,M10
AP002750,Inlet Services,software,2026-03-29,2026-03-30,312.64,M12
AP003976,Prairie Supply,facilities,2026-06-13,2026-06-15,1888.78,M07
AP004364,Rampart Services,logistics,2026-02-14,2026-02-18,616.51,M09
AP004520,Sable Supply,software,2025-09-15,2025-09-19,118.49,M14
AP002026,Ember Supply,marketing,2026-03-31,2026-03-31,683.19,M05
AP004556,Sable Solutions,software,2025-12-07,2025-12-08,393.55,M14
AP002113,Ember Industries,office,2026-04-28,2026-04-28,211.01,M09
AP000100,Amazon Web Services,infrastructure,2025-09-06,2025-09-10,1682.96,M10
AP001354,Acme Consulting,facilities,2026-05-09,2026-05-11,1232.83,M10
AP000846,Uline,office,2026-06-21,2026-06-22,243.14,M05
AP002768,Inlet Solutions,logistics,2026-06-19,2026-06-22,148.26,M14
AP002078,Ember Consulting,marketing,2026-06-18,2026-06-22,70.98,M01
AP000255,Amazon Web Services,infrastructure,2026-02-14,2026-02-18,2586.3,M01
AP001598,Borealis Labs,logistics,2025-07-08,2025-07-10,436.52,M09
AP004739,Tundra Consulting,office,2025-12-17,2025-12-22,410.08,M13
AP003676,Nimbus Consulting,office,2025-10-13,2025-10-17,223.45,M06
AP001647,Borealis Trading,logistics,2026-01-07,2026-01-08,285.39,M09
AP000601,Atlassian,software,2025-08-13,2025-08-18,739.31,M14
AP001740,Cinder Partners,events,2026-04-05,2026-04-07,3659.37,M14
AP004154,Quarry Supply,hardware,2025-09-09,2025-09-11,398.91,M04
AP004507,Rampart Trading,office,2026-01-24,2026-01-26,155.0,M08
AP005091,Vela Partners,office,2026-01-08,2026-01-12,660.9,M07
AP004512,Rampart Trading,office,2026-03-21,2026-03-23,114.85,M12
AP001149,Meridian Travel,travel,2025-12-23,2025-12-25,205.53,M11
AP003504,Mosaic Consulting,facilities,2026-04-05,2026-04-06,342.21,M04
AP000371,Amazon Web Services,infrastructure,2026-05-15,2026-05-15,2005.48,M11
AP004228,Quarry Partners,logistics,2025-11-14,2025-11-18,329.82,M06
AP001043,Global Catering Co,events,2026-01-24,2026-01-26,505.21,M08
AP005862,Northgate Logistics,logistics,2026-02-08,2026-02-12,96240.94,M04
AP000404,Amazon Web Services,infrastructure,2026-06-17,2026-06-22,1244.58,M01
AP004933,Umber Partners,facilities,2026-05-14,2026-05-18,195.78,M12
AP005690,Zephyr Group,logistics,2026-06-15,2026-06-15,198.7,M07
AP003815,Onyx Services,logistics,2025-11-05,2025-11-10,229.1,M12
AP005202,Wharf Services,professional_services,2025-08-07,2025-08-11,351.04,M03
AP003821,Onyx Services,logistics,2026-04-06,2026-04-09,329.26,M03
AP005036,Vela Services,software,2025-11-23,2025-11-27,245.36,M08
AP005516,Yonder Labs,facilities,2026-03-02,2026-03-03,148.62,M08
AP001981,Dockside Works,software,2026-01-22,2026-01-22,298.66,M02
AP002194,Ember Trading,hardware,2026-04-21,2026-04-24,174.23,M02
AP004093,Prairie Labs,office,2025-11-08,2025-11-11,279.39,M13
AP002286,Fulcrum Partners,professional_services,2025-12-12,2025-12-15,144.61,M10
AP002536,Harbor Supply,logistics,2025-09-15,2025-09-16,115.12,M03
AP001883,Dockside Solutions,professional_services,2026-06-17,2026-06-19,2407.35,M02
AP005395,Yonder Services,facilities,2026-03-09,2026-03-13,870.7,M01
AP004297,Quarry Labs,events,2026-02-17,2026-02-20,256.82,M10
AP004919,Umber Partners,facilities,2025-09-14,2025-09-15,86.44,M14
AP001245,CDW,hardware,2026-06-23,2026-06-23,1912.8,M05
AP004610,Sable Group,logistics,2025-11-14,2025-11-17,355.13,M14
AP002698,Harbor Trading,software,2025-07-03,2025-07-07,438.53,M07
AP000086,Amazon Web Services,infrastructure,2025-09-20,2025-09-22,2039.15,M08
AP000620,Atlassian,software,2026-02-20,2026-02-23,515.5,M02
AP000161,Amazon Web Services,infrastructure,2025-11-10,2025-11-14,1488.62,M13
AP005240,Wharf Consulting,office,2025-08-31,2025-09-01,283.4,M02
AP004527,Sable Supply,software,2026-03-30,2026-04-03,2148.23,M06
AP002859,Inlet Works,facilities,2026-04-12,2026-04-13,523.75,M10
AP001478,Borealis Services,hardware,2025-07-04,2025-07-07,517.64,M14
AP003943,Onyx Works,facilities,2026-04-04,2026-04-06,2473.61,M02
AP001476,Borealis Supply,marketing,2026-06-20,2026-06-22,251.81,M08
AP000027,Amazon Web Services,infrastructure,2025-07-09,2025-07-14,2178.96,M13
AP004630,Sable Labs,marketing,2025-11-02,2025-11-06,1214.61,M08
AP001017,Global Catering Co,events,2025-07-23,2025-07-25,503.06,M04
AP003622,Nimbus Supply,hardware,2025-12-09,2025-12-09,547.03,M04
AP004486,Rampart Works,facilities,2026-01-22,2026-01-26,203.37,M02
AP000985,PwC,accounting,2025-09-07,2025-09-08,11836.63,M14
AP004678,Tundra Supply,logistics,2025-08-20,2025-08-21,65.04,M11
AP004599,Sable Industries,professional_services,2026-01-14,2026-01-19,749.8,M06
AP004033,Prairie Partners,office,2025-07-07,2025-07-09,74.0,M07
AP005933,Mosaic Solutions,events,2026-02-11,2026-02-14,756.34,M14
AP000496,Datadog,infrastructure,2025-07-28,2025-07-29,6450.96,M02
AP000049,Amazon Web Services,infrastructure,2025-08-02,2025-08-04,653.37,M13
AP005300,Wharf Group,logistics,2025-08-25,2025-08-26,919.1,M09
AP000696,Iron Mountain,facilities,2026-01-18,2026-01-22,583.92,M04
AP002415,Gable Solutions,software,2026-03-02,2026-03-06,209.55,M10
AP001720,Cinder Consulting,marketing,2026-02-03,2026-02-09,161.66,M09
AP003043,Juniper Trading,events,2025-07-24,2025-07-28,482.41,M04
AP002710,Harbor Trading,software,2026-01-23,2026-01-23,618.64,M08
AP002972,Juniper Partners,hardware,2025-12-13,2025-12-16,210.26,M07
AP001249,CDW,hardware,2026-06-08,2026-06-12,2697.31,M05
AP005402,Yonder Services,facilities,2026-06-16,2026-06-16,155.44,M05
AP000268,Amazon Web Services,infrastructure,2026-02-01,2026-02-05,1708.42,M06
AP001055,Global Catering Co,events,2026-02-26,2026-03-02,494.04,M01
AP002101,Ember Industries,office,2025-07-14,2025-07-17,132.65,M08
AP005010,Umber Trading,professional_services,2026-04-18,2026-04-21,320.78,M04
AP003885,Onyx Industries,facilities,2026-03-10,2026-03-11,100.04,M01
AP002878,Inlet Trading,hardware,2026-02-28,2026-03-02,229.13,M05
AP003061,Keystone Supply,office,2025-08-07,2025-08-08,629.29,M08
AP003148,Keystone Consulting,logistics,2026-04-11,2026-04-13,194.99,M14
AP002132,Ember Group,events,2026-04-19,2026-04-22,172.3,M11
AP005278,Wharf Partners,professional_services,2026-06-07,2026-06-08,296.9,M13
AP004111,Prairie Works,office,2025-09-30,2025-10-01,225.07,M13
AP001003,Marsh Insurance,insurance,2025-09-14,2025-09-16,7876.03,M09
AP004569,Sable Consulting,professional_services,2026-01-03,2026-01-05,102.8,M06
AP004255,Quarry Industries,logistics,2025-11-02,2025-11-03,293.63,M13
AP000226,Amazon Web Services,infrastructure,2025-12-28,2025-12-30,2202.22,M09
AP001936,Dockside Industries,software,2026-03-07,2026-03-09,799.37,M10
AP002557,Harbor Services,events,2025-08-23,2025-08-25,662.57,M09
AP004025,Prairie Consulting,hardware,2026-02-06,2026-02-09,788.08,M07
AP003313,Loom Consulting,marketing,2025-09-18,2025-09-22,766.27,M10
AP002595,Harbor Consulting,marketing,2025-08-20,2025-08-25,838.79,M13
AP001530,Borealis Consulting,facilities,2026-04-07,2026-04-10,294.76,M09
AP001855,Dockside Services,logistics,2025-07-31,2025-08-04,729.16,M11
AP002017,Ember Supply,marketing,2025-11-15,2025-11-17,270.57,M11
AP003101,Keystone Solutions,events,2025-09-04,2025-09-08,304.26,M08
AP005913,Northgate Logistics,logistics,2025-08-28,2025-09-01,437.17,M13
AP000234,Amazon Web Services,infrastructure,2026-01-07,2026-01-12,269.28,M01
AP003458,Mosaic Services,facilities,2025-10-02,2025-10-03,773.33,M14
AP005169,Vela Trading,facilities,2026-01-09,2026-01-13,1205.55,M11
AP003911,Onyx Group,office,2026-02-22,2026-02-26,322.36,M10
AP003106,Keystone Solutions,events,2025-11-07,2025-11-10,208.8,M02
AP002644,Harbor Industries,events,2026-04-21,2026-04-22,267.18,M04
AP000826,Uline,office,2025-12-07,2025-12-08,198.0,M10
AP002602,Harbor Consulting,marketing,2025-12-21,2025-12-23,79.6,M06
AP001962,Dockside Labs,logistics,2025-11-22,2025-11-25,460.13,M12
AP005353,Wharf Trading,hardware,2025-07-16,2025-07-21,166.51,M11
AP001695,Cinder Solutions,office,2025-10-30,2025-11-03,52.92,M07
AP003317,Loom Consulting,marketing,2026-01-21,2026-01-26,237.16,M14
AP001327,Acme Solutions,software,2026-02-26,2026-03-02,174.61,M12
AP004562,Sable Consulting,professional_services,2025-09-13,2025-09-15,960.45,M05
AP002926,Juniper Solutions,facilities,2026-01-13,2026-01-15,315.56,M12
AP000276,Amazon Web Services,infrastructure,2026-01-28,2026-01-30,1562.8,M09
AP002680,Harbor Works,hardware,2025-09-09,2025-09-10,238.07,M12
AP003922,Onyx Labs,office,2025-12-08,2025-12-12,756.43,M13
AP003271,Loom Supply,professional_services,2026-04-21,2026-04-22,98.57,M12
AP004779,Tundra Industries,software,2026-05-11,2026-05-12,145.93,M01
AP002301,Fulcrum Industries,professional_services,2025-10-07,2025-10-10,1252.56,M02
AP000501,Datadog,infrastructure,2025-07-25,2025-07-29,2059.98,M04
AP003212,Keystone Works,professional_services,2025-07-02,2025-07-04,237.64,M06
AP000707,Staples Business,office,2025-07-08,2025-07-09,154.96,M11
AP003345,Loom Partners,professional_services,2026-06-01,2026-06-01,1619.07,M04
AP001578,Borealis Group,events,2025-10-12,2025-10-15,836.36,M09
AP000178,Amazon Web Services,infrastructure,2025-12-09,2025-12-15,1235.39,M08
AP001592,Borealis Group,events,2026-03-14,2026-03-18,1652.08,M10
AP004866,Umber Services,hardware,2025-07-21,2025-07-23,71.07,M01
AP005853,Northgate Logistics,logistics,2025-08-30,2025-09-03,281.68,M09
AP003006,Juniper Group,software,2025-12-09,2025-12-15,344.7,M03
AP002796,Inlet Partners,events,2026-02-20,2026-02-23,167.93,M12
AP003603,Mosaic Trading,office,2025-08-18,2025-08-19,939.92,M13
AP000913,Robert Half,recruiting,2026-06-12,2026-06-15,2557.39,M01
AP000586,Salesforce,software,2026-03-06,2026-03-10,3987.17,M07
AP005022,Vela Supply,facilities,2025-11-19,2025-11-20,328.93,M01
AP001603,Borealis Labs,logistics,2025-10-06,2025-10-08,149.4,M14
AP001700,Cinder Solutions,office,2026-01-20,2026-01-26,725.71,M09
AP005412,Yonder Solutions,events,2026-01-08,2026-01-12,575.11,M07
AP001396,Acme Industries,facilities,2026-06-13,2026-06-16,820.55,M07
AP005282,Wharf Industries,professional_services,2025-09-16,2025-09-16,881.95,M04
AP001760,Cinder Industries,software,2026-02-21,2026-02-23,330.0,M08
AP001290,Acme Supply,software,2026-02-14,2026-02-18,108.08,M14
AP001798,Cinder Labs,marketing,2026-05-08,2026-05-08,383.45,M08
AP002023,Ember Supply,marketing,2026-02-28,2026-03-02,904.51,M09
AP005625,Zephyr Consulting,hardware,2026-01-07,2026-01-12,202.97,M13
AP002870,Inlet Trading,hardware,2025-10-20,2025-10-22,305.97,M11
AP001475,Borealis Supply,marketing,2026-06-15,2026-06-18,548.61,M09
AP003962,Onyx Trading,events,2026-03-16,2026-03-20,564.14,M08
AP002551,Harbor Supply,logistics,2026-04-30,2026-05-04,124.94,M05
AP002004,Dockside Trading,professional_services,2026-02-09,2026-02-12,194.6,M04
AP002696,Harbor Works,hardware,2026-05-06,2026-05-07,232.46,M05
AP005116,Vela Industries,hardware,2026-06-14,2026-06-16,971.05,M05
AP001565,Borealis Industries,facilities,2026-02-18,2026-02-23,171.8,M13
AP001511,Borealis Solutions,marketing,2026-06-19,2026-06-19,268.42,M11
AP001745,Cinder Industries,software,2025-07-10,2025-07-14,231.3,M10
AP003985,Prairie Services,logistics,2025-10-05,2025-10-09,288.24,M08
AP001570,Borealis Industries,facilities,2026-05-20,2026-05-22,1103.01,M05
AP004412,Rampart Partners,logistics,2025-08-17,2025-08-18,274.01,M05
AP000680,WeWork,facilities,2026-04-08,2026-04-13,6752.66,M04
AP000519,Datadog,infrastructure,2025-11-08,2025-11-10,2687.85,M03
AP000589,Salesforce,software,2026-04-03,2026-04-03,3119.36,M14
AP000804,Uline,office,2025-07-27,2025-07-29,129.08,M02
AP004561,Sable Consulting,professional_services,2025-08-22,2025-08-25,139.53,M09
AP003191,Keystone Group,facilities,2025-11-19,2025-11-20,836.72,M10
AP000606,Atlassian,software,2025-10-22,2025-10-27,612.94,M01
AP001635,Borealis Works,hardware,2026-06-15,2026-06-18,882.33,M02
AP004522,Sable Supply,software,2025-10-05,2025-10-09,223.81,M10
AP001822,Cinder Trading,marketing,2025-10-21,2025-10-27,756.55,M11
AP003722,Nimbus Group,logistics,2025-12-19,2025-12-19,189.21,M13
AP000025,Amazon Web Services,infrastructure,2025-07-19,2025-07-21,766.15,M04
AP003340,Loom Partners,professional_services,2025-12-31,2026-01-01,1185.28,M10
AP004383,Rampart Solutions,professional_services,2026-03-31,2026-04-01,387.08,M12
AP001639,Borealis Trading,logistics,2025-07-31,2025-08-01,97.94,M13
AP001649,Borealis Trading,logistics,2026-02-14,2026-02-16,322.67,M10
AP002054,Ember Solutions,hardware,2025-10-12,2025-10-15,985.86,M07
AP000145,Amazon Web Services,infrastructure,2025-11-25,2025-11-26,1447.92,M01
AP000864,Robert Half,recruiting,2025-09-07,2025-09-08,5990.04,M07
AP000119,Amazon Web Services,infrastructure,2025-10-15,2025-10-17,5635.61,M03
AP001224,CDW,hardware,2025-12-30,2026-01-05,454.89,M10
AP001093,Apex Print Media,marketing,2025-12-07,2025-12-08,811.21,M01
AP001384,Acme Industries,facilities,2026-01-08,2026-01-12,1510.75,M13
AP003720,Nimbus Group,logistics,2025-09-15,2025-09-18,479.64,M06
AP002447,Gable Partners,marketing,2025-07-31,2025-08-04,1542.01,M02
AP005243,Wharf Consulting,office,2025-11-11,2025-11-11,282.0,M12
AP002574,Harbor Services,events,2026-06-09,2026-06-10,1859.65,M06
AP005548,Yonder Trading,office,2025-07-24,2025-07-28,182.14,M11
AP000803,Staples Business,office,2026-06-08,2026-06-10,302.23,M14
AP002866,Inlet Trading,hardware,2025-08-27,2025-09-01,248.39,M01
AP000035,Amazon Web Services,infrastructure,2025-07-03,2025-07-03,1091.95,M07
AP004091,Prairie Labs,office,2025-10-25,2025-10-28,315.86,M02
AP003757,Nimbus Works,software,2025-08-04,2025-08-06,378.3,M05
AP000572,Salesforce,software,2025-11-05,2025-11-10,5834.84,M07
AP002665,Harbor Labs,professional_services,2025-11-11,2025-11-17,1968.94,M13
AP003661,Nimbus Solutions,facilities,2025-11-09,2025-11-12,137.22,M01
AP000509,Datadog,infrastructure,2025-09-11,2025-09-11,2904.89,M03
AP002958,Juniper Consulting,office,2026-06-05,2026-06-08,714.07,M13
AP004465,Rampart Labs,office,2025-10-01,2025-10-03,250.01,M05
AP003543,Mosaic Industries,professional_services,2026-03-28,2026-04-01,504.56,M06
AP001041,Global Catering Co,events,2025-12-30,2025-12-30,369.45,M10
AP004613,Sable Group,logistics,2025-11-30,2025-12-01,108.2,M11
AP003202,Keystone Labs,facilities,2025-08-19,2025-08-20,91.15,M14
AP003645,Nimbus Services,software,2026-02-23,2026-02-24,374.59,M08
AP001293,Acme Supply,software,2026-03-24,2026-03-30,176.09,M03
AP001318,Acme Solutions,software,2025-11-15,2025-11-19,2166.45,M12
AP000099,Amazon Web Services,infrastructure,2025-09-06,2025-09-08,1262.16,M11
AP003524,Mosaic Partners,hardware,2026-01-17,2026-01-20,390.58,M13
AP005621,Zephyr Consulting,hardware,2025-10-06,2025-10-08,789.17,M11
AP003048,Juniper Trading,events,2025-12-06,2025-12-08,2462.72,M01
AP004619,Sable Group,logistics,2026-04-08,2026-04-08,1042.2,M12
AP004245,Quarry Industries,logistics,2025-07-14,2025-07-16,1279.57,M03
AP004752,Tundra Partners,office,2025-10-29,2025-10-31,704.17,M11
AP005420,Yonder Consulting,professional_services,2025-07-01,2025-07-04,424.23,M03
AP002518,Gable Works,office,2026-04-14,2026-04-14,181.26,M10
AP000125,Amazon Web Services,infrastructure,2025-10-16,2025-10-20,1742.13,M07
AP001839,Dockside Supply,events,2025-09-20,2025-09-24,1366.96,M06
AP000426,Snowflake,infrastructure,2025-07-20,2025-07-24,6893.71,M11
AP000806,Uline,office,2025-07-14,2025-07-17,203.14,M04
AP004254,Quarry Industries,logistics,2025-11-15,2025-11-18,558.91,M07
AP004472,Rampart Labs,office,2026-03-15,2026-03-18,617.95,M11
AP002131,Ember Group,events,2026-04-05,2026-04-09,96.33,M06
AP003824,Onyx Services,logistics,2026-06-03,2026-06-08,190.2,M02
AP004071,Prairie Industries,marketing,2026-06-12,2026-06-15,647.66,M10
AP003030,Juniper Works,events,2025-10-29,2025-10-31,633.99,M13
AP003369,Loom Group,events,2025-10-22,2025-10-23,206.67,M11
AP001783,Cinder Labs,marketing,2025-07-03,2025-07-07,1142.57,M13
AP004247,Quarry Industries,logistics,2025-08-15,2025-08-15,86.12,M06
AP003947,Onyx Trading,events,2025-07-02,2025-07-03,513.42,M07
AP000363,Amazon Web Services,infrastructure,2026-05-14,2026-05-15,4607.26,M09
AP005403,Yonder Solutions,events,2025-07-01,2025-07-07,500.09,M07
AP000163,Amazon Web Services,infrastructure,2025-11-15,2025-11-18,2740.03,M04
AP000929,Indeed,recruiting,2025-11-08,2025-11-11,638.9,M13
AP003011,Juniper Labs,software,2025-10-22,2025-10-27,186.44,M13
AP005135,Vela Group,professional_services,2026-04-30,2026-05-04,284.18,M09
AP001416,Acme Labs,facilities,2025-10-30,2025-11-03,176.9,M14
AP003109,Keystone Solutions,events,2026-01-22,2026-01-26,280.25,M07
AP001529,Borealis Consulting,facilities,2026-02-08,2026-02-09,101.25,M12
AP005827,Northgate Logistics,logistics,2026-03-10,2026-03-16,598.17,M10
AP005204,Wharf Services,professional_services,2025-10-15,2025-10-15,234.12,M03
AP000743,Staples Business,office,2025-11-16,2025-11-17,45.33,M01
AP005755,Pinnacle Consulting,consulting,2025-09-02,2025-09-05,9500,M14
AP003263,Loom Supply,professional_services,2025-09-15,2025-09-17,269.79,M13
AP000638,Figma,software,2025-08-31,2025-09-03,677.52,M08
AP004796,Tundra Group,facilities,2026-02-01,2026-02-03,299.42,M07
AP000455,Snowflake,infrastructure,2025-11-12,2025-11-13,12038.12,M09
AP005591,Zephyr Services,professional_services,2025-09-30,2025-09-30,619.69,M05
AP005576,Zephyr Supply,office,2026-01-12,2026-01-13,1438.52,M12
AP005870,Northgate Logistics,logistics,2025-09-10,2025-09-11,16838.29,M12
AP002578,Harbor Solutions,logistics,2025-07-14,2025-07-16,3898.64,M06
AP002029,Ember Supply,marketing,2026-06-12,2026-06-15,316.3,M03
AP004264,Quarry Industries,logistics,2026-05-31,2026-06-01,492.84,M01
AP001227,CDW,hardware,2026-02-14,2026-02-16,971.91,M10
AP003573,Mosaic Labs,hardware,2025-09-13,2025-09-16,725.42,M13
AP001278,Verizon Business,telecom,2026-05-28,2026-06-01,793.37,M09
AP004155,Quarry Supply,hardware,2025-09-01,2025-09-05,172.18,M06
AP000576,Salesforce,software,2025-12-24,2025-12-29,3114.76,M10
AP004356,Rampart Services,logistics,2025-10-30,2025-10-31,221.38,M05
AP005942,Vela Labs,software,2025-10-13,2025-10-18,703.0,M07
AP003300,Loom Solutions,professional_services,2025-08-31,2025-09-04,945.13,M01
AP005414,Yonder Solutions,events,2026-04-23,2026-04-27,106.78,M08
AP000910,Robert Half,recruiting,2026-06-09,2026-06-15,7527.24,M02
AP002846,Inlet Works,facilities,2025-07-12,2025-07-15,358.71,M06
AP000091,Amazon Web Services,infrastructure,2025-09-25,2025-09-29,3563.13,M11
AP002784,Inlet Consulting,marketing,2026-02-13,2026-02-16,785.04,M04
AP005182,Wharf Supply,professional_services,2025-07-01,2025-07-03,824.38,M09
AP005736,Zephyr Trading,logistics,2026-05-08,2026-05-08,94.09,M02
AP003695,Nimbus Partners,software,2025-10-29,2025-10-31,136.14,M14
AP005661,Zephyr Industries,logistics,2026-01-30,2026-02-03,205.56,M12
AP001817,Cinder Trading,marketing,2025-08-22,2025-08-26,423.53,M12
AP004087,Prairie Group,hardware,2026-05-29,2026-06-01,855.61,M07
AP005197,Wharf Supply,professional_services,2026-05-05,2026-05-06,92.98,M01
AP005639,Zephyr Partners,professional_services,2025-10-11,2025-10-13,450.8,M04
AP001561,Borealis Industries,facilities,2025-10-18,2025-10-20,548.37,M02
AP004693,Tundra Services,office,2025-07-03,2025-07-04,397.56,M14
AP000505,Datadog,infrastructure,2025-08-04,2025-08-06,3636.18,M05
AP004085,Prairie Group,hardware,2026-04-30,2026-05-04,515.29,M05
AP004893,Umber Solutions,events,2026-04-14,2026-04-17,62.19,M12
AP002707,Harbor Trading,software,2025-11-20,2025-11-24,35.32,M05
AP001059,Global Catering Co,events,2026-03-28,2026-04-01,330.42,M13
AP005381,Yonder Supply,software,2026-04-30,2026-05-04,523.78,M06
AP005662,Zephyr Industries,logistics,2026-02-22,2026-02-23,195.43,M08
AP002533,Harbor Supply,logistics,2025-07-16,2025-07-18,262.73,M13
AP002937,Juniper Consulting,office,2025-07-16,2025-07-18,1140.4,M07
AP001902,Dockside Consulting,office,2026-04-28,2026-04-28,152.02,M01
AP002472,Gable Industries,office,2026-06-09,2026-06-12,1237.03,M14
AP001998,Dockside Trading,professional_services,2025-10-19,2025-10-20,113.26,M14
AP002222,Fulcrum Services,hardware,2025-07-03,2025-07-07,188.93,M08
AP003575,Mosaic Labs,hardware,2025-09-04,2025-09-08,87.55,M06
AP004032,Prairie Consulting,hardware,2026-06-12,2026-06-15,251.38,M01
AP005695,Zephyr Labs,marketing,2025-08-01,2025-08-01,55.2,M06
AP000480,Snowflake,infrastructure,2026-02-26,2026-02-27,3353.79,M08
AP002764,Inlet Solutions,logistics,2025-12-15,2025-12-17,1483.73,M07
AP002645,Harbor Industries,events,2026-04-16,2026-04-20,1722.26,M14
AP001328,Acme Solutions,software,2026-03-07,2026-03-10,92.54,M01
AP004804,Tundra Labs,professional_services,2025-07-06,2025-07-09,157.1,M04
AP005153,Vela Works,facilities,2025-08-27,2025-08-27,232.72,M14
AP004405,Rampart Consulting,professional_services,2026-06-09,2026-06-15,122.89,M13
AP002007,Dockside Trading,professional_services,2026-04-10,2026-04-13,870.24,M06
AP001019,Global Catering Co,events,2025-07-25,2025-07-29,399.64,M02
AP003665,Nimbus Solutions,facilities,2026-02-05,2026-02-05,98.72,M04
AP000758,Staples Business,office,2026-01-01,2026-01-02,47.71,M09
AP004726,Tundra Consulting,office,2025-07-12,2025-07-14,108.67,M07
AP005000,Umber Trading,professional_services,2025-09-14,2025-09-18,863.27,M01
AP000032,Amazon Web Services,infrastructure,2025-07-12,2025-07-16,2083.31,M09
AP003997,Prairie Solutions,events,2025-07-31,2025-08-04,223.77,M01
AP000356,Amazon Web Services,infrastructure,2026-05-22,2026-05-25,2763.83,M10
AP002512,Gable Works,office,2026-01-15,2026-01-19,86.65,M09
AP001533,Borealis Consulting,facilities,2026-05-07,2026-05-07,73.21,M11
AP002166,Ember Works,hardware,2026-01-06,2026-01-12,89.6,M08
AP005142,Vela Labs,software,2026-01-24,2026-01-28,90.77,M01
AP002204,Fulcrum Supply,marketing,2025-10-13,2025-10-13,872.75,M13
AP003342,Loom Partners,professional_services,2026-03-21,2026-03-23,283.55,M01
AP003386,Loom Labs,events,2025-10-05,2025-10-08,2948.88,M06
AP000159,Amazon Web Services,infrastructure,2025-11-17,2025-11-21,4569.02,M13
AP005626,Zephyr Consulting,hardware,2026-02-04,2026-02-09,232.84,M08
AP003893,Onyx Industries,facilities,2026-06-18,2026-06-22,28.66,M07
AP001071,Global Catering Co,events,2026-06-05,2026-06-09,185.96,M13
AP004675,Sable Trading,hardware,2026-05-13,2026-05-15,1140.78,M12
AP005670,Zephyr Group,logistics,2025-08-10,2025-08-14,139.33,M01
AP002429,Gable Consulting,facilities,2025-10-02,2025-10-06,1050.73,M06
AP000129,Amazon Web Services,infrastructure,2025-10-03,2025-10-03,3599.83,M07
AP000312,Amazon Web Services,infrastructure,2026-03-05,2026-03-09,7424.36,M12
AP001218,CDW,hardware,2025-12-17,2025-12-17,864.66,M05
AP001536,Borealis Consulting,facilities,2026-06-14,2026-06-18,164.91,M08
AP002016,Ember Supply,marketing,2025-10-17,2025-10-20,271.77,M10
AP003991,Prairie Services,logistics,2026-05-15,2026-05-18,543.3,M09
AP001365,Acme Partners,marketing,2025-12-02,2025-12-05,257.54,M11
AP002433,Gable Consulting,facilities,2025-12-12,2025-12-15,617.21,M14
AP002659,Harbor Group,logistics,2026-02-27,2026-02-27,667.84,M10
AP000767,Staples Business,office,2026-02-21,2026-02-25,167.06,M01
AP004587,Sable Partners,office,2026-02-01,2026-02-04,137.48,M12
AP000260,Amazon Web Services,infrastructure,2026-02-16,2026-02-18,1185.31,M02
AP004132,Prairie Trading,professional_services,2025-09-03,2025-09-08,198.09,M06
AP005631,Zephyr Consulting,hardware,2026-06-10,2026-06-11,84.39,M07
AP003856,Onyx Consulting,events,2026-03-08,2026-03-09,477.28,M05
AP001770,Cinder Group,office,2025-10-22,2025-10-22,1138.97,M07
AP002133,Ember Group,events,2026-05-07,2026-05-07,40.89,M03
AP003660,Nimbus Solutions,facilities,2025-11-17,2025-11-17,676.48,M04
AP004782,Tundra Industries,software,2026-06-02,2026-06-08,137.03,M07
AP000524,Datadog,infrastructure,2025-12-11,2025-12-12,3680.35,M03
AP003754,Nimbus Works,software,2025-07-03,2025-07-04,477.07,M04
AP002306,Fulcrum Industries,professional_services,2026-02-13,2026-02-16,902.76,M07
AP005274,Wharf Partners,professional_services,2026-04-13,2026-04-16,468.1,M05
AP000848,Uline,office,2026-06-09,2026-06-09,172.51,M09
AP000306,Amazon Web Services,infrastructure,2026-03-22,2026-03-23,2769.94,M01
AP003802,Onyx Supply,hardware,2026-05-01,2026-05-04,328.84,M04
AP003624,Nimbus Supply,hardware,2026-01-12,2026-01-13,358.44,M03
AP002932,Juniper Solutions,facilities,2026-04-21,2026-04-24,254.97,M10
AP001285,Acme Supply,software,2025-10-21,2025-10-23,341.58,M02
AP003763,Nimbus Works,software,2025-11-11,2025-11-12,1873.6,M06
AP000104,Amazon Web Services,infrastructure,2025-09-24,2025-09-26,4919.95,M06
AP004433,Rampart Industries,facilities,2025-12-21,2025-12-23,74.6,M10
AP003404,Loom Works,facilities,2026-03-12,2026-03-16,428.39,M13
AP003236,Keystone Works,professional_services,2026-06-08,2026-06-09,200.05,M08
AP001163,Meridian Travel,travel,2026-02-10,2026-02-13,1518.15,M11
AP001120,Meridian Travel,travel,2025-07-06,2025-07-08,224.47,M01
AP003385,Loom Labs,events,2025-09-30,2025-10-01,125.88,M02
AP003147,Keystone Consulting,logistics,2026-04-05,2026-04-06,260.43,M09
AP000272,Amazon Web Services,infrastructure,2026-02-11,2026-02-12,1089.82,M13
AP000334,Amazon Web Services,infrastructure,2026-03-30,2026-03-30,1100.7,M13
AP000217,Amazon Web Services,infrastructure,2025-12-29,2026-01-01,2499.42,M06
AP002386,Gable Supply,office,2026-02-14,2026-02-17,453.5,M11
AP002540,Harbor Supply,logistics,2025-10-17,2025-10-21,1638.11,M07
AP001178,Meridian Travel,travel,2026-04-03,2026-04-06,1051.59,M03
AP000123,Amazon Web Services,infrastructure,2025-10-08,2025-10-09,1074.59,M09
AP002404,Gable Services,hardware,2026-04-19,2026-04-23,282.51,M10
AP001646,Borealis Trading,logistics,2026-01-10,2026-01-12,301.31,M01
AP002289,Fulcrum Partners,professional_services,2026-02-19,2026-02-23,91.74,M05
AP000774,Staples Business,office,2026-03-09,2026-03-12,50.86,M11
AP000997,PwC,accounting,2026-03-30,2026-04-01,23979.02,M04
AP002978,Juniper Partners,hardware,2026-03-04,2026-03-04,1298.2,M10
AP004423,Rampart Partners,logistics,2026-05-31,2026-06-04,179.63,M08
AP002685,Harbor Works,hardware,2025-10-30,2025-10-30,701.43,M11
AP000675,WeWork,facilities,2026-02-05,2026-02-06,7377.45,M12
AP004199,Quarry Solutions,office,2025-12-06,2025-12-09,441.9,M12
AP002475,Gable Group,office,2025-08-31,2025-09-02,257.72,M11
AP003855,Onyx Consulting,events,2026-03-24,2026-03-27,1335.72,M04
AP002959,Juniper Consulting,office,2026-06-19,2026-06-22,621.1,M14
AP002271,Fulcrum Consulting,professional_services,2026-03-30,2026-04-03,63.61,M09
AP001507,Borealis Solutions,marketing,2025-12-21,2025-12-24,169.16,M14
AP002757,Inlet Solutions,logistics,2025-09-03,2025-09-08,1807.5,M09
AP000869,Robert Half,recruiting,2025-09-08,2025-09-11,8402.35,M02
AP004805,Tundra Labs,professional_services,2025-08-09,2025-08-13,40.47,M04
AP003884,Onyx Industries,facilities,2026-02-28,2026-03-02,1469.16,M14
AP000747,Staples Business,office,2025-11-13,2025-11-14,401.01,M05
AP000906,Robert Half,recruiting,2026-05-23,2026-05-25,4648.93,M10
AP000697,Iron Mountain,facilities,2026-01-29,2026-02-02,236.76,M06
AP001846,Dockside Supply,events,2026-01-10,2026-01-13,1024.86,M03
AP001991,Dockside Works,software,2026-06-03,2026-06-03,876.02,M13
AP004809,Tundra Labs,professional_services,2025-10-18,2025-10-22,91.77,M02
AP001706,Cinder Solutions,office,2026-05-22,2026-05-26,106.34,M04
AP005450,Yonder Partners,marketing,2025-12-01,2025-12-01,4325.89,M10
AP001735,Cinder Partners,events,2025-12-06,2025-12-08,830.5,M10
AP000983,PwC,accounting,2025-07-19,2025-07-21,11245.89,M13
AP002466,Gable Industries,office,2026-03-10,2026-03-10,488.73,M06
AP000745,Staples Business,office,2025-11-07,2025-11-10,186.13,M12
AP002337,Fulcrum Labs,software,2025-10-29,2025-10-29,427.07,M07
AP001719,Cinder Consulting,marketing,2026-02-11,2026-02-11,1965.59,M14
AP002800,Inlet Partners,events,2026-05-28,2026-06-01,83.06,M07
AP004114,Prairie Works,office,2025-12-02,2025-12-02,338.71,M13
AP002647,Harbor Industries,events,2026-05-15,2026-05-18,707.88,M06
AP003499,Mosaic Consulting,facilities,2026-02-14,2026-02-16,428.24,M04
AP003065,Keystone Supply,office,2025-11-09,2025-11-10,780.13,M07
AP000989,PwC,accounting,2025-12-25,2025-12-25,7579.84,M08
AP002944,Juniper Consulting,office,2025-08-31,2025-09-01,433.74,M11
AP002437,Gable Consulting,facilities,2026-03-31,2026-04-01,782.25,M14
AP002904,Juniper Supply,events,2026-02-28,2026-03-02,398.55,M09
AP000872,Robert Half,recruiting,2025-10-13,2025-10-17,4788.15,M13
AP002873,Inlet Trading,hardware,2025-12-08,2025-12-10,249.58,M14
AP004646,Sable Works,office,2025-08-03,2025-08-07,816.75,M13
AP005350,Wharf Works,professional_services,2026-05-18,2026-05-22,237.66,M07
AP002369,Fulcrum Trading,marketing,2026-03-01,2026-03-02,348.25,M07
AP002138,Ember Labs,software,2025-09-05,2025-09-08,64.91,M07
AP005532,Yonder Works,office,2026-01-12,2026-01-16,97.77,M12
AP002218,Fulcrum Supply,marketing,2026-04-05,2026-04-06,133.83,M13
AP003814,Onyx Services,logistics,2025-11-25,2025-11-25,221.56,M06
AP001057,Global Catering Co,events,2026-03-29,2026-03-31,766.22,M01
AP004117,Prairie Works,office,2026-01-02,2026-01-05,86.43,M14
AP005822,Northgate Logistics,logistics,2025-10-08,2025-10-09,529.42,M13
AP005789,Northgate Logistics,logistics,2025-08-05,2025-08-06,2598.7,M12
AP000460,Snowflake,infrastructure,2025-12-11,2025-12-11,7062.79,M10
AP003492,Mosaic Consulting,facilities,2025-07-05,2025-07-07,327.15,M04
AP001070,Global Catering Co,events,2026-05-31,2026-06-02,1309.46,M08
AP002326,Fulcrum Group,professional_services,2026-05-29,2026-05-29,248.67,M10
AP002691,Harbor Works,hardware,2026-02-12,2026-02-16,541.4,M07
AP005938,Juniper Solutions,facilities,2025-07-17,2025-07-19,3497.63,M01
AP005815,Northgate Logistics,logistics,2025-11-26,2025-12-01,21403.23,M04
AP005499,Yonder Labs,facilities,2025-07-19,2025-07-21,2922.31,M02
AP005128,Vela Group,professional_services,2025-10-29,2025-11-03,293.57,M05
AP000748,Staples Business,office,2025-11-19,2025-11-24,63.63,M02
AP004411,Rampart Partners,logistics,2025-07-31,2025-08-01,798.09,M08
AP003374,Loom Group,events,2026-04-22,2026-04-23,111.77,M10
AP001480,Borealis Services,hardware,2025-08-24,2025-08-26,984.56,M07
AP001906,Dockside Partners,facilities,2025-08-15,2025-08-19,161.24,M14
AP001950,Dockside Group,hardware,2025-12-07,2025-12-11,1950.98,M11
AP004992,Umber Works,marketing,2026-05-03,2026-05-05,626.88,M03
AP001466,Borealis Supply,marketing,2026-01-15,2026-01-15,387.14,M05
AP004400,Rampart Consulting,professional_services,2026-01-23,2026-01-26,109.02,M14
AP000617,Atlassian,software,2026-02-18,2026-02-20,933.47,M06
AP000301,Amazon Web Services,infrastructure,2026-03-17,2026-03-18,4302.33,M01
AP001593,Borealis Group,events,2026-04-17,2026-04-17,169.05,M02
AP000923,Indeed,recruiting,2025-08-02,2025-08-05,1024.5,M11
AP005258,Wharf Partners,professional_services,2025-07-28,2025-08-01,139.13,M13
AP005894,Northgate Logistics,logistics,2025-08-17,2025-08-18,1536.94,M09
AP005152,Vela Works,facilities,2025-07-11,2025-07-14,239.67,M02
AP005765,Summit Interiors,facilities,2025-10-13,2025-10-15,9677.43,M07
AP000169,Amazon Web Services,infrastructure,2025-10-29,2025-10-30,1024.97,M09
AP000968,Wilson Sonsini,legal,2025-11-16,2025-11-18,43689.43,M04
AP000883,Robert Half,recruiting,2025-12-24,2025-12-29,3387.99,M04
AP002604,Harbor Consulting,marketing,2026-01-08,2026-01-12,93.5,M12
AP000903,Robert Half,recruiting,2026-05-01,2026-05-04,3066.11,M14
AP004110,Prairie Works,office,2025-10-02,2025-10-06,318.03,M09
AP003276,Loom Supply,professional_services,2026-05-31,2026-06-01,495.75,M14
AP001114,Apex Print Media,marketing,2026-05-27,2026-05-29,603.26,M08
AP002256,Fulcrum Consulting,professional_services,2025-07-17,2025-07-21,186.6,M13
AP002213,Fulcrum Supply,marketing,2026-02-20,2026-02-20,520.99,M10
AP005665,Zephyr Industries,logistics,2026-03-23,2026-03-24,141.07,M10
AP000450,Snowflake,infrastructure,2025-11-09,2025-11-11,4550.78,M13
AP003988,Prairie Services,logistics,2026-03-24,2026-03-26,335.48,M08
AP002032,Ember Services,hardware,2025-07-18,2025-07-22,174.08,M09
AP002990,Juniper Industries,events,2025-09-15,2025-09-16,213.25,M13
AP002505,Gable Works,office,2025-07-01,2025-07-03,270.89,M05
AP003730,Nimbus Group,logistics,2026-02-08,2026-02-11,1473.32,M12
AP000812,Uline,office,2025-09-17,2025-09-19,258.67,M12
AP003198,Keystone Group,facilities,2026-06-13,2026-06-17,184.83,M11
AP000938,Indeed,recruiting,2026-01-18,2026-01-19,2762.61,M14
AP003000,Juniper Industries,events,2026-05-28,2026-05-29,288.15,M03
AP000291,Amazon Web Services,infrastructure,2026-02-27,2026-03-02,2572.49,M10
AP003577,Mosaic Labs,hardware,2025-11-28,2025-12-01,1238.14,M13
AP003081,Keystone Services,office,2025-07-31,2025-08-04,187.78,M08
AP000849,Uline,office,2026-06-22,2026-06-25,157.87,M10
AP004879,Umber Solutions,events,2025-07-13,2025-07-14,151.38,M14
AP002762,Inlet Solutions,logistics,2025-11-17,2025-11-18,65.7,M10
AP002819,Inlet Group,events,2026-03-02,2026-03-02,337.92,M05
AP005475,Yonder Industries,marketing,2026-04-18,2026-04-21,1104.85,M01
AP002558,Harbor Services,events,2025-08-07,2025-08-11,204.82,M05
AP004769,Tundra Industries,software,2025-12-02,2025-12-03,798.9,M08
AP004166,Quarry Supply,hardware,2026-04-05,2026-04-09,192.7,M12
AP003594,Mosaic Works,marketing,2026-03-06,2026-03-09,474.28,M12
AP002455,Gable Partners,marketing,2026-02-20,2026-02-24,1052.54,M13
AP002322,Fulcrum Group,professional_services,2026-01-30,2026-02-02,99.45,M14
AP003115,Keystone Solutions,events,2026-04-10,2026-04-13,58.3,M04
AP003060,Juniper Trading,events,2026-06-02,2026-06-03,451.07,M11
AP005784,Northgate Logistics,logistics,2026-04-13,2026-04-14,86101.59,M03
AP003471,Mosaic Solutions,events,2025-08-08,2025-08-11,1689.09,M13
AP002361,Fulcrum Trading,marketing,2025-08-21,2025-08-22,345.53,M04
AP002543,Harbor Supply,logistics,2025-11-15,2025-11-17,131.55,M07
AP003347,Loom Partners,professional_services,2026-05-27,2026-05-27,450.37,M08
AP002598,Harbor Consulting,marketing,2025-09-12,2025-09-15,1105.0,M03
AP004839,Tundra Trading,facilities,2026-01-27,2026-02-02,1511.43,M09
AP001746,Cinder Industries,software,2025-07-07,2025-07-09,222.16,M11
AP005296,Wharf Industries,professional_services,2026-06-05,2026-06-08,812.25,M12
AP000288,Amazon Web Services,infrastructure,2026-03-01,2026-03-05,630.65,M07
AP000407,Amazon Web Services,infrastructure,2026-05-30,2026-06-03,3643.22,M12
AP003439,Mosaic Supply,hardware,2025-09-30,2025-09-30,20.57,M09
AP003438,Mosaic Supply,hardware,2025-10-06,2025-10-08,842.64,M08
AP001265,Verizon Business,telecom,2026-01-24,2026-01-26,1111.48,M11
AP003395,Loom Labs,events,2026-03-31,2026-04-02,204.91,M11
AP003196,Keystone Group,facilities,2026-02-15,2026-02-16,323.04,M13
AP003070,Keystone Supply,office,2026-01-23,2026-01-26,138.88,M14
AP000951,Indeed,recruiting,2026-05-11,2026-05-13,828.64,M05
AP003534,Mosaic Industries,professional_services,2025-11-22,2025-11-24,599.98,M07
AP002126,Ember Group,events,2026-01-04,2026-01-07,154.79,M13
AP003446,Mosaic Supply,hardware,2026-05-18,2026-05-19,156.08,M05
AP004330,Quarry Trading,logistics,2026-03-18,2026-03-23,462.21,M03
AP004704,Tundra Services,office,2026-05-15,2026-05-18,327.23,M13
AP000876,Robert Half,recruiting,2025-11-14,2025-11-14,6509.58,M07
AP001263,Verizon Business,telecom,2025-12-05,2025-12-08,1295.51,M04
AP002711,Harbor Trading,software,2026-01-21,2026-01-22,1515.47,M08
AP003497,Mosaic Consulting,facilities,2026-01-23,2026-01-26,599.88,M02
AP005305,Wharf Group,logistics,2026-02-17,2026-02-23,1276.58,M05
AP001939,Dockside Group,hardware,2025-07-15,2025-07-16,117.07,M09
AP003932,Onyx Works,facilities,2025-09-10,2025-09-15,446.87,M07
AP003394,Loom Labs,events,2026-04-07,2026-04-08,97.94,M08
AP003826,Onyx Solutions,software,2025-07-13,2025-07-16,123.24,M01
AP000543,Datadog,infrastructure,2026-04-19,2026-04-22,2310.25,M06
AP001380,Acme Industries,facilities,2025-10-16,2025-10-20,1190.33,M04
AP003424,Loom Trading,hardware,2026-01-31,2026-02-03,610.48,M02
AP000116,Amazon Web Services,infrastructure,2025-10-09,2025-10-13,2391.79,M11
AP001447,Acme Works,professional_services,2026-04-18,2026-04-20,2525.47,M06
AP001900,Dockside Consulting,office,2026-04-07,2026-04-10,1105.64,M05
AP000203,Amazon Web Services,infrastructure,2025-12-05,2025-12-05,4692.54,M13
AP003145,Keystone Consulting,logistics,2026-03-09,2026-03-10,1209.41,M07
AP002787,Inlet Consulting,marketing,2026-05-24,2026-05-25,193.85,M06
AP005430,Yonder Consulting,professional_services,2025-12-19,2025-12-22,1672.11,M02
AP002454,Gable Partners,marketing,2026-02-02,2026-02-05,505.74,M08
AP003520,Mosaic Partners,hardware,2025-11-24,2025-11-25,438.22,M04
AP000237,Amazon Web Services,infrastructure,2026-01-21,2026-01-21,1982.07,M07
AP001904,Dockside Partners,facilities,2025-07-11,2025-07-14,699.89,M10
AP003833,Onyx Solutions,software,2025-12-06,2025-12-08,1655.67,M09
AP002658,Harbor Group,logistics,2026-03-11,2026-03-16,1247.93,M02
AP002667,Harbor Labs,professional_services,2025-12-04,2025-12-08,357.71,M01
AP005582,Zephyr Supply,office,2026-04-16,2026-04-20,63.81,M03
AP003171,Keystone Partners,hardware,2026-06-18,2026-06-22,216.68,M04
AP002408,Gable Solutions,software,2025-08-24,2025-08-25,618.17,M13
AP003141,Keystone Consulting,logistics,2026-02-07,2026-02-11,282.15,M09
AP000391,Amazon Web Services,infrastructure,2026-06-19,2026-06-22,2423.24,M06
AP003227,Keystone Works,professional_services,2026-01-23,2026-01-23,1009.98,M05
AP002562,Harbor Services,events,2025-11-05,2025-11-05,696.38,M14
AP002457,Gable Partners,marketing,2026-03-29,2026-04-02,37.61,M11
AP003046,Juniper Trading,events,2025-09-24,2025-09-26,463.47,M11
AP002777,Inlet Consulting,marketing,2025-10-29,2025-11-03,1366.72,M01
AP005645,Zephyr Partners,professional_services,2026-02-15,2026-02-18,753.17,M10
AP003469,Mosaic Solutions,events,2025-08-19,2025-08-22,648.85,M07
AP004832,Tundra Works,events,2026-05-30,2026-06-01,993.79,M06
AP002224,Fulcrum Services,hardware,2025-08-04,2025-08-04,405.96,M11
AP003310,Loom Consulting,marketing,2025-07-16,2025-07-21,940.81,M04
AP005110,Vela Industries,hardware,2026-02-16,2026-02-19,545.43,M08
AP002055,Ember Solutions,hardware,2025-10-31,2025-11-04,504.56,M10
AP002179,Ember Trading,hardware,2025-07-14,2025-07-14,317.25,M05
AP002141,Ember Labs,software,2025-10-02,2025-10-03,375.76,M08
AP001391,Acme Industries,facilities,2026-04-15,2026-04-15,89.82,M09
AP001718,Cinder Consulting,marketing,2026-01-08,2026-01-12,169.35,M02
AP003270,Loom Supply,professional_services,2026-04-06,2026-04-07,1121.85,M11
AP000522,Datadog,infrastructure,2025-12-15,2025-12-16,1723.1,M10
AP001844,Dockside Supply,events,2025-11-04,2025-11-07,73.26,M13
AP005122,Vela Group,professional_services,2025-08-02,2025-08-04,148.39,M01
AP003560,Mosaic Group,professional_services,2025-12-06,2025-12-08,187.3,M09
AP001092,Apex Print Media,marketing,2025-12-08,2025-12-11,2214.82,M03
AP001548,Borealis Partners,software,2026-04-17,2026-04-20,613.71,M10
AP001183,Meridian Travel,travel,2026-05-09,2026-05-11,527.21,M04
AP000550,Datadog,infrastructure,2026-05-11,2026-05-13,1620.22,M06
AP002563,Harbor Services,events,2025-12-22,2025-12-23,674.03,M01
AP000311,Amazon Web Services,infrastructure,2026-03-07,2026-03-09,3775.17,M03
AP005432,Yonder Consulting,professional_services,2026-03-23,2026-03-27,628.31,M09
AP000778,Staples Business,office,2026-03-06,2026-03-09,98.3,M10
AP003479,Mosaic Solutions,events,2026-01-27,2026-01-30,1532.31,M14
AP004175,Quarry Services,marketing,2025-08-18,2025-08-19,929.99,M04
AP001058,Global Catering Co,events,2026-04-19,2026-04-22,2139.75,M03
AP004914,Umber Consulting,software,2026-06-15,2026-06-15,2067.49,M09
AP002403,Gable Services,hardware,2026-04-07,2026-04-10,255.69,M07
AP004799,Tundra Group,facilities,2026-04-28,2026-05-04,1829.57,M06
AP001441,Acme Works,professional_services,2026-02-16,2026-02-17,28.21,M13
AP001414,Acme Labs,facilities,2025-11-16,2025-11-18,4846.74,M01
AP001188,Meridian Travel,travel,2026-05-31,2026-06-03,343.69,M06
AP004529,Sable Supply,software,2026-06-14,2026-06-18,805.87,M02
AP000628,Atlassian,software,2026-05-01,2026-05-04,733.03,M03
AP003250,Keystone Trading,hardware,2026-04-23,2026-04-23,138.85,M03
AP004560,Sable Consulting,professional_services,2025-07-27,2025-07-31,463.64,M03
AP004891,Umber Solutions,events,2026-02-26,2026-03-02,134.73,M03
AP005476,Yonder Industries,marketing,2026-04-12,2026-04-13,238.14,M07
AP001001,Marsh Insurance,insurance,2025-07-13,2025-07-16,8218.38,M05
AP003107,Keystone Solutions,events,2025-12-01,2025-12-02,167.5,M04
AP001549,Borealis Partners,software,2026-04-03,2026-04-06,507.62,M08
AP001110,Apex Print Media,marketing,2026-05-22,2026-05-25,2891.8,M01
AP001067,Global Catering Co,events,2026-06-21,2026-06-24,593.47,M05
AP002305,Fulcrum Industries,professional_services,2026-01-05,2026-01-07,322.06,M02
AP005056,Vela Solutions,software,2026-03-15,2026-03-19,211.45,M02
AP003179,Keystone Industries,professional_services,2025-10-09,2025-10-09,178.32,M12
AP003223,Keystone Works,professional_services,2025-10-29,2025-10-31,307.1,M05
AP004278,Quarry Group,facilities,2026-03-20,2026-03-24,211.94,M12
AP005030,Vela Supply,facilities,2026-06-15,2026-06-17,356.41,M06
AP001080,Apex Print Media,marketing,2025-09-10,2025-09-15,1516.39,M06
AP002881,Inlet Trading,hardware,2026-04-23,2026-04-27,297.64,M03
AP001804,Cinder Works,logistics,2025-11-08,2025-11-11,540.68,M02
AP003128,Keystone Consulting,logistics,2025-09-15,2025-09-17,65.95,M04
AP003400,Loom Works,facilities,2025-11-10,2025-11-10,325.75,M08
AP001899,Dockside Consulting,office,2026-03-30,2026-03-30,315.29,M09
AP002975,Juniper Partners,hardware,2026-01-12,2026-01-16,209.26,M02
AP005224,Wharf Solutions,office,2025-10-04,2025-10-06,481.48,M11
AP004326,Quarry Trading,logistics,2025-11-18,2025-11-20,445.59,M05
AP002169,Ember Works,hardware,2026-02-15,2026-02-19,157.23,M02
AP001424,Acme Labs,facilities,2026-03-02,2026-03-03,323.54,M12
AP004602,Sable Group,logistics,2025-08-24,2025-08-26,1105.9,M04
AP005357,Wharf Trading,hardware,2025-11-09,2025-11-11,877.72,M05
AP000383,Amazon Web Services,infrastructure,2026-04-28,2026-04-29,3247.0,M14
AP002986,Juniper Industries,events,2025-07-04,2025-07-08,684.08,M04
AP005735,Zephyr Trading,logistics,2026-04-03,2026-04-06,984.48,M12
AP005284,Wharf Industries,professional_services,2025-10-14,2025-10-16,102.54,M14
AP000861,Robert Half,recruiting,2025-08-11,2025-08-12,10813.7,M01
AP003996,Prairie Solutions,events,2025-08-02,2025-08-04,304.43,M06
AP005790,Northgate Logistics,logistics,2025-12-15,2025-12-17,836.35,M10
AP001803,Cinder Works,logistics,2025-11-01,2025-11-05,453.32,M11
AP004821,Tundra Works,events,2025-10-04,2025-10-06,1010.98,M10
AP003161,Keystone Partners,hardware,2025-12-15,2025-12-15,361.62,M09
AP002804,Inlet Industries,professional_services,2025-10-06,2025-10-09,2908.85,M10
AP003593,Mosaic Works,marketing,2026-03-15,2026-03-17,250.27,M06
AP004495,Rampart Works,facilities,2026-05-16,2026-05-18,736.14,M12
AP002432,Gable Consulting,facilities,2025-12-07,2025-12-08,303.12,M13
AP003055,Juniper Trading,events,2026-03-31,2026-04-01,208.6,M14
AP001606,Borealis Labs,logistics,2025-12-14,2025-12-17,189.73,M02
AP003556,Mosaic Group,professional_services,2025-09-07,2025-09-08,76.31,M09
AP005794,Northgate Logistics,logistics,2026-03-02,2026-03-06,1237.54,M01
AP004422,Rampart Partners,logistics,2026-05-07,2026-05-07,90.16,M10
AP004012,Prairie Solutions,events,2026-05-23,2026-05-27,115.34,M03
AP004814,Tundra Labs,professional_services,2025-12-16,2025-12-16,111.99,M08
AP002160,Ember Works,hardware,2025-08-13,2025-08-13,207.16,M01
AP004793,Tundra Group,facilities,2025-12-09,2025-12-11,61.18,M10
AP000101,Amazon Web Services,infrastructure,2025-09-02,2025-09-03,710.73,M05
AP005334,Wharf Works,professional_services,2025-10-02,2025-10-03,477.52,M02
AP000390,Amazon Web Services,infrastructure,2026-06-07,2026-06-08,878.19,M13
AP005465,Yonder Industries,marketing,2025-11-03,2025-11-07,204.2,M08
AP005181,Wharf Supply,professional_services,2025-07-06,2025-07-07,1089.79,M09
AP004059,Prairie Industries,marketing,2025-10-01,2025-10-02,801.73,M01
AP002886,Inlet Trading,hardware,2026-06-18,2026-06-22,191.97,M10
AP004374,Rampart Solutions,professional_services,2025-10-16,2025-10-20,566.92,M07
AP005020,Vela Supply,facilities,2025-10-13,2025-10-17,562.7,M07
AP001876,Dockside Solutions,professional_services,2025-11-25,2025-11-27,315.95,M07
AP003649,Nimbus Services,software,2026-06-05,2026-06-08,585.23,M03
AP004227,Quarry Partners,logistics,2025-07-22,2025-07-22,429.54,M10
AP002916,Juniper Services,professional_services,2026-04-27,2026-04-28,1177.64,M14
AP000034,Amazon Web Services,infrastructure,2025-07-24,2025-07-25,1106.32,M11
AP004687,Tundra Supply,logistics,2026-02-28,2026-03-02,279.9,M02
AP002623,Harbor Partners,software,2026-01-11,2026-01-12,590.65,M09
AP002120,Ember Group,events,2025-07-03,2025-07-03,231.62,M04
AP001825,Cinder Trading,marketing,2025-11-13,2025-11-17,144.97,M08
AP005344,Wharf Works,professional_services,2026-02-10,2026-02-16,1060.65,M10
AP000915,Robert Half,recruiting,2026-06-05,2026-06-09,3516.52,M01
AP002587,Harbor Solutions,logistics,2026-03-20,2026-03-23,366.56,M01
AP000458,Snowflake,infrastructure,2025-12-24,2025-12-26,3120.2,M13
AP005838,Northgate Logistics,logistics,2026-01-20,2026-01-22,3421.92,M13
AP004926,Umber Partners,facilities,2025-11-16,2025-11-18,1847.49,M08
AP002259,Fulcrum Consulting,professional_services,2025-08-17,2025-08-20,1405.47,M13
AP004698,Tundra Services,office,2025-11-13,2025-11-17,462.45,M01
AP002510,Gable Works,office,2025-12-04,2025-12-08,176.77,M10
AP001248,CDW,hardware,2026-05-31,2026-06-01,2715.49,M04
AP002703,Harbor Trading,software,2025-09-03,2025-09-04,846.55,M03
AP002726,Inlet Supply,logistics,2025-12-25,2025-12-25,509.34,M08
AP001312,Acme Solutions,software,2025-07-25,2025-07-29,560.84,M05
AP003170,Keystone Partners,hardware,2026-05-18,2026-05-18,123.3,M09
AP005858,Northgate Logistics,logistics,2025-07-12,2025-07-15,73731.34,M03
AP005008,Umber Trading,professional_services,2026-03-16,2026-03-17,536.19,M14
AP004850,Umber Supply,facilities,2025-11-12,2025-11-12,197.87,M06
AP002124,Ember Group,events,2025-11-29,2025-12-01,140.67,M06
AP004877,Umber Services,hardware,2026-06-22,2026-06-24,1235.41,M10
AP002189,Ember Trading,hardware,2025-12-01,2025-12-01,268.52,M06
AP000556,Salesforce,software,2025-07-22,2025-07-24,2454.53,M11
AP003296,Loom Solutions,professional_services,2025-07-03,2025-07-07,20.13,M07
AP004207,Quarry Solutions,office,2026-06-20,2026-06-24,372.5,M09
AP004605,Sable Group,logistics,2025-09-14,2025-09-15,79.04,M13
AP005449,Yonder Partners,marketing,2025-12-25,2025-12-29,679.73,M11
AP005365,Wharf Trading,hardware,2026-05-16,2026-05-18,836.76,M14
AP003849,Onyx Consulting,events,2025-12-13,2025-12-15,304.82,M13
AP001660,Cinder Supply,events,2026-01-19,2026-01-21,167.15,M01
AP003390,Loom Labs,events,2025-12-23,2025-12-29,2846.69,M10
AP005436,Yonder Consulting,professional_services,2026-04-22,2026-04-27,102.93,M07
AP003302,Loom Solutions,professional_services,2025-09-08,2025-09-10,309.15,M09
AP005845,Northgate Logistics,logistics,2025-11-18,2025-11-21,8725.27,M05
AP001406,Acme Group,hardware,2026-02-22,2026-02-23,129.65,M05
AP004699,Tundra Services,office,2025-11-06,2025-11-07,96.41,M07
AP000185,Amazon Web Services,infrastructure,2025-12-24,2025-12-26,551.85,M14
AP004163,Quarry Supply,hardware,2026-03-25,2026-03-25,1204.63,M13
AP000932,Indeed,recruiting,2025-11-16,2025-11-18,2477.76,M08
AP005055,Vela Solutions,software,2026-02-10,2026-02-16,237.25,M14
AP000837,Uline,office,2026-03-15,2026-03-18,184.94,M13
AP005114,Vela Industries,hardware,2026-05-04,2026-05-06,217.33,M11
AP005448,Yonder Partners,marketing,2025-11-20,2025-11-20,399.58,M11
AP000764,Staples Business,office,2026-01-18,2026-01-20,373.67,M09
AP001521,Borealis Consulting,facilities,2025-10-03,2025-10-06,370.68,M08
AP000527,Datadog,infrastructure,2025-12-28,2025-12-29,3176.36,M07
AP001678,Cinder Services,facilities,2025-12-11,2025-12-12,576.29,M02
AP004590,Sable Industries,professional_services,2025-07-15,2025-07-21,129.22,M03
AP004095,Prairie Labs,office,2025-11-25,2025-11-26,180.13,M05
AP002287,Fulcrum Partners,professional_services,2025-12-11,2025-12-12,197.18,M02
AP000497,Datadog,infrastructure,2025-07-07,2025-07-10,3397.25,M02
AP000109,Amazon Web Services,infrastructure,2025-10-18,2025-10-21,4805.06,M06
AP004376,Rampart Solutions,professional_services,2025-11-21,2025-11-24,254.37,M14
AP002673,Harbor Labs,professional_services,2026-05-18,2026-05-19,84.69,M09
AP002836,Inlet Labs,facilities,2026-01-10,2026-01-12,177.07,M11
AP004369,Rampart Solutions,professional_services,2025-07-14,2025-07-16,1671.61,M05
AP001385,Acme Industries,facilities,2026-01-08,2026-01-08,923.86,M01
AP003493,Mosaic Consulting,facilities,2025-07-20,2025-07-23,68.35,M07
AP002493,Gable Labs,software,2025-09-18,2025-09-22,1333.41,M01
AP000058,Amazon Web Services,infrastructure,2025-08-19,2025-08-22,2199.27,M07
AP003548,Mosaic Industries,professional_services,2026-05-05,2026-05-08,121.72,M07
AP005087,Vela Partners,office,2025-11-04,2025-11-10,394.83,M10
AP001796,Cinder Labs,marketing,2026-03-29,2026-03-31,266.05,M03
AP004161,Quarry Supply,hardware,2026-01-04,2026-01-07,94.91,M13
AP004165,Quarry Supply,hardware,2026-04-06,2026-04-07,193.45,M05
AP005793,Northgate Logistics,logistics,2025-11-21,2025-11-25,4383.71,M14
AP001326,Acme Solutions,software,2026-02-23,2026-02-27,407.46,M09
AP002359,Fulcrum Works,professional_services,2026-06-23,2026-06-24,534.5,M03
AP003488,Mosaic Solutions,events,2026-05-30,2026-06-03,266.94,M11
AP004446,Rampart Group,professional_services,2025-08-15,2025-08-15,213.83,M04
AP005798,Northgate Logistics,logistics,2025-09-27,2025-09-29,228.5,M11
AP000754,Staples Business,office,2025-12-19,2025-12-19,145.67,M09
AP005864,Northgate Logistics,logistics,2025-08-26,2025-08-29,343.79,M09
AP000979,Wilson Sonsini,legal,2026-05-15,2026-05-15,8979.71,M06
AP002082,Ember Partners,events,2025-09-16,2025-09-16,1205.02,M13
AP003540,Mosaic Industries,professional_services,2026-02-18,2026-02-20,136.32,M01
AP005718,Zephyr Works,logistics,2026-01-15,2026-01-19,408.5,M07
AP003290,Loom Services,professional_services,2026-04-08,2026-04-13,166.85,M05
AP002542,Harbor Supply,logistics,2025-11-25,2025-12-01,362.1,M13
AP000212,Amazon Web Services,infrastructure,2026-01-12,2026-01-14,3938.37,M01
AP002772,Inlet Consulting,marketing,2025-09-03,2025-09-04,352.33,M10
AP004115,Prairie Works,office,2025-12-19,2025-12-22,128.88,M10
AP002758,Inlet Solutions,logistics,2025-10-18,2025-10-21,139.69,M11
AP000266,Amazon Web Services,infrastructure,2026-02-16,2026-02-19,5545.79,M05
AP004409,Rampart Partners,logistics,2025-07-18,2025-07-22,86.61,M09
AP005174,Vela Trading,facilities,2026-04-22,2026-04-27,100.67,M08
AP002180,Ember Trading,hardware,2025-07-14,2025-07-17,1844.1,M01
AP000083,Amazon Web Services,infrastructure,2025-09-24,2025-09-25,1644.15,M07
AP000956,Wilson Sonsini,legal,2025-07-13,2025-07-16,7973.17,M05
AP001296,Acme Supply,software,2026-04-08,2026-04-09,178.0,M10
AP001742,Cinder Partners,events,2026-06-13,2026-06-16,178.86,M08
AP001996,Dockside Trading,professional_services,2025-09-20,2025-09-23,1096.08,M09
AP002364,Fulcrum Trading,marketing,2025-09-02,2025-09-02,319.43,M13
AP001482,Borealis Services,hardware,2025-09-17,2025-09-17,163.95,M09
AP001004,Marsh Insurance,insurance,2025-10-22,2025-10-23,5684.68,M09
AP003323,Loom Consulting,marketing,2026-05-09,2026-05-11,53.21,M14
AP004987,Umber Works,marketing,2026-01-18,2026-01-19,516.0,M08
AP004379,Rampart Solutions,professional_services,2026-02-05,2026-02-09,667.58,M05
AP004999,Umber Trading,professional_services,2025-09-19,2025-09-22,1153.76,M09
AP000515,Datadog,infrastructure,2025-11-24,2025-11-25,2321.1,M01
AP003564,Mosaic Group,professional_services,2026-03-15,2026-03-19,916.01,M08
AP000683,WeWork,facilities,2026-05-22,2026-05-25,6739.82,M09
AP005725,Zephyr Works,logistics,2026-06-01,2026-06-05,265.87,M11
AP001921,Dockside Partners,facilities,2026-04-05,2026-04-09,270.69,M12
AP003635,Nimbus Services,software,2025-08-21,2025-08-25,318.0,M13
AP002799,Inlet Partners,events,2026-05-04,2026-05-07,1198.52,M05
AP001356,Acme Partners,marketing,2025-07-03,2025-07-03,623.51,M05
AP005565,Yonder Trading,office,2026-06-01,2026-06-03,128.18,M13
AP004308,Quarry Works,logistics,2025-08-05,2025-08-08,476.9,M10
AP000749,Staples Business,office,2025-12-24,2025-12-29,228.33,M11
AP005285,Wharf Industries,professional_services,2025-10-29,2025-10-30,783.78,M08
AP004721,Tundra Solutions,facilities,2026-04-20,2026-04-21,144.74,M06
AP002899,Juniper Supply,events,2025-12-21,2025-12-22,169.77,M01
AP001801,Cinder Works,logistics,2025-10-06,2025-10-06,546.91,M02
AP005348,Wharf Works,professional_services,2026-04-14,2026-04-14,529.49,M10
AP000132,Amazon Web Services,infrastructure,2025-10-22,2025-10-24,9139.81,M04
AP003052,Juniper Trading,events,2026-03-24,2026-03-27,295.26,M01
AP004334,Rampart Supply,software,2025-07-19,2025-07-21,300.96,M01
AP004390,Rampart Consulting,professional_services,2025-08-06,2025-08-11,190.54,M05
AP003602,Mosaic Trading,office,2025-08-20,2025-08-25,1328.13,M02
AP003861,Onyx Partners,software,2026-01-17,2026-01-20,422.71,M03
AP005406,Yonder Solutions,events,2025-09-18,2025-09-22,99.87,M14
AP000374,Amazon Web Services,infrastructure,2026-05-23,2026-05-25,1223.16,M01
AP004055,Prairie Industries,marketing,2025-08-10,2025-08-14,121.92,M02
AP001250,Verizon Business,telecom,2025-07-24,2025-07-28,1061.73,M02
AP005721,Zephyr Works,logistics,2026-03-07,2026-03-09,667.18,M10
AP004708,Tundra Solutions,facilities,2025-10-11,2025-10-13,239.53,M11
AP003490,Mosaic Solutions,events,2026-05-27,2026-05-27,169.15,M07
AP003646,Nimbus Services,software,2026-03-18,2026-03-23,115.25,M05
AP004090,Prairie Labs,office,2025-08-30,2025-09-03,559.14,M07
AP003798,Onyx Supply,hardware,2026-02-01,2026-02-03,141.63,M10
AP003160,Keystone Partners,hardware,2025-12-15,2025-12-17,396.81,M09
AP002525,Gable Trading,events,2025-10-15,2025-10-16,1048.26,M07
AP002903,Juniper Supply,events,2026-02-01,2026-02-05,363.06,M09
AP003547,Mosaic Industries,professional_services,2026-05-10,2026-05-11,326.04,M03
AP002588,Harbor Solutions,logistics,2026-03-05,2026-03-05,303.27,M13
AP001923,Dockside Industries,software,2025-08-02,2025-08-04,255.79,M08
AP005823,Northgate Logistics,logistics,2025-07-20,2025-07-21,9728.74,M04
AP005505,Yonder Labs,facilities,2025-09-20,2025-09-22,543.08,M12
AP002409,Gable Solutions,software,2025-09-03,2025-09-08,170.38,M04
AP004133,Prairie Trading,professional_services,2025-09-19,2025-09-22,307.37,M04
AP003656,Nimbus Solutions,facilities,2025-08-20,2025-08-25,555.66,M04
AP002244,Fulcrum Solutions,hardware,2026-01-04,2026-01-05,117.55,M09
AP004151,Quarry Supply,hardware,2025-07-31,2025-08-04,220.42,M11
AP000561,Salesforce,software,2025-09-07,2025-09-10,3248.57,M09
AP001127,Meridian Travel,travel,2025-08-19,2025-08-22,390.65,M08
AP004137,Prairie Trading,professional_services,2025-11-12,2025-11-17,429.94,M08
AP000952,Indeed,recruiting,2026-05-30,2026-06-02,3400.06,M13
AP004660,Sable Works,office,2026-02-22,2026-02-23,51.27,M07
AP004311,Quarry Works,logistics,2025-12-13,2025-12-15,138.41,M04
AP002094,Ember Partners,events,2026-04-01,2026-04-03,248.52,M04
AP003165,Keystone Partners,hardware,2026-01-31,2026-02-02,148.18,M14
AP005654,Zephyr Industries,logistics,2025-08-19,2025-08-21,215.04,M09
AP005139,Vela Labs,software,2025-10-13,2025-10-13,176.68,M13
AP000434,Snowflake,infrastructure,2025-08-22,2025-08-26,2633.48,M12
AP001129,Meridian Travel,travel,2025-08-02,2025-08-05,3699.18,M03
AP004103,Prairie Works,office,2025-07-02,2025-07-07,278.14,M08
AP004188,Quarry Services,marketing,2026-05-10,2026-05-14,410.49,M08
AP003850,Onyx Consulting,events,2025-12-03,2025-12-05,948.66,M09
AP004205,Quarry Solutions,office,2026-05-15,2026-05-15,204.95,M14
AP003916,Onyx Labs,office,2025-08-11,2025-08-15,372.49,M05
AP000126,Amazon Web Services,infrastructure,2025-10-16,2025-10-16,2327.83,M08
AP001547,Borealis Partners,software,2026-02-21,2026-02-24,358.13,M14
AP005424,Yonder Consulting,professional_services,2025-10-17,2025-10-17,358.8,M01
AP002442,Gable Consulting,facilities,2026-05-17,2026-05-18,235.17,M14
AP000899,Robert Half,recruiting,2026-04-11,2026-04-13,6227.95,M13
AP004289,Quarry Labs,events,2025-09-23,2025-09-26,199.77,M05
AP001228,CDW,hardware,2026-02-06,2026-02-09,1727.59,M05
AP002907,Juniper Supply,events,2026-05-06,2026-05-08,60.56,M07
AP005073,Vela Consulting,office,2026-03-17,2026-03-18,353.09,M12
AP000739,Staples Business,office,2025-10-02,2025-10-02,356.89,M10
AP002381,Gable Supply,office,2025-10-22,2025-10-23,1414.26,M03
AP003241,Keystone Trading,hardware,2025-10-05,2025-10-07,357.7,M01
AP001072,Global Catering Co,events,2026-06-16,2026-06-22,568.35,M14
AP005599,Zephyr Services,professional_services,2026-06-07,2026-06-08,1455.52,M08
AP000521,Datadog,infrastructure,2025-12-20,2025-12-22,2763.06,M13
AP005437,Yonder Consulting,professional_services,2026-03-30,2026-03-31,152.41,M06
AP001596,Borealis Group,events,2026-06-04,2026-06-04,82.92,M06
AP001417,Acme Labs,facilities,2025-12-12,2025-12-15,62.1,M05
AP002093,Ember Partners,events,2026-03-22,2026-03-23,942.31,M05
AP000585,Salesforce,software,2026-03-05,2026-03-05,5170.77,M08
AP003146,Keystone Consulting,logistics,2026-04-02,2026-04-06,491.16,M03
AP005458,Yonder Partners,marketing,2026-06-08,2026-06-11,79.44,M05
AP004190,Quarry Solutions,office,2025-07-16,2025-07-21,363.05,M05
AP000248,Amazon Web Services,infrastructure,2026-02-01,2026-02-03,2067.13,M04
AP003697,Nimbus Partners,software,2026-02-05,2026-02-06,713.87,M11
AP001139,Meridian Travel,travel,2025-11-16,2025-11-20,1233.45,M02
AP003999,Prairie Solutions,events,2025-09-20,2025-09-22,885.8,M06
AP004715,Tundra Solutions,facilities,2026-02-23,2026-02-24,240.74,M09
AP002590,Harbor Solutions,logistics,2026-05-21,2026-05-25,159.72,M10
AP001179,Meridian Travel,travel,2026-04-10,2026-04-13,538.22,M11
AP003834,Onyx Solutions,software,2025-12-04,2025-12-05,265.24,M04
AP002491,Gable Group,office,2026-05-24,2026-05-25,74.5,M07
AP003852,Onyx Consulting,events,2026-02-17,2026-02-23,448.73,M12
AP000863,Robert Half,recruiting,2025-09-21,2025-09-25,5215.65,M11
AP000710,Staples Business,office,2025-07-25,2025-07-28,117.1,M14
AP000258,Amazon Web Services,infrastructure,2026-02-09,2026-02-11,1842.32,M01
AP005419,Yonder Consulting,professional_services,2025-07-25,2025-07-29,108.82,M04
AP003440,Mosaic Supply,hardware,2025-12-03,2025-12-08,280.17,M06
AP004640,Sable Labs,marketing,2026-06-14,2026-06-17,317.48,M04
AP004384,Rampart Solutions,professional_services,2026-04-19,2026-04-20,2407.45,M09
AP000452,Snowflake,infrastructure,2025-11-08,2025-11-10,5760.12,M11
AP001643,Borealis Trading,logistics,2025-11-10,2025-11-11,210.84,M03
AP005227,Wharf Solutions,office,2025-12-03,2025-12-08,375.63,M08
AP003567,Mosaic Group,professional_services,2026-06-14,2026-06-15,1615.9,M13
AP004230,Quarry Partners,logistics,2025-12-16,2025-12-16,251.59,M07
AP003840,Onyx Solutions,software,2026-03-21,2026-03-23,782.22,M03
AP003389,Loom Labs,events,2025-12-15,2025-12-17,51.61,M10
AP000626,Atlassian,software,2026-04-02,2026-04-02,1022.22,M08
AP001038,Global Catering Co,events,2025-12-22,2025-12-26,1173.32,M14
AP005627,Zephyr Consulting,hardware,2026-01-27,2026-01-30,559.3,M10
AP004738,Tundra Consulting,office,2025-12-05,2025-12-09,163.15,M12
AP004135,Prairie Trading,professional_services,2025-10-23,2025-10-27,321.04,M05
AP000433,Snowflake,infrastructure,2025-08-24,2025-08-25,5549.19,M12
AP001383,Acme Industries,facilities,2025-11-21,2025-11-21,229.2,M11
AP002319,Fulcrum Group,professional_services,2025-11-12,2025-11-14,604.09,M03
AP004454,Rampart Group,professional_services,2026-02-16,2026-02-17,87.18,M09
AP003185,Keystone Industries,professional_services,2026-05-28,2026-06-01,351.77,M10
AP000039,Amazon Web Services,infrastructure,2025-08-07,2025-08-08,1642.22,M06
AP000546,Datadog,infrastructure,2026-05-08,2026-05-08,5130.23,M07
AP002156,Ember Works,hardware,2025-07-07,2025-07-11,128.45,M13
AP003288,Loom Services,professional_services,2026-04-17,2026-04-20,799.88,M06
AP000571,Salesforce,software,2025-11-13,2025-11-14,4867.67,M03
AP002718,Harbor Trading,software,2026-06-07,2026-06-08,108.52,M10
AP003502,Mosaic Consulting,facilities,2026-03-02,2026-03-06,1091.6,M12
AP000974,Wilson Sonsini,legal,2026-02-01,2026-02-05,16197.27,M10
AP004337,Rampart Supply,software,2025-10-14,2025-10-15,736.7,M06
AP002875,Inlet Trading,hardware,2026-01-02,2026-01-06,1322.66,M07
AP002893,Juniper Supply,events,2025-10-14,2025-10-20,1040.87,M10
AP001165,Meridian Travel,travel,2026-02-10,2026-02-13,933.34,M11
AP005471,Yonder Industries,marketing,2026-01-28,2026-02-02,496.48,M08
AP002985,Juniper Industries,events,2025-07-03,2025-07-03,174.37,M03
AP001198,CDW,hardware,2025-09-16,2025-09-22,3389.34,M07
AP003091,Keystone Services,office,2026-02-05,2026-02-09,115.51,M01
AP004406,Rampart Consulting,professional_services,2026-06-07,2026-06-10,206.78,M04
AP003275,Loom Supply,professional_services,2026-05-01,2026-05-01,545.15,M02
AP002843,Inlet Labs,facilities,2026-05-17,2026-05-18,250.44,M10
AP004713,Tundra Solutions,facilities,2025-11-28,2025-11-28,578.41,M02
AP005141,Vela Labs,software,2025-12-16,2025-12-19,131.15,M03
AP003713,Nimbus Industries,facilities,2026-02-06,2026-02-10,129.14,M05
AP002321,Fulcrum Group,professional_services,2025-11-19,2025-11-19,99.44,M01
AP002522,Gable Trading,events,2025-07-21,2025-07-25,499.15,M02
AP005125,Vela Group,professional_services,2025-09-21,2025-09-24,151.76,M11
AP000692,Iron Mountain,facilities,2025-11-04,2025-11-04,200.52,M02
AP000421,Amazon Web Services,infrastructure,2026-06-16,2026-06-19,3053.25,M14
AP005577,Zephyr Supply,office,2026-02-10,2026-02-12,833.26,M14
AP003375,Loom Group,events,2026-04-14,2026-04-14,1944.09,M03
AP002573,Harbor Services,events,2026-05-08,2026-05-12,615.28,M09
AP005544,Yonder Works,office,2026-06-20,2026-06-22,846.54,M14
AP005029,Vela Supply,facilities,2026-03-17,2026-03-17,130.96,M14
AP000158,Amazon Web Services,infrastructure,2025-11-17,2025-11-21,1545.18,M11
AP002413,Gable Solutions,software,2026-01-24,2026-01-28,685.56,M10
AP003896,Onyx Group,office,2025-08-24,2025-08-27,1026.46,M11
AP001132,Meridian Travel,travel,2025-09-08,2025-09-11,455.03,M07
AP000171,Amazon Web Services,infrastructure,2025-11-08,2025-11-11,4423.9,M12
AP001679,Cinder Services,facilities,2025-11-28,2025-11-28,878.41,M01
AP002952,Juniper Consulting,office,2026-02-27,2026-03-03,234.67,M12
AP001154,Meridian Travel,travel,2026-01-18,2026-01-22,391.88,M13
AP000282,Amazon Web Services,infrastructure,2026-02-27,2026-02-27,1613.18,M11
AP005273,Wharf Partners,professional_services,2026-04-24,2026-04-27,267.37,M02
AP002255,Fulcrum Consulting,professional_services,2025-07-13,2025-07-17,149.64,M10
AP000041,Amazon Web Services,infrastructure,2025-08-26,2025-08-28,1481.88,M11
AP002946,Juniper Consulting,office,2025-09-30,2025-10-02,677.61,M11
AP002458,Gable Industries,office,2025-07-12,2025-07-14,75.62,M03
AP005773,Summit Interiors,facilities,2026-06-03,2026-06-04,7595.24,M09
AP001014,Marsh Insurance,insurance,2026-05-27,2026-05-29,6149.74,M06
AP004242,Quarry Partners,logistics,2026-06-11,2026-06-15,159.13,M09
AP001829,Cinder Trading,marketing,2026-02-03,2026-02-04,1513.67,M07
AP002756,Inlet Solutions,logistics,2025-09-07,2025-09-08,360.59,M04
AP005528,Yonder Works,office,2025-12-25,2025-12-29,544.85,M13
AP000674,WeWork,facilities,2026-02-10,2026-02-10,9355.95,M02
AP005590,Zephyr Services,professional_services,2025-10-05,2025-10-07,96.13,M06
AP003366,Loom Group,events,2025-08-09,2025-08-13,124.69,M14
AP005095,Vela Partners,office,2026-05-16,2026-05-18,842.37,M10
AP002339,Fulcrum Labs,software,2025-12-24,2025-12-29,994.37,M05
AP004284,Quarry Group,facilities,2026-05-08,2026-05-11,471.44,M04
AP003812,Onyx Services,logistics,2025-10-04,2025-10-06,400.98,M10
AP003248,Keystone Trading,hardware,2026-01-11,2026-01-14,626.09,M09
AP000375,Amazon Web Services,infrastructure,2026-05-09,2026-05-11,1061.15,M13
AP001713,Cinder Consulting,marketing,2025-11-19,2025-11-20,270.4,M06
AP004661,Sable Works,office,2026-03-06,2026-03-10,162.91,M10
AP002638,Harbor Industries,events,2025-09-26,2025-09-29,86.63,M04
AP002833,Inlet Labs,facilities,2025-12-19,2025-12-22,384.94,M14
AP005923,Juniper Industries,events,2025-09-15,2025-09-20,409.38,M06
AP000134,Amazon Web Services,infrastructure,2025-10-04,2025-10-07,5704.45,M12
AP000655,Figma,software,2026-06-09,2026-06-09,428.22,M03
AP001854,Dockside Services,logistics,2025-07-18,2025-07-21,700.51,M10
AP001280,Acme Supply,software,2025-07-27,2025-07-31,442.15,M12
AP000420,Amazon Web Services,infrastructure,2026-06-19,2026-06-22,1248.78,M14
AP003734,Nimbus Group,logistics,2026-05-13,2026-05-14,1027.34,M14
AP002603,Harbor Consulting,marketing,2026-01-06,2026-01-08,242.75,M14
AP002241,Fulcrum Solutions,hardware,2025-12-17,2025-12-19,230.73,M13
AP002103,Ember Industries,office,2025-08-10,2025-08-13,368.11,M10
AP004842,Tundra Trading,facilities,2026-05-24,2026-05-26,3688.85,M05
AP005898,Northgate Logistics,logistics,2025-12-22,2025-12-26,6509.23,M14
AP000063,Amazon Web Services,infrastructure,2025-08-01,2025-08-05,549.46,M09
AP001345,Acme Consulting,facilities,2026-02-21,2026-02-24,164.17,M10
AP001361,Acme Partners,marketing,2025-10-08,2025-10-13,128.43,M12
AP005215,Wharf Services,professional_services,2026-05-23,2026-05-25,1141.36,M01
AP002036,Ember Services,hardware,2025-09-23,2025-09-23,49.23,M13
AP005492,Yonder Group,hardware,2026-03-05,2026-03-09,172.49,M03
AP004598,Sable Industries,professional_services,2026-01-17,2026-01-19,585.04,M07
AP005538,Yonder Works,office,2026-03-16,2026-03-17,683.99,M10
AP003589,Mosaic Works,marketing,2026-01-21,2026-01-23,347.55,M09
AP000160,Amazon Web Services,infrastructure,2025-11-04,2025-11-06,5532.39,M14
AP003910,Onyx Group,office,2026-01-27,2026-01-28,238.5,M14
AP001571,Borealis Industries,facilities,2026-06-10,2026-06-15,426.99,M05
AP004557,Sable Solutions,software,2025-11-28,2025-11-28,333.55,M11
AP002977,Juniper Partners,hardware,2026-03-03,2026-03-03,309.48,M09
AP003634,Nimbus Services,software,2025-08-02,2025-08-06,2445.14,M07
AP001759,Cinder Industries,software,2026-02-02,2026-02-03,466.83,M09
AP004386,Rampart Solutions,professional_services,2026-06-07,2026-06-11,404.98,M07
AP003418,Loom Trading,hardware,2025-12-19,2025-12-22,52.88,M09
AP002663,Harbor Labs,professional_services,2025-08-31,2025-09-01,97.87,M03
AP005500,Yonder Labs,facilities,2025-07-09,2025-07-10,396.63,M14
AP002900,Juniper Supply,events,2025-12-08,2025-12-09,95.23,M02
AP001502,Borealis Solutions,marketing,2025-11-11,2025-11-12,395.21,M01
AP003392,Loom Labs,events,2026-02-15,2026-02-16,385.48,M04
AP005714,Zephyr Works,logistics,2025-11-25,2025-12-01,813.02,M05
AP004902,Umber Consulting,software,2025-12-03,2025-12-04,88.95,M07
AP001303,Acme Services,facilities,2025-09-15,2025-09-16,562.0,M14
AP000182,Amazon Web Services,infrastructure,2025-11-29,2025-12-01,1005.19,M09
AP005526,Yonder Works,office,2025-09-12,2025-09-15,177.29,M11
AP003331,Loom Partners,professional_services,2025-08-17,2025-08-20,1763.1,M11
AP001222,CDW,hardware,2026-01-06,2026-01-08,4543.92,M05
AP005467,Yonder Industries,marketing,2025-11-28,2025-12-01,73.6,M02
AP002955,Juniper Consulting,office,2026-04-10,2026-04-10,1075.33,M13
AP002025,Ember Supply,marketing,2026-03-07,2026-03-10,1545.42,M03
AP005416,Yonder Solutions,events,2026-05-29,2026-05-29,162.77,M13
AP000726,Staples Business,office,2025-09-18,2025-09-22,143.21,M05
AP001048,Global Catering Co,events,2026-02-19,2026-02-20,428.65,M06
AP002502,Gable Labs,software,2026-05-12,2026-05-14,377.73,M01
AP004653,Sable Works,office,2025-12-12,2025-12-15,202.49,M12
AP005104,Vela Industries,hardware,2025-11-17,2025-11-21,447.17,M10
AP001641,Borealis Trading,logistics,2025-09-12,2025-09-15,406.42,M13
AP002797,Inlet Partners,events,2026-03-04,2026-03-09,1689.09,M09
AP001232,CDW,hardware,2026-03-24,2026-03-27,1243.32,M08
AP002135,Ember Labs,software,2025-07-01,2025-07-01,770.57,M07
AP002981,Juniper Partners,hardware,2026-04-01,2026-04-02,37.79,M02
AP000351,Amazon Web Services,infrastructure,2026-04-14,2026-04-16,1023.91,M02
AP001615,Borealis Labs,logistics,2026-05-03,2026-05-07,241.0,M08
AP004484,Rampart Works,facilities,2025-10-05,2025-10-07,1071.4,M13
AP005719,Zephyr Works,logistics,2026-01-04,2026-01-05,129.71,M12
AP003576,Mosaic Labs,hardware,2025-11-02,2025-11-03,493.13,M06
AP002591,Harbor Solutions,logistics,2026-05-06,2026-05-11,129.64,M13
AP003495,Mosaic Consulting,facilities,2025-08-30,2025-09-03,239.83,M01
AP002396,Gable Services,hardware,2025-10-08,2025-10-09,528.92,M12
AP004373,Rampart Solutions,professional_services,2025-10-07,2025-10-13,508.46,M09
AP001943,Dockside Group,hardware,2025-10-07,2025-10-07,324.01,M02
AP005086,Vela Partners,office,2025-11-02,2025-11-06,62.47,M10
AP003361,Loom Industries,facilities,2026-04-04,2026-04-06,663.8,M02
AP001216,CDW,hardware,2025-12-01,2025-12-02,514.45,M05
AP005801,Northgate Logistics,logistics,2026-05-01,2026-05-04,19108.99,M01
AP000728,Staples Business,office,2025-09-03,2025-09-08,228.76,M09
AP004695,Tundra Services,office,2025-10-11,2025-10-13,116.57,M02
AP001484,Borealis Services,hardware,2025-10-31,2025-11-03,449.39,M08
AP002343,Fulcrum Labs,software,2026-04-19,2026-04-22,779.22,M05
AP003702,Nimbus Industries,facilities,2025-07-22,2025-07-22,78.8,M04
AP000517,Datadog,infrastructure,2025-11-08,2025-11-11,4235.82,M11
AP000976,Wilson Sonsini,legal,2026-04-16,2026-04-16,20520.38,M03
AP003869,Onyx Partners,software,2026-05-24,2026-05-28,95.97,M06
AP004852,Umber Supply,facilities,2025-11-13,2025-11-13,160.57,M05
AP000241,Amazon Web Services,infrastructure,2026-01-17,2026-01-20,1153.17,M02
AP001945,Dockside Group,hardware,2025-10-06,2025-10-06,277.09,M05
AP005843,Northgate Logistics,logistics,2025-10-25,2025-10-27,3172.63,M05
AP003974,Prairie Supply,facilities,2026-04-18,2026-04-20,635.91,M14
AP002672,Harbor Labs,professional_services,2026-04-01,2026-04-01,181.49,M03
AP004157,Quarry Supply,hardware,2025-11-13,2025-11-17,246.01,M11
AP002538,Harbor Supply,logistics,2025-10-19,2025-10-23,364.82,M12
AP005811,Northgate Logistics,logistics,2026-02-20,2026-02-20,99491.83,M02
AP002576,Harbor Services,events,2026-06-03,2026-06-05,642.23,M01
AP004570,Sable Consulting,professional_services,2026-02-17,2026-02-20,419.27,M08
AP003092,Keystone Services,office,2026-02-20,2026-02-23,307.17,M07
AP001185,Meridian Travel,travel,2026-06-13,2026-06-17,3061.13,M02
AP000289,Amazon Web Services,infrastructure,2026-03-07,2026-03-09,5745.24,M08
AP003897,Onyx Group,office,2025-08-18,2025-08-18,430.14,M08
AP001496,Borealis Services,hardware,2026-05-02,2026-05-04,1091.06,M10
AP005063,Vela Consulting,office,2025-07-08,2025-07-11,99.14,M05
AP000335,Amazon Web Services,infrastructure,2026-04-12,2026-04-16,1646.75,M13
AP002479,Gable Group,office,2025-11-18,2025-11-19,94.62,M14
AP005363,Wharf Trading,hardware,2026-03-03,2026-03-09,269.18,M03
AP005758,Pinnacle Consulting,consulting,2025-12-02,2025-12-02,15000,M06
AP000549,Datadog,infrastructure,2026-05-21,2026-05-22,3657.82,M03
AP002601,Harbor Consulting,marketing,2025-12-02,2025-12-02,125.67,M02
AP004037,Prairie Partners,office,2025-09-17,2025-09-22,380.9,M01
AP002552,Harbor Supply,logistics,2026-06-05,2026-06-08,175.87,M04
AP003514,Mosaic Partners,hardware,2025-08-24,2025-08-25,834.86,M13
AP002855,Inlet Works,facilities,2026-02-07,2026-02-10,432.88,M01
AP003513,Mosaic Partners,hardware,2025-08-01,2025-08-04,1231.19,M02
AP002165,Ember Works,hardware,2025-12-03,2025-12-08,1781.8,M02
AP001847,Dockside Supply,events,2026-03-23,2026-03-25,246.95,M06
AP003959,Onyx Trading,events,2026-01-11,2026-01-12,219.76,M10
AP003883,Onyx Industries,facilities,2026-03-22,2026-03-23,494.72,M01
AP004552,Sable Solutions,software,2025-09-07,2025-09-09,413.74,M07
AP005265,Wharf Partners,professional_services,2025-10-12,2025-10-13,450.17,M09
AP003220,Keystone Works,professional_services,2025-10-13,2025-10-16,80.9,M04
AP005527,Yonder Works,office,2025-10-11,2025-10-14,315.77,M03
AP004909,Umber Consulting,software,2026-04-01,2026-04-06,237.34,M02
AP004641,Sable Labs,marketing,2026-06-21,2026-06-24,1516.69,M03
AP005054,Vela Solutions,software,2025-11-12,2025-11-17,377.12,M08
AP004573,Sable Consulting,professional_services,2026-03-13,2026-03-16,313.01,M11
AP005534,Yonder Works,office,2026-01-27,2026-01-30,217.18,M12
AP001191,CDW,hardware,2025-07-19,2025-07-21,3057.8,M11
AP004505,Rampart Trading,office,2025-12-04,2025-12-08,217.88,M02
AP000722,Staples Business,office,2025-09-04,2025-09-05,31.92,M14
AP005079,Vela Consulting,office,2026-05-06,2026-05-11,207.24,M14
AP004944,Umber Industries,office,2026-02-14,2026-02-16,419.73,M01
AP004403,Rampart Consulting,professional_services,2026-04-03,2026-04-07,782.96,M14
AP005756,Pinnacle Consulting,consulting,2025-10-19,2025-10-20,15000,M08
AP002731,Inlet Supply,logistics,2026-01-02,2026-01-06,654.2,M09
AP004955,Umber Group,software,2026-01-15,2026-01-15,641.82,M14
AP000107,Amazon Web Services,infrastructure,2025-09-08,2025-09-08,1016.47,M07
AP003618,Nimbus Supply,hardware,2025-07-16,2025-07-18,225.19,M07
AP002766,Inlet Solutions,logistics,2026-04-17,2026-04-17,477.34,M08
AP005108,Vela Industries,hardware,2025-12-28,2025-12-30,127.88,M01
AP003167,Keystone Partners,hardware,2026-04-07,2026-04-10,370.8,M01
AP003836,Onyx Solutions,software,2026-01-05,2026-01-05,435.78,M13
AP000486,Snowflake,infrastructure,2026-05-01,2026-05-01,1812.99,M06
AP002116,Ember Industries,office,2026-06-07,2026-06-10,196.87,M11
AP003240,Keystone Trading,hardware,2025-09-16,2025-09-18,76.06,M01
AP001814,Cinder Trading,marketing,2025-07-19,2025-07-21,385.93,M04
AP003767,Nimbus Works,software,2026-01-23,2026-01-23,413.46,M01
AP002400,Gable Services,hardware,2026-01-31,2026-02-04,339.07,M01
AP004740,Tundra Consulting,office,2026-01-15,2026-01-15,235.69,M01
AP003501,Mosaic Consulting,facilities,2026-02-06,2026-02-06,61.77,M05
AP001838,Dockside Supply,events,2025-09-14,2025-09-15,1133.38,M03
AP004347,Rampart Supply,software,2026-06-13,2026-06-16,670.52,M12
AP000578,Salesforce,software,2026-01-14,2026-01-16,2243.61,M05
AP004645,Sable Works,office,2025-07-23,2025-07-25,506.11,M02
AP004965,Umber Labs,office,2025-12-06,2025-12-08,387.63,M09
AP004100,Prairie Labs,office,2026-02-27,2026-03-02,3616.4,M14
AP003266,Loom Supply,professional_services,2025-12-24,2025-12-29,215.16,M06
AP000866,Robert Half,recruiting,2025-09-12,2025-09-15,7193.59,M05
AP001733,Cinder Partners,events,2025-10-17,2025-10-20,972.78,M02
AP002842,Inlet Labs,facilities,2026-03-23,2026-03-25,712.98,M02
AP004567,Sable Consulting,professional_services,2025-12-12,2025-12-15,1036.1,M02
AP003017,Juniper Labs,software,2026-01-15,2026-01-19,532.04,M09
AP004323,Quarry Trading,logistics,2025-09-07,2025-09-08,324.62,M01
AP001949,Dockside Group,hardware,2025-12-09,2025-12-15,421.47,M09
AP001631,Borealis Works,hardware,2026-04-14,2026-04-20,364.35,M10
AP005354,Wharf Trading,hardware,2025-07-10,2025-07-14,1014.91,M07
AP005435,Yonder Consulting,professional_services,2026-04-21,2026-04-24,153.46,M12
AP000285,Amazon Web Services,infrastructure,2026-03-05,2026-03-09,7726.35,M08
AP003362,Loom Industries,facilities,2026-03-29,2026-03-30,375.75,M12
AP002597,Harbor Consulting,marketing,2025-08-17,2025-08-18,848.71,M09
AP003955,Onyx Trading,events,2025-12-04,2025-12-08,520.98,M12
AP001369,Acme Partners,marketing,2026-03-09,2026-03-12,92.27,M10
AP003777,Nimbus Works,software,2026-06-02,2026-06-08,68.81,M10
AP005782,Summit Interiors,facilities,2025-07-28,2025-08-01,9900,M03
AP004750,Tundra Partners,office,2025-10-24,2025-10-27,427.85,M08
AP000229,Amazon Web Services,infrastructure,2026-01-03,2026-01-07,3175.29,M06
AP000422,Amazon Web Services,infrastructure,2026-06-22,2026-06-22,2816.71,M08
AP002925,Juniper Solutions,facilities,2026-01-23,2026-01-23,336.55,M12
AP002934,Juniper Solutions,facilities,2026-05-22,2026-05-22,601.41,M13
AP001888,Dockside Consulting,office,2025-08-31,2025-09-02,172.8,M03
AP005383,Yonder Services,facilities,2025-07-26,2025-07-28,923.85,M06
AP001572,Borealis Industries,facilities,2026-06-08,2026-06-12,83.8,M04
AP001790,Cinder Labs,marketing,2025-11-21,2025-11-24,221.97,M10
AP002669,Harbor Labs,professional_services,2026-02-04,2026-02-04,289.43,M12
AP001524,Borealis Consulting,facilities,2025-11-09,2025-11-10,299.8,M14
AP002448,Gable Partners,marketing,2025-11-29,2025-12-02,1344.19,M04
AP001518,Borealis Consulting,facilities,2025-09-23,2025-09-25,105.15,M11
AP005333,Wharf Works,professional_services,2025-10-16,2025-10-20,290.39,M10
AP001894,Dockside Consulting,office,2025-12-20,2025-12-22,207.68,M04
AP004535,Sable Services,logistics,2025-11-10,2025-11-10,249.84,M04
AP005584,Zephyr Supply,office,2026-03-29,2026-03-30,175.87,M09
AP000856,Robert Half,recruiting,2025-07-05,2025-07-07,4355.13,M01
AP004067,Prairie Industries,marketing,2026-04-09,2026-04-13,442.42,M10
AP001097,Apex Print Media,marketing,2026-01-19,2026-01-22,794.42,M02
AP005915,Northgate Logistics,logistics,2025-10-19,2025-10-22,80835.9,M09
AP004450,Rampart Group,professional_services,2025-11-25,2025-11-26,373.62,M01
AP002745,Inlet Services,software,2025-12-13,2025-12-15,122.02,M08
AP001053,Global Catering Co,events,2026-03-20,2026-03-23,1400.99,M07
AP001753,Cinder Industries,software,2025-11-15,2025-11-17,489.85,M11
AP002785,Inlet Consulting,marketing,2026-03-22,2026-03-23,290.81,M09
AP003485,Mosaic Solutions,events,2026-04-05,2026-04-06,192.67,M03
AP000820,Uline,office,2025-11-08,2025-11-12,103.55,M02
AP005554,Yonder Trading,office,2026-01-15,2026-01-19,115.21,M14
AP004286,Quarry Group,facilities,2026-05-28,2026-05-29,1722.23,M14
AP000249,Amazon Web Services,infrastructure,2026-01-30,2026-02-03,3545.31,M10
AP004275,Quarry Group,facilities,2026-01-19,2026-01-21,1482.87,M14
AP003325,Loom Consulting,marketing,2026-06-23,2026-06-24,89.62,M04
AP001358,Acme Partners,marketing,2025-09-08,2025-09-09,94.92,M09
AP003596,Mosaic Works,marketing,2026-04-16,2026-04-20,531.04,M07
AP002753,Inlet Services,software,2026-06-12,2026-06-16,362.3,M06
AP002095,Ember Partners,events,2026-04-17,2026-04-20,59.58,M14
AP002390,Gable Supply,office,2026-06-19,2026-06-22,81.37,M01
AP002646,Harbor Industries,events,2026-05-18,2026-05-21,595.76,M04
AP004609,Sable Group,logistics,2025-11-22,2025-11-24,266.84,M14
AP003293,Loom Services,professional_services,2026-06-09,2026-06-10,571.39,M08
AP000164,Amazon Web Services,infrastructure,2025-11-13,2025-11-17,2537.24,M14
AP003690,Nimbus Consulting,office,2026-06-09,2026-06-11,560.93,M10
AP000994,PwC,accounting,2026-02-22,2026-02-23,20135.41,M04
AP001878,Dockside Solutions,professional_services,2026-03-25,2026-03-30,667.65,M10
AP000970,Wilson Sonsini,legal,2026-01-09,2026-01-12,5919.74,M03
AP000877,Robert Half,recruiting,2025-11-19,2025-11-24,3771.92,M07
AP003246,Keystone Trading,hardware,2025-11-30,2025-12-01,779.31,M14
AP001060,Global Catering Co,events,2026-04-19,2026-04-23,1866.17,M01
AP005397,Yonder Services,facilities,2026-04-15,2026-04-15,207.39,M02
AP000824,Uline,office,2025-12-16,2025-12-17,429.74,M10
AP003083,Keystone Services,office,2025-09-09,2025-09-11,156.9,M09
AP002565,Harbor Services,events,2025-12-05,2025-12-08,476.9,M05
AP001054,Global Catering Co,events,2026-03-19,2026-03-23,625.91,M14
AP001012,Marsh Insurance,insurance,2026-04-30,2026-05-04,4142.44,M07
AP003174,Keystone Industries,professional_services,2025-08-02,2025-08-05,433.71,M14
AP000003,Amazon Web Services,infrastructure,2025-07-15,2025-07-16,890.87,M02
AP004983,Umber Works,marketing,2025-09-04,2025-09-08,135.65,M10
AP003875,Onyx Industries,facilities,2025-11-03,2025-11-03,141.72,M14
AP005491,Yonder Group,hardware,2026-03-20,2026-03-20,1931.65,M04
AP004120,Prairie Works,office,2026-03-31,2026-04-01,92.84,M06
AP004539,Sable Services,logistics,2026-03-08,2026-03-09,614.16,M06
AP005779,Summit Interiors,facilities,2025-07-29,2025-08-04,6984.2,M03
AP000183,Amazon Web Services,infrastructure,2025-12-02,2025-12-03,1520.0,M04
AP001166,Meridian Travel,travel,2026-03-08,2026-03-10,1959.03,M03
AP001799,Cinder Works,logistics,2025-09-15,2025-09-18,98.39,M05
AP004035,Prairie Partners,office,2025-08-24,2025-08-26,356.6,M12
AP004644,Sable Works,office,2025-07-08,2025-07-14,190.88,M06
AP004293,Quarry Labs,events,2025-11-14,2025-11-18,389.97,M08
AP000368,Amazon Web Services,infrastructure,2026-05-06,2026-05-07,1255.84,M04
AP004046,Prairie Partners,office,2026-01-02,2026-01-05,319.99,M10
AP003906,Onyx Group,office,2025-12-11,2025-12-11,403.87,M06
AP000577,Salesforce,software,2026-01-01,2026-01-01,7367.14,M05
AP002687,Harbor Works,hardware,2025-12-21,2025-12-22,102.67,M05
AP003839,Onyx Solutions,software,2026-02-21,2026-02-23,393.69,M01
AP002303,Fulcrum Industries,professional_services,2025-12-02,2025-12-04,408.83,M05
AP000315,Amazon Web Services,infrastructure,2026-04-20,2026-04-21,3135.6,M02
AP005581,Zephyr Supply,office,2026-03-12,2026-03-12,363.97,M06
AP005572,Zephyr Supply,office,2025-10-18,2025-10-20,484.48,M08
AP004365,Rampart Services,logistics,2026-02-11,2026-02-13,142.35,M13
AP005379,Yonder Supply,software,2026-03-18,2026-03-18,803.21,M09
AP005021,Vela Supply,facilities,2025-10-18,2025-10-21,323.89,M02
AP004591,Sable Industries,professional_services,2025-07-16,2025-07-21,128.61,M04
AP003764,Nimbus Works,software,2025-11-29,2025-12-01,762.23,M05
AP001824,Cinder Trading,marketing,2025-11-12,2025-11-14,838.69,M07
AP004515,Rampart Trading,office,2026-04-22,2026-04-27,266.41,M06
AP004437,Rampart Industries,facilities,2026-02-04,2026-02-09,2075.19,M04
AP000607,Atlassian,software,2025-11-06,2025-11-10,1437.54,M10
AP005271,Wharf Partners,professional_services,2026-02-28,2026-03-04,164.46,M08
AP000117,Amazon Web Services,infrastructure,2025-10-07,2025-10-07,3515.03,M03
AP001711,Cinder Consulting,marketing,2025-09-23,2025-09-29,412.56,M07
AP000071,Amazon Web Services,infrastructure,2025-08-07,2025-08-07,1443.52,M05
AP003294,Loom Solutions,professional_services,2025-07-17,2025-07-21,1092.95,M01
AP005749,WeWork,facilities,2026-01-19,2026-01-22,8285.83,M06
AP000583,Salesforce,software,2026-02-09,2026-02-12,3460.3,M12
AP005751,Amazon Web Services,infrastructure,2025-11-16,2025-11-17,2537.24,M10
AP004952,Umber Group,software,2025-10-18,2025-10-21,741.58,M13
AP003154,Keystone Partners,hardware,2025-09-22,2025-09-24,182.27,M06
AP003929,Onyx Works,facilities,2025-07-16,2025-07-21,138.39,M03
AP000567,Salesforce,software,2025-10-08,2025-10-08,3389.86,M07
AP002247,Fulcrum Solutions,hardware,2026-01-27,2026-01-29,221.87,M06
AP003978,Prairie Services,logistics,2025-07-21,2025-07-21,507.99,M01
AP004195,Quarry Solutions,office,2025-09-18,2025-09-22,393.55,M03
AP001438,Acme Works,professional_services,2025-12-04,2025-12-05,147.75,M09
AP001826,Cinder Trading,marketing,2025-12-17,2025-12-19,281.53,M04
AP003102,Keystone Solutions,events,2025-09-21,2025-09-22,90.65,M07
AP005607,Zephyr Solutions,office,2025-10-17,2025-10-20,262.43,M10
AP001539,Borealis Partners,software,2025-08-21,2025-08-25,2930.56,M01
AP002947,Juniper Consulting,office,2025-11-16,2025-11-19,709.42,M01
AP004572,Sable Consulting,professional_services,2026-02-10,2026-02-13,211.95,M03
AP004004,Prairie Solutions,events,2025-12-21,2025-12-23,405.8,M13
AP000886,Robert Half,recruiting,2026-01-19,2026-01-23,3290.38,M04
AP004581,Sable Partners,office,2025-10-21,2025-10-24,531.41,M08
AP005047,Vela Services,software,2026-06-13,2026-06-15,211.38,M02
AP001319,Acme Solutions,software,2025-11-06,2025-11-07,1649.29,M03
AP003736,Nimbus Group,logistics,2026-06-06,2026-06-09,661.55,M12
AP001066,Global Catering Co,events,2026-05-15,2026-05-18,727.92,M09
AP005206,Wharf Services,professional_services,2025-10-05,2025-10-08,120.32,M12
AP001684,Cinder Services,facilities,2026-04-20,2026-04-20,689.95,M04
AP001234,CDW,hardware,2026-04-14,2026-04-17,863.39,M11
AP003526,Mosaic Partners,hardware,2026-02-16,2026-02-17,356.99,M12
AP002960,Juniper Consulting,office,2026-06-05,2026-06-09,338.21,M09
AP002397,Gable Services,hardware,2025-11-13,2025-11-17,1191.95,M05
AP002838,Inlet Labs,facilities,2026-02-04,2026-02-06,66.1,M03
AP000682,WeWork,facilities,2026-04-28,2026-04-28,6175.15,M03
AP001597,Borealis Group,events,2026-06-04,2026-06-08,387.28,M08
AP002332,Fulcrum Labs,software,2025-09-21,2025-09-24,326.74,M09
AP001302,Acme Services,facilities,2025-08-27,2025-09-01,1182.27,M09
AP005767,Summit Interiors,facilities,2025-10-18,2025-10-21,9478.06,M07
AP004435,Rampart Industries,facilities,2025-12-25,2025-12-29,636.03,M03
AP000492,Snowflake,infrastructure,2026-06-20,2026-06-23,7241.91,M08
AP001010,Marsh Insurance,insurance,2026-03-14,2026-03-18,6319.35,M07
AP003982,Prairie Services,logistics,2025-09-02,2025-09-03,209.25,M13
AP003383,Loom Labs,events,2025-08-24,2025-08-26,94.75,M01
AP002418,Gable Solutions,software,2026-03-31,2026-03-31,397.04,M04
AP004431,Rampart Industries,facilities,2025-09-17,2025-09-19,291.51,M05
AP005647,Zephyr Partners,professional_services,2026-02-08,2026-02-11,241.28,M10
AP002336,Fulcrum Labs,software,2025-11-04,2025-11-10,261.54,M13
AP001890,Dockside Consulting,office,2025-10-20,2025-10-20,73.09,M08
AP005480,Yonder Group,hardware,2025-08-15,2025-08-18,574.49,M05
AP003711,Nimbus Industries,facilities,2025-12-30,2026-01-02,46.97,M05
AP005844,Northgate Logistics,logistics,2025-08-17,2025-08-21,659.29,M01
AP005071,Vela Consulting,office,2025-12-23,2025-12-24,189.96,M13
AP004420,Rampart Partners,logistics,2026-02-16,2026-02-19,390.24,M04
AP000296,Amazon Web Services,infrastructure,2026-03-20,2026-03-23,1334.49,M10
AP001463,Borealis Supply,marketing,2025-11-29,2025-12-01,1200.32,M07
AP001079,Apex Print Media,marketing,2025-09-03,2025-09-04,899.74,M01
AP003292,Loom Services,professional_services,2026-06-20,2026-06-22,556.11,M11
AP001892,Dockside Consulting,office,2025-12-08,2025-12-11,171.45,M05
AP001748,Cinder Industries,software,2025-08-13,2025-08-14,202.99,M07
AP002411,Gable Solutions,software,2025-12-31,2026-01-01,2179.01,M10
AP000807,Uline,office,2025-08-19,2025-08-21,255.53,M07
AP004078,Prairie Group,hardware,2025-10-29,2025-10-31,232.85,M07
AP003858,Onyx Consulting,events,2026-05-06,2026-05-11,150.74,M13
AP004396,Rampart Consulting,professional_services,2025-12-23,2025-12-23,180.2,M07
AP002614,Harbor Partners,software,2025-09-05,2025-09-08,721.51,M10
AP003200,Keystone Labs,facilities,2025-07-14,2025-07-15,270.37,M03
AP003056,Juniper Trading,events,2026-04-06,2026-04-06,94.54,M14
AP000493,Snowflake,infrastructure,2026-06-15,2026-06-18,3408.41,M09
AP003904,Onyx Group,office,2025-11-05,2025-11-10,295.83,M10
AP002806,Inlet Industries,professional_services,2026-02-21,2026-02-23,766.81,M09
AP005385,Yonder Services,facilities,2025-09-05,2025-09-08,432.8,M06
AP002988,Juniper Industries,events,2025-08-03,2025-08-07,402.06,M14
AP001979,Dockside Works,software,2025-12-15,2025-12-18,431.3,M03
AP005529,Yonder Works,office,2025-12-04,2025-12-05,375.68,M09
AP004126,Prairie Works,office,2026-06-12,2026-06-16,124.52,M14
AP004800,Tundra Group,facilities,2026-05-04,2026-05-08,515.27,M02
AP004635,Sable Labs,marketing,2026-02-10,2026-02-12,408.28,M14
AP002019,Ember Supply,marketing,2026-01-18,2026-01-20,68.67,M06
AP005520,Yonder Labs,facilities,2026-06-02,2026-06-05,158.1,M05
AP004823,Tundra Works,events,2025-12-18,2025-12-22,268.26,M10
AP000702,Iron Mountain,facilities,2026-05-06,2026-05-11,219.95,M07
AP002692,Harbor Works,hardware,2026-03-01,2026-03-02,279.71,M01
AP004563,Sable Consulting,professional_services,2025-09-04,2025-09-05,278.57,M06
AP003936,Onyx Works,facilities,2025-10-23,2025-10-23,172.41,M03
AP003706,Nimbus Industries,facilities,2025-10-18,2025-10-21,1363.97,M10
AP003016,Juniper Labs,software,2026-01-06,2026-01-09,141.44,M10
AP005694,Zephyr Labs,marketing,2025-07-17,2025-07-17,257.72,M12
AP001030,Global Catering Co,events,2025-10-04,2025-10-08,405.03,M13
AP005267,Wharf Partners,professional_services,2025-10-31,2025-11-04,245.28,M14
AP005101,Vela Industries,hardware,2025-10-10,2025-10-10,754.84,M04
AP004127,Prairie Trading,professional_services,2025-07-20,2025-07-21,370.57,M06
AP001808,Cinder Works,logistics,2026-03-16,2026-03-16,380.04,M12
AP005457,Yonder Partners,marketing,2026-03-24,2026-03-27,964.36,M02
AP003328,Loom Partners,professional_services,2025-07-06,2025-07-07,145.57,M08
AP004843,Tundra Trading,facilities,2026-06-04,2026-06-08,1397.89,M07
AP004303,Quarry Labs,events,2026-03-31,2026-04-02,192.8,M05
AP000761,Staples Business,office,2026-01-07,2026-01-09,183.11,M10
AP001247,CDW,hardware,2026-06-10,2026-06-15,1630.65,M08
AP003005,Juniper Group,software,2025-12-12,2025-12-15,226.9,M12
AP005140,Vela Labs,software,2025-12-04,2025-12-08,365.65,M03
AP001410,Acme Labs,facilities,2025-08-10,2025-08-11,372.5,M13
AP001663,Cinder Supply,events,2026-02-17,2026-02-20,203.13,M03
AP005234,Wharf Solutions,office,2026-03-17,2026-03-17,426.88,M02
AP005329,Wharf Works,professional_services,2025-08-02,2025-08-05,147.83,M04
AP001451,Acme Trading,office,2025-10-15,2025-10-20,74.16,M03
AP002874,Inlet Trading,hardware,2025-12-22,2025-12-26,177.54,M13
AP002905,Juniper Supply,events,2026-03-09,2026-03-13,191.53,M14
AP003797,Onyx Supply,hardware,2025-11-24,2025-11-26,1900.17,M11
AP005415,Yonder Solutions,events,2026-04-14,2026-04-17,522.18,M10
AP004513,Rampart Trading,office,2026-04-23,2026-04-27,709.92,M05
AP005409,Yonder Solutions,events,2025-10-14,2025-10-20,136.53,M05
AP002681,Harbor Works,hardware,2025-10-01,2025-10-03,338.39,M14
AP003791,Nimbus Trading,software,2026-05-18,2026-05-22,338.9,M11
AP005875,Northgate Logistics,logistics,2025-07-15,2025-07-21,10139.44,M07
AP005253,Wharf Consulting,office,2026-04-16,2026-04-20,198.47,M14
AP003172,Keystone Partners,hardware,2026-06-03,2026-06-04,262.95,M03
AP000740,Staples Business,office,2025-10-18,2025-10-20,66.85,M13
AP002570,Harbor Services,events,2026-04-01,2026-04-06,158.06,M09
AP001338,Acme Consulting,facilities,2025-10-24,2025-10-24,355.07,M01
AP005518,Yonder Labs,facilities,2026-05-13,2026-05-15,204.92,M02
AP002291,Fulcrum Partners,professional_services,2026-03-01,2026-03-02,121.47,M07
AP005190,Wharf Supply,professional_services,2026-01-19,2026-01-19,1390.23,M05
AP005792,Northgate Logistics,logistics,2025-07-03,2025-07-03,330.47,M02
AP004057,Prairie Industries,marketing,2025-09-17,2025-09-18,1322.22,M12
AP001291,Acme Supply,software,2026-02-22,2026-02-23,521.35,M07
AP000650,Figma,software,2026-02-27,2026-03-02,359.55,M02
AP000874,Robert Half,recruiting,2025-11-13,2025-11-17,6121.23,M01
AP002786,Inlet Consulting,marketing,2026-05-18,2026-05-18,495.18,M01
AP001500,Borealis Solutions,marketing,2025-07-22,2025-07-25,92.51,M06
AP000998,PwC,accounting,2026-05-01,2026-05-04,12828.78,M06
AP001510,Borealis Solutions,marketing,2026-04-28,2026-05-04,173.16,M07
AP000358,Amazon Web Services,infrastructure,2026-05-17,2026-05-21,5727.7,M07
AP001789,Cinder Labs,marketing,2025-11-24,2025-11-27,314.74,M07
AP003945,Onyx Works,facilities,2026-06-18,2026-06-22,1030.67,M05
AP005248,Wharf Consulting,office,2026-01-10,2026-01-12,140.18,M08
AP004300,Quarry Labs,events,2026-03-04,2026-03-09,1035.15,M09
AP000398,Amazon Web Services,infrastructure,2026-06-03,2026-06-08,1283.43,M02
AP001105,Apex Print Media,marketing,2026-03-28,2026-03-31,1784.97,M07
AP002074,Ember Consulting,marketing,2026-02-12,2026-02-12,452.02,M03
AP003753,Nimbus Labs,professional_services,2026-05-29,2026-06-01,334.07,M09
AP002435,Gable Consulting,facilities,2026-01-23,2026-01-27,544.7,M01
AP002320,Fulcrum Group,professional_services,2025-11-23,2025-11-24,537.07,M09
AP005490,Yonder Group,hardware,2026-02-09,2026-02-13,429.56,M01
AP001513,Borealis Solutions,marketing,2026-06-17,2026-06-19,1118.38,M06
AP005121,Vela Group,professional_services,2025-08-05,2025-08-11,955.82,M12
AP001148,Meridian Travel,travel,2025-12-15,2025-12-16,573.87,M09
AP004034,Prairie Partners,office,2025-08-10,2025-08-13,167.22,M02
AP005109,Vela Industries,hardware,2026-01-03,2026-01-05,365.13,M05
AP000004,Amazon Web Services,infrastructure,2025-07-25,2025-07-28,3798.8,M12
AP004063,Prairie Industries,marketing,2026-01-27,2026-02-02,980.15,M02
AP004896,Umber Consulting,software,2025-08-12,2025-08-15,731.45,M11
AP003681,Nimbus Consulting,office,2026-01-28,2026-02-02,113.59,M14
AP005663,Zephyr Industries,logistics,2026-01-31,2026-02-04,227.44,M02
AP000369,Amazon Web Services,infrastructure,2026-05-18,2026-05-20,4197.38,M01
AP000794,Staples Business,office,2026-05-20,2026-05-21,99.22,M07
AP004494,Rampart Works,facilities,2026-05-10,2026-05-11,501.5,M09
AP004554,Sable Solutions,software,2025-10-12,2025-10-16,741.11,M05
AP003775,Nimbus Works,software,2026-05-09,2026-05-11,1057.21,M09
AP003860,Onyx Partners,software,2025-09-07,2025-09-08,384.83,M01
AP000681,WeWork,facilities,2026-05-10,2026-05-11,6479.91,M02
AP002122,Ember Group,events,2025-08-04,2025-08-08,1180.02,M06
AP005903,Northgate Logistics,logistics,2026-04-13,2026-04-15,574.95,M08
AP005250,Wharf Consulting,office,2026-02-09,2026-02-13,815.05,M06
AP003846,Onyx Consulting,events,2025-07-21,2025-07-25,347.96,M09
AP001861,Dockside Services,logistics,2026-04-23,2026-04-23,120.03,M12
AP003902,Onyx Group,office,2025-10-06,2025-10-10,108.0,M06
AP000261,Amazon Web Services,infrastructure,2026-02-08,2026-02-11,2737.17,M09
AP000130,Amazon Web Services,infrastructure,2025-10-22,2025-10-27,626.47,M05
AP005218,Wharf Services,professional_services,2026-06-03,2026-06-04,214.72,M06
AP004876,Umber Services,hardware,2026-05-03,2026-05-06,694.4,M05
AP002596,Harbor Consulting,marketing,2025-08-22,2025-08-25,1455.35,M06
AP005085,Vela Partners,office,2025-09-26,2025-09-26,824.88,M04
AP004815,Tundra Labs,professional_services,2026-03-19,2026-03-19,261.58,M06
AP003372,Loom Group,events,2026-02-16,2026-02-20,766.68,M03
AP001213,CDW,hardware,2025-11-18,2025-11-20,3592.77,M07
AP004158,Quarry Supply,hardware,2025-12-09,2025-12-10,129.49,M10
AP005571,Zephyr Supply,office,2025-10-16,2025-10-20,1029.66,M13
AP000018,Amazon Web Services,infrastructure,2025-07-26,2025-07-28,3476.77,M14
AP001142,Meridian Travel,travel,2025-10-29,2025-11-03,516.1,M02
AP002616,Harbor Partners,software,2025-10-30,2025-11-03,169.02,M06
AP004981,Umber Works,marketing,2025-09-22,2025-09-24,197.5,M04
AP005872,Northgate Logistics,logistics,2026-05-23,2026-05-25,337.41,M10
AP004812,Tundra Labs,professional_services,2025-12-20,2025-12-23,162.01,M11
AP002997,Juniper Industries,events,2026-01-10,2026-01-12,391.78,M14
AP004010,Prairie Solutions,events,2026-04-21,2026-04-27,950.75,M13
AP001028,Global Catering Co,events,2025-10-12,2025-10-13,197.74,M06
AP000443,Snowflake,infrastructure,2025-10-19,2025-10-21,5046.19,M09
AP002371,Fulcrum Trading,marketing,2026-03-28,2026-03-30,701.48,M11
AP001600,Borealis Labs,logistics,2025-09-20,2025-09-22,404.25,M06
AP005667,Zephyr Industries,logistics,2026-06-13,2026-06-16,674.85,M13
AP004959,Umber Labs,office,2025-08-27,2025-09-01,1698.06,M08
AP003565,Mosaic Group,professional_services,2026-03-12,2026-03-16,1222.57,M11
AP001882,Dockside Solutions,professional_services,2026-05-10,2026-05-14,247.52,M13
AP005226,Wharf Solutions,office,2025-10-29,2025-10-31,140.28,M07
AP002008,Dockside Trading,professional_services,2026-05-22,2026-05-22,114.1,M11
AP005589,Zephyr Services,professional_services,2025-10-11,2025-10-15,133.23,M01
AP002555,Harbor Services,events,2025-07-06,2025-07-10,64.01,M02
AP002065,Ember Consulting,marketing,2025-08-17,2025-08-20,140.82,M12
AP004819,Tundra Works,events,2025-08-03,2025-08-04,316.45,M13
AP003397,Loom Labs,events,2026-05-24,2026-05-25,337.49,M03
AP001522,Borealis Consulting,facilities,2025-11-03,2025-11-03,519.49,M03
AP004608,Sable Group,logistics,2025-10-16,2025-10-16,407.52,M08
AP004592,Sable Industries,professional_services,2025-09-03,2025-09-05,1577.89,M06
AP003455,Mosaic Services,facilities,2025-08-11,2025-08-15,303.46,M13
AP001550,Borealis Partners,software,2026-05-15,2026-05-18,88.84,M11
AP005723,Zephyr Works,logistics,2026-05-17,2026-05-21,262.57,M05
AP002233,Fulcrum Services,hardware,2026-05-08,2026-05-12,95.3,M04
AP005580,Zephyr Supply,office,2026-03-19,2026-03-23,546.73,M07
AP003068,Keystone Supply,office,2025-12-25,2025-12-29,354.23,M01
AP002880,Inlet Trading,hardware,2026-04-01,2026-04-01,541.78,M05
AP005370,Yonder Supply,software,2025-07-25,2025-07-28,87.9,M11
AP004314,Quarry Works,logistics,2026-01-21,2026-01-26,264.4,M07
AP002006,Dockside Trading,professional_services,2026-03-25,2026-03-30,479.7,M03
AP002121,Ember Group,events,2025-08-27,2025-08-29,338.59,M14
AP000855,Robert Half,recruiting,2025-07-28,2025-07-29,5756.66,M07
AP004338,Rampart Supply,software,2025-11-14,2025-11-18,207.11,M06
AP001223,CDW,hardware,2026-01-01,2026-01-02,1921.13,M11
AP002143,Ember Labs,software,2025-10-04,2025-10-06,745.99,M07
AP005049,Vela Solutions,software,2025-08-10,2025-08-13,637.96,M06
AP003921,Onyx Labs,office,2025-12-10,2025-12-12,972.62,M03
AP002487,Gable Group,office,2026-02-22,2026-02-23,115.46,M11
AP003724,Nimbus Group,logistics,2025-12-02,2025-12-02,519.46,M04
AP002668,Harbor Labs,professional_services,2025-12-06,2025-12-08,239.55,M02
AP002547,Harbor Supply,logistics,2026-01-19,2026-01-22,206.05,M12
AP004811,Tundra Labs,professional_services,2025-11-13,2025-11-17,600.13,M09
AP001601,Borealis Labs,logistics,2025-09-15,2025-09-17,327.19,M04
AP003259,Loom Supply,professional_services,2025-08-05,2025-08-07,168.07,M04
AP003787,Nimbus Trading,software,2026-03-23,2026-03-23,147.28,M05
AP000718,Staples Business,office,2025-08-02,2025-08-05,146.62,M01
AP005546,Yonder Works,office,2026-06-14,2026-06-15,498.33,M02
AP002639,Harbor Industries,events,2025-10-10,2025-10-13,67.29,M09
AP003406,Loom Works,facilities,2026-03-25,2026-03-26,254.29,M05
AP000190,Amazon Web Services,infrastructure,2025-12-20,2025-12-23,780.62,M14
AP000967,Wilson Sonsini,legal,2025-11-20,2025-11-21,27479.08,M03
AP001483,Borealis Services,hardware,2025-09-14,2025-09-15,440.67,M01
AP005760,Pinnacle Consulting,consulting,2026-02-04,2026-02-05,5000,M06
AP003155,Keystone Partners,hardware,2025-10-04,2025-10-06,213.46,M09
AP001916,Dockside Partners,facilities,2025-12-25,2025-12-29,169.88,M13
AP000719,Staples Business,office,2025-08-21,2025-08-21,93.37,M01
AP005799,Northgate Logistics,logistics,2025-11-17,2025-11-17,70511.2,M06
AP004425,Rampart Industries,facilities,2025-07-07,2025-07-08,657.74,M06
AP001226,CDW,hardware,2025-12-28,2025-12-30,4891.68,M07
AP005824,Northgate Logistics,logistics,2026-02-08,2026-02-12,7117.66,M10
AP004974,Umber Labs,office,2026-04-08,2026-04-13,1216.98,M04
AP003009,Juniper Group,software,2026-03-22,2026-03-24,699.11,M01
AP004499,Rampart Trading,office,2025-07-24,2025-07-28,398.82,M13
AP005568,Zephyr Supply,office,2025-07-13,2025-07-17,609.8,M01
AP003912,Onyx Group,office,2026-03-20,2026-03-23,230.04,M05
AP000744,Staples Business,office,2025-11-22,2025-11-24,32.65,M07
AP000852,Robert Half,recruiting,2025-07-26,2025-07-28,7685.72,M01
AP004262,Quarry Industries,logistics,2026-02-27,2026-02-27,1309.85,M09
AP004372,Rampart Solutions,professional_services,2025-09-23,2025-09-24,200.64,M10
AP000222,Amazon Web Services,infrastructure,2025-12-31,2026-01-02,10160.26,M02
AP004250,Quarry Industries,logistics,2025-10-23,2025-10-24,425.85,M08
AP002059,Ember Solutions,hardware,2026-04-24,2026-04-27,362.85,M10
AP002460,Gable Industries,office,2025-08-16,2025-08-18,103.97,M01
AP000414,Amazon Web Services,infrastructure,2026-06-21,2026-06-22,6695.54,M11
AP001153,Meridian Travel,travel,2025-12-29,2025-12-31,193.96,M09
AP004038,Prairie Partners,office,2025-09-11,2025-09-15,88.94,M07
AP002686,Harbor Works,hardware,2025-12-04,2025-12-08,895.95,M06
AP003002,Juniper Group,software,2025-08-01,2025-08-04,312.96,M07
AP003723,Nimbus Group,logistics,2025-12-24,2025-12-29,772.35,M13
AP004271,Quarry Group,facilities,2025-11-01,2025-11-03,111.29,M10
AP003433,Loom Trading,hardware,2026-06-11,2026-06-12,158.03,M14
AP000889,Robert Half,recruiting,2026-01-06,2026-01-12,4846.98,M08
AP002436,Gable Consulting,facilities,2026-03-25,2026-03-30,140.96,M08
AP005666,Zephyr Industries,logistics,2026-03-31,2026-04-02,642.28,M13
AP002282,Fulcrum Partners,professional_services,2025-10-11,2025-10-13,166.69,M03
AP003069,Keystone Supply,office,2026-01-03,2026-01-06,589.88,M01
AP003247,Keystone Trading,hardware,2025-12-11,2025-12-15,36.95,M13
AP002421,Gable Solutions,software,2026-05-03,2026-05-06,1033.56,M03
AP003592,Mosaic Works,marketing,2026-02-05,2026-02-09,264.17,M10
AP004028,Prairie Consulting,hardware,2026-03-13,2026-03-17,444.42,M05
AP003489,Mosaic Solutions,events,2026-06-07,2026-06-11,509.0,M07
AP005553,Yonder Trading,office,2025-11-05,2025-11-06,725.4,M10
AP004785,Tundra Group,facilities,2025-07-13,2025-07-14,137.44,M04
AP004847,Umber Supply,facilities,2025-07-05,2025-07-07,248.6,M10
AP002187,Ember Trading,hardware,2025-11-04,2025-11-05,307.77,M13
AP002327,Fulcrum Group,professional_services,2026-06-13,2026-06-15,398.71,M05
AP005373,Yonder Supply,software,2025-08-17,2025-08-19,119.55,M12
AP001047,Global Catering Co,events,2026-02-05,2026-02-09,502.52,M01
AP004892,Umber Solutions,events,2026-03-05,2026-03-09,955.81,M09
AP002117,Ember Industries,office,2026-06-06,2026-06-10,231.54,M08
AP005510,Yonder Labs,facilities,2025-12-16,2025-12-19,135.39,M14
AP000307,Amazon Web Services,infrastructure,2026-03-24,2026-03-26,5617.57,M03
AP005753,Pinnacle Consulting,consulting,2025-07-19,2025-07-23,9500,M01
AP004218,Quarry Consulting,office,2026-03-22,2026-03-25,1162.36,M07
AP004523,Sable Supply,software,2025-11-16,2025-11-20,1961.01,M07
AP000706,Staples Business,office,2025-07-12,2025-07-14,101.95,M07
AP000704,Iron Mountain,facilities,2026-06-23,2026-06-23,324.12,M08
AP001258,Verizon Business,telecom,2025-09-30,2025-09-30,917.76,M01
AP001705,Cinder Solutions,office,2026-05-01,2026-05-04,360.39,M02
AP004031,Prairie Consulting,hardware,2026-04-16,2026-04-17,1166.63,M07
AP005081,Vela Consulting,office,2026-06-11,2026-06-15,1317.43,M07
AP005113,Vela Industries,hardware,2026-05-21,2026-05-25,1929.94,M10
AP000669,WeWork,facilities,2025-12-01,2025-12-02,5177.52,M01
AP000382,Amazon Web Services,infrastructure,2026-05-09,2026-05-11,3466.57,M14
AP004577,Sable Consulting,professional_services,2026-06-14,2026-06-17,52.63,M03
AP004236,Quarry Partners,logistics,2026-04-06,2026-04-06,205.77,M08
AP005769,Summit Interiors,facilities,2025-10-23,2025-10-27,9536.22,M05
AP002636,Harbor Industries,events,2025-08-03,2025-08-06,66.3,M06
AP003054,Juniper Trading,events,2026-02-26,2026-03-02,219.13,M07
AP003746,Nimbus Labs,professional_services,2026-03-21,2026-03-23,36.05,M03
AP002307,Fulcrum Industries,professional_services,2026-03-15,2026-03-17,65.25,M03
AP001768,Cinder Group,office,2025-09-29,2025-10-01,506.0,M08
AP000965,Wilson Sonsini,legal,2025-10-24,2025-10-27,7651.19,M02
AP001160,Meridian Travel,travel,2026-02-21,2026-02-25,209.99,M09
AP005364,Wharf Trading,hardware,2026-05-14,2026-05-18,405.02,M12
AP000955,Indeed,recruiting,2026-05-28,2026-06-01,2774.66,M03
AP002027,Ember Supply,marketing,2026-05-11,2026-05-13,442.45,M11
AP004596,Sable Industries,professional_services,2025-11-21,2025-11-24,690.33,M10
AP001648,Borealis Trading,logistics,2026-01-08,2026-01-12,843.88,M13
AP002139,Ember Labs,software,2025-09-11,2025-09-12,176.36,M10
AP000220,Amazon Web Services,infrastructure,2026-01-24,2026-01-26,2487.56,M13
AP000200,Amazon Web Services,infrastructure,2025-12-24,2025-12-26,3615.14,M14
AP000082,Amazon Web Services,infrastructure,2025-09-16,2025-09-16,3386.63,M10
AP005943,Quarry Trading,logistics,2026-03-20,2026-03-21,1256.97,M05
AP001866,Dockside Solutions,professional_services,2025-07-17,2025-07-17,174.26,M06
AP002167,Ember Works,hardware,2026-01-05,2026-01-05,138.27,M13
AP003341,Loom Partners,professional_services,2026-02-15,2026-02-19,648.8,M05
AP005914,Northgate Logistics,logistics,2026-04-16,2026-04-20,48431.57,M03
AP001668,Cinder Supply,events,2026-04-06,2026-04-09,860.61,M09
AP001221,CDW,hardware,2025-12-06,2025-12-08,197.78,M12
AP002478,Gable Group,office,2025-10-07,2025-10-07,138.71,M06
AP000245,Amazon Web Services,infrastructure,2026-02-03,2026-02-05,2722.32,M11
AP005579,Zephyr Supply,office,2026-02-27,2026-03-02,105.48,M07
AP004545,Sable Services,logistics,2026-05-19,2026-05-21,194.93,M10
AP000219,Amazon Web Services,infrastructure,2026-01-23,2026-01-26,3263.43,M07
AP000502,Datadog,infrastructure,2025-08-19,2025-08-25,2326.27,M03
AP004002,Prairie Solutions,events,2025-12-04,2025-12-08,128.9,M11
AP000031,Amazon Web Services,infrastructure,2025-07-12,2025-07-14,2486.87,M07
AP005686,Zephyr Group,logistics,2026-04-06,2026-04-07,397.56,M07
AP001388,Acme Industries,facilities,2026-03-20,2026-03-23,2078.01,M09
AP005740,Amazon Web Services,infrastructure,2026-06-11,2026-06-15,5156.43,M07
AP005378,Yonder Supply,software,2026-03-10,2026-03-16,467.39,M14
AP004385,Rampart Solutions,professional_services,2026-04-17,2026-04-21,63.73,M02
AP001101,Apex Print Media,marketing,2026-02-08,2026-02-12,1604.06,M09
AP000643,Figma,software,2025-12-06,2025-12-08,743.91,M07
AP005771,Summit Interiors,facilities,2026-03-10,2026-03-16,7518.65,M12
AP004668,Sable Trading,hardware,2025-09-12,2025-09-16,386.92,M14
AP001744,Cinder Partners,events,2026-06-16,2026-06-22,110.55,M04
AP002232,Fulcrum Services,hardware,2026-04-19,2026-04-20,170.23,M02
AP002342,Fulcrum Labs,software,2026-01-13,2026-01-13,343.03,M01
AP003450,Mosaic Supply,hardware,2026-05-30,2026-06-02,236.79,M08
AP004584,Sable Partners,office,2025-11-03,2025-11-04,439.02,M11
AP003407,Loom Works,facilities,2026-04-11,2026-04-13,383.67,M05
AP003843,Onyx Solutions,software,2026-04-16,2026-04-20,523.6,M12
AP002584,Harbor Solutions,logistics,2026-01-31,2026-02-03,173.46,M02
AP000304,Amazon Web Services,infrastructure,2026-03-24,2026-03-27,750.09,M01
AP003337,Loom Partners,professional_services,2025-12-07,2025-12-11,235.6,M12
AP003627,Nimbus Supply,hardware,2026-03-08,2026-03-09,1172.44,M09
AP002440,Gable Consulting,facilities,2026-05-02,2026-05-04,246.83,M10
AP003321,Loom Consulting,marketing,2026-03-03,2026-03-05,347.45,M03
AP000569,Salesforce,software,2025-11-12,2025-11-14,4722.1,M11
AP005003,Umber Trading,professional_services,2025-11-18,2025-11-24,290.0,M11
AP005762,Pinnacle Consulting,consulting,2026-04-13,2026-04-16,12000,M06
AP003625,Nimbus Supply,hardware,2026-01-02,2026-01-05,377.13,M06
AP000206,Amazon Web Services,infrastructure,2025-12-11,2025-12-15,1857.85,M12
AP005893,Northgate Logistics,logistics,2026-06-23,2026-06-26,859.49,M08
AP005187,Wharf Supply,professional_services,2025-09-26,2025-09-26,84.5,M02
AP005606,Zephyr Solutions,office,2025-08-30,2025-09-01,590.94,M03
AP002820,Inlet Group,events,2026-03-13,2026-03-17,460.44,M01
AP003230,Keystone Works,professional_services,2026-01-27,2026-01-28,218.49,M11
AP001754,Cinder Industries,software,2025-11-03,2025-11-04,154.77,M12
AP000257,Amazon Web Services,infrastructure,2026-02-05,2026-02-09,3308.22,M06
AP003870,Onyx Partners,software,2026-06-08,2026-06-11,349.83,M14
AP003590,Mosaic Works,marketing,2026-01-19,2026-01-23,526.44,M01
AP005120,Vela Group,professional_services,2025-07-24,2025-07-28,640.04,M08
AP001375,Acme Partners,marketing,2026-06-03,2026-06-08,1184.07,M04
AP004938,Umber Industries,office,2025-10-02,2025-10-06,378.57,M12
AP004885,Umber Solutions,events,2025-11-05,2025-11-05,135.58,M05
AP001398,Acme Group,hardware,2025-07-03,2025-07-07,140.63,M08
AP001115,Apex Print Media,marketing,2026-06-22,2026-06-24,615.45,M11
AP004246,Quarry Industries,logistics,2025-08-01,2025-08-04,613.44,M09
AP004968,Umber Labs,office,2026-01-06,2026-01-06,137.54,M14
AP004615,Sable Group,logistics,2026-01-03,2026-01-05,1019.49,M13
AP001676,Cinder Services,facilities,2025-10-31,2025-10-31,529.58,M09
AP002982,Juniper Partners,hardware,2026-05-09,2026-05-11,198.86,M02
AP000926,Indeed,recruiting,2025-09-19,2025-09-19,479.01,M05
AP005555,Yonder Trading,office,2026-01-20,2026-01-22,196.28,M04
AP004588,Sable Partners,office,2026-03-20,2026-03-20,361.09,M09
AP002060,Ember Solutions,hardware,2026-05-09,2026-05-13,139.32,M08
AP002443,Gable Consulting,facilities,2026-06-22,2026-06-22,221.34,M11
AP001337,Acme Consulting,facilities,2025-10-05,2025-10-07,347.42,M03
AP005644,Zephyr Partners,professional_services,2025-12-04,2025-12-04,264.15,M05
AP005351,Wharf Works,professional_services,2026-05-29,2026-06-01,202.12,M07
AP001437,Acme Works,professional_services,2025-11-18,2025-11-20,147.77,M09
AP002012,Ember Supply,marketing,2025-08-20,2025-08-25,81.98,M04
AP005027,Vela Supply,facilities,2026-03-02,2026-03-06,198.91,M05
AP002964,Juniper Partners,hardware,2025-08-12,2025-08-18,623.07,M02
AP003356,Loom Industries,facilities,2025-10-30,2025-10-30,971.14,M03
AP002096,Ember Partners,events,2026-04-21,2026-04-27,226.58,M04
AP004040,Prairie Partners,office,2025-10-21,2025-10-22,202.8,M06
AP004935,Umber Industries,office,2025-08-12,2025-08-14,124.28,M09
AP001379,Acme Industries,facilities,2025-09-08,2025-09-09,503.83,M13
AP000393,Amazon Web Services,infrastructure,2026-06-06,2026-06-08,2298.63,M08
AP000712,Staples Business,office,2025-07-03,2025-07-07,138.67,M10
AP004907,Umber Consulting,software,2026-02-05,2026-02-09,1123.22,M01
AP002882,Inlet Trading,hardware,2026-05-06,2026-05-11,775.59,M07
AP001212,CDW,hardware,2025-11-14,2025-11-18,10215.5,M10
AP000795,Staples Business,office,2026-05-05,2026-05-07,221.86,M13
AP005176,Vela Trading,facilities,2026-04-10,2026-04-14,204.4,M01
AP001611,Borealis Labs,logistics,2026-03-17,2026-03-23,36.72,M04
AP002033,Ember Services,hardware,2025-08-27,2025-08-27,140.72,M10
AP000078,Amazon Web Services,infrastructure,2025-09-08,2025-09-08,1772.93,M06
AP002942,Juniper Consulting,office,2025-08-16,2025-08-19,137.01,M11
AP003655,Nimbus Solutions,facilities,2025-08-22,2025-08-25,1399.28,M12
AP005592,Zephyr Services,professional_services,2025-12-08,2025-12-08,296.03,M02
AP000467,Snowflake,infrastructure,2025-12-31,2026-01-05,3080.64,M12
AP001579,Borealis Group,events,2025-10-11,2025-10-13,126.85,M03
AP003750,Nimbus Labs,professional_services,2026-05-16,2026-05-19,49.71,M09
AP005325,Wharf Works,professional_services,2025-07-27,2025-07-28,207.08,M12
AP000708,Staples Business,office,2025-07-14,2025-07-18,84.61,M02
AP003478,Mosaic Solutions,events,2026-01-04,2026-01-07,720.88,M14
AP004182,Quarry Services,marketing,2026-01-20,2026-01-22,167.68,M08
AP002379,Gable Supply,office,2025-08-30,2025-09-01,165.67,M01
AP000028,Amazon Web Services,infrastructure,2025-07-19,2025-07-22,1075.9,M05
AP000215,Amazon Web Services,infrastructure,2026-01-23,2026-01-27,2557.03,M01
AP005077,Vela Consulting,office,2026-05-03,2026-05-06,589.8,M04
AP004223,Quarry Consulting,office,2026-05-13,2026-05-15,436.04,M13
AP000440,Snowflake,infrastructure,2025-09-12,2025-09-15,2734.34,M07
AP001152,Meridian Travel,travel,2025-12-28,2026-01-01,632.47,M04
AP000950,Indeed,recruiting,2026-05-03,2026-05-04,1435.66,M14
AP003550,Mosaic Group,professional_services,2025-07-17,2025-07-21,4123.19,M01
AP000242,Amazon Web Services,infrastructure,2026-01-02,2026-01-02,1527.24,M03
AP005806,Northgate Logistics,logistics,2025-08-24,2025-08-25,270.82,M14
AP003509,Mosaic Consulting,facilities,2026-06-15,2026-06-16,399.48,M14
AP005356,Wharf Trading,hardware,2025-09-19,2025-09-19,201.15,M07
AP004270,Quarry Group,facilities,2025-10-31,2025-11-04,264.87,M11
AP004848,Umber Supply,facilities,2025-09-26,2025-09-29,91.1,M10
AP002183,Ember Trading,hardware,2025-09-17,2025-09-22,582.84,M03
AP002998,Juniper Industries,events,2026-02-09,2026-02-13,937.28,M10
AP005201,Wharf Services,professional_services,2025-07-16,2025-07-21,289.54,M04
AP003989,Prairie Services,logistics,2026-04-12,2026-04-13,516.13,M08
AP000484,Snowflake,infrastructure,2026-04-11,2026-04-13,2621.73,M09
AP000423,Snowflake,infrastructure,2025-07-14,2025-07-17,3521.23,M01
AP004391,Rampart Consulting,professional_services,2025-10-26,2025-10-27,307.85,M13
AP001585,Borealis Group,events,2026-01-20,2026-01-20,1275.24,M01
AP001011,Marsh Insurance,insurance,2026-03-28,2026-03-30,9790.18,M07
AP005502,Yonder Labs,facilities,2025-08-24,2025-08-27,22.38,M01
AP004277,Quarry Group,facilities,2026-03-23,2026-03-26,306.88,M04
AP002366,Fulcrum Trading,marketing,2025-12-18,2025-12-22,60.55,M06
AP003890,Onyx Industries,facilities,2026-05-11,2026-05-14,731.19,M13
AP000931,Indeed,recruiting,2025-11-08,2025-11-10,1811.87,M08
AP003841,Onyx Solutions,software,2026-03-15,2026-03-16,113.85,M04
AP004972,Umber Labs,office,2026-02-28,2026-03-02,697.35,M10
AP005657,Zephyr Industries,logistics,2025-11-03,2025-11-06,1708.19,M04
AP003403,Loom Works,facilities,2026-02-15,2026-02-19,211.54,M03
AP001901,Dockside Consulting,office,2026-04-09,2026-04-13,716.07,M10
AP000574,Salesforce,software,2025-11-30,2025-12-02,5810.45,M06
AP003080,Keystone Services,office,2025-08-24,2025-08-28,150.87,M13
AP004607,Sable Group,logistics,2025-10-11,2025-10-15,1233.17,M01
AP001777,Cinder Group,office,2026-04-21,2026-04-22,243.2,M09
AP000927,Indeed,recruiting,2025-10-24,2025-10-27,817.21,M02
AP002627,Harbor Partners,software,2026-02-27,2026-02-27,62.83,M03
AP002347,Fulcrum Works,professional_services,2025-08-13,2025-08-14,259.43,M14
AP005451,Yonder Partners,marketing,2025-12-12,2025-12-15,148.62,M10
AP004691,Tundra Supply,logistics,2026-04-27,2026-04-28,734.27,M10
AP003958,Onyx Trading,events,2025-12-28,2025-12-29,801.52,M02
AP003413,Loom Trading,hardware,2025-09-09,2025-09-12,417.9,M03
AP004119,Prairie Works,office,2026-01-05,2026-01-06,260.75,M12
AP001073,Apex Print Media,marketing,2025-07-03,2025-07-07,948.46,M04
AP004924,Umber Partners,facilities,2025-11-11,2025-11-13,214.06,M12
AP002344,Fulcrum Labs,software,2026-04-11,2026-04-13,902.49,M07
AP003671,Nimbus Solutions,facilities,2026-06-11,2026-06-15,672.39,M13
AP002158,Ember Works,hardware,2025-07-31,2025-08-01,71.27,M06
AP004248,Quarry Industries,logistics,2025-08-23,2025-08-26,992.51,M07
AP004106,Prairie Works,office,2025-08-23,2025-08-25,98.28,M01
AP005895,Northgate Logistics,logistics,2026-02-06,2026-02-09,8131.62,M07
AP005659,Zephyr Industries,logistics,2025-11-30,2025-12-01,130.75,M02
AP004729,Tundra Consulting,office,2025-08-01,2025-08-01,575.18,M01
AP000895,Robert Half,recruiting,2026-03-09,2026-03-11,10417.6,M03
AP005452,Yonder Partners,marketing,2026-01-06,2026-01-12,801.98,M01
AP003925,Onyx Labs,office,2026-01-12,2026-01-15,57.79,M03
AP003126,Keystone Consulting,logistics,2025-08-14,2025-08-15,259.57,M12
AP005454,Yonder Partners,marketing,2026-01-05,2026-01-08,157.66,M05
AP002583,Harbor Solutions,logistics,2026-02-06,2026-02-09,940.15,M02
AP004401,Rampart Consulting,professional_services,2026-03-02,2026-03-03,1447.46,M11
AP003956,Onyx Trading,events,2025-12-09,2025-12-11,135.71,M09
AP001495,Borealis Services,hardware,2026-05-23,2026-05-25,58.0,M12
AP001068,Global Catering Co,events,2026-06-21,2026-06-24,662.95,M10
AP001778,Cinder Group,office,2026-04-27,2026-04-28,117.37,M03
AP001141,Meridian Travel,travel,2025-11-16,2025-11-20,850.09,M11
AP002037,Ember Services,hardware,2025-10-13,2025-10-13,210.02,M02
AP000786,Staples Business,office,2026-03-29,2026-03-30,288.57,M14
AP005935,Dockside Partners,facilities,2025-08-11,2025-08-16,1370.47,M12
AP003064,Keystone Supply,office,2025-10-26,2025-10-29,376.17,M05
AP000299,Amazon Web Services,infrastructure,2026-03-07,2026-03-09,4294.83,M12
AP002043,Ember Services,hardware,2025-12-10,2025-12-11,330.04,M05
AP004787,Tundra Group,facilities,2025-08-23,2025-08-26,452.76,M06
AP001323,Acme Solutions,software,2026-01-16,2026-01-20,107.05,M08
AP004367,Rampart Services,logistics,2026-04-27,2026-04-30,130.6,M09
AP005106,Vela Industries,hardware,2025-11-28,2025-12-01,234.34,M13
AP000168,Amazon Web Services,infrastructure,2025-11-22,2025-11-26,3362.84,M12
AP002781,Inlet Consulting,marketing,2026-01-09,2026-01-12,1104.65,M08
AP001273,Verizon Business,telecom,2026-04-13,2026-04-15,1438.26,M11
AP004724,Tundra Solutions,facilities,2026-05-15,2026-05-19,83.64,M06
AP005209,Wharf Services,professional_services,2025-11-12,2025-11-13,190.25,M01
AP000769,Staples Business,office,2026-02-22,2026-02-24,201.84,M03
AP004082,Prairie Group,hardware,2026-01-07,2026-01-12,1743.41,M10
AP003136,Keystone Consulting,logistics,2025-12-19,2025-12-22,862.35,M09
AP004827,Tundra Works,events,2026-02-15,2026-02-17,1344.01,M11
AP004662,Sable Works,office,2026-04-24,2026-04-28,75.67,M14
AP001602,Borealis Labs,logistics,2025-09-25,2025-09-29,219.95,M12
AP002626,Harbor Partners,software,2026-03-13,2026-03-16,63.66,M04
AP000446,Snowflake,infrastructure,2025-10-24,2025-10-27,3260.62,M12
AP005901,Northgate Logistics,logistics,2025-11-24,2025-11-25,92223.39,M04
AP001833,Dockside Supply,events,2025-07-22,2025-07-24,315.35,M08
AP002642,Harbor Industries,events,2026-02-04,2026-02-06,372.37,M07
AP003545,Mosaic Industries,professional_services,2026-04-15,2026-04-20,728.03,M09
AP003758,Nimbus Works,software,2025-08-23,2025-08-27,342.76,M10
AP001792,Cinder Labs,marketing,2026-01-16,2026-01-20,367.47,M01
AP003538,Mosaic Industries,professional_services,2025-12-03,2025-12-05,76.9,M04
AP004543,Sable Services,logistics,2026-05-20,2026-05-20,379.21,M02
AP002839,Inlet Labs,facilities,2026-02-23,2026-02-25,314.71,M07
AP003725,Nimbus Group,logistics,2025-12-29,2025-12-30,98.18,M02
AP002754,Inlet Solutions,logistics,2025-07-27,2025-07-30,269.42,M01
AP004128,Prairie Trading,professional_services,2025-07-22,2025-07-24,1378.3,M05
AP004074,Prairie Group,hardware,2025-08-17,2025-08-20,435.01,M10
AP005809,Northgate Logistics,logistics,2026-01-04,2026-01-06,8456.36,M08
AP005040,Vela Services,software,2026-03-17,2026-03-23,634.15,M10
AP002830,Inlet Labs,facilities,2025-10-20,2025-10-21,205.08,M06
AP001685,Cinder Services,facilities,2026-05-24,2026-05-25,420.29,M11
AP003707,Nimbus Industries,facilities,2025-12-22,2025-12-22,651.74,M10
AP005493,Yonder Group,hardware,2026-03-14,2026-03-16,1042.47,M07
AP004051,Prairie Partners,office,2026-05-08,2026-05-08,1599.09,M01
AP003894,Onyx Group,office,2025-07-27,2025-07-29,276.45,M04
AP005941,Fulcrum Labs,software,2026-06-22,2026-06-27,1704.32,M11
AP001574,Borealis Group,events,2025-07-08,2025-07-14,193.79,M03
AP001960,Dockside Labs,logistics,2025-10-29,2025-10-30,868.27,M14
AP000010,Amazon Web Services,infrastructure,2025-07-06,2025-07-08,1045.39,M03
AP004540,Sable Services,logistics,2026-03-15,2026-03-18,336.66,M05
AP004257,Quarry Industries,logistics,2025-12-16,2025-12-18,628.7,M09
AP002196,Ember Trading,hardware,2026-04-03,2026-04-06,246.57,M09
AP005865,Northgate Logistics,logistics,2026-03-09,2026-03-11,50220.7,M03
AP001368,Acme Partners,marketing,2026-02-08,2026-02-09,1252.31,M06
AP004354,Rampart Services,logistics,2025-09-10,2025-09-10,539.7,M09
AP001965,Dockside Labs,logistics,2026-01-11,2026-01-14,226.99,M04
AP005609,Zephyr Solutions,office,2025-11-17,2025-11-21,113.69,M05
AP001133,Meridian Travel,travel,2025-09-15,2025-09-16,1349.9,M09
AP000633,Atlassian,software,2026-06-19,2026-06-22,708.78,M13
AP002805,Inlet Industries,professional_services,2026-01-20,2026-01-22,750.03,M05
AP005088,Vela Partners,office,2025-12-09,2025-12-12,285.04,M01
AP003078,Keystone Services,office,2025-07-03,2025-07-03,264.66,M13
AP005322,Wharf Labs,office,2026-03-12,2026-03-16,237.48,M01
AP005550,Yonder Trading,office,2025-09-13,2025-09-15,1224.65,M06
AP000014,Amazon Web Services,infrastructure,2025-07-07,2025-07-10,836.38,M07
AP005287,Wharf Industries,professional_services,2025-11-25,2025-11-26,169.97,M09
AP003422,Loom Trading,hardware,2026-02-19,2026-02-23,837.38,M08
AP001350,Acme Consulting,facilities,2026-04-03,2026-04-03,119.73,M03
AP005635,Zephyr Partners,professional_services,2025-07-26,2025-07-28,257.87,M02
AP000904,Robert Half,recruiting,2026-05-13,2026-05-18,5602.63,M03
AP002464,Gable Industries,office,2026-02-15,2026-02-18,339.65,M02
AP004950,Umber Group,software,2025-08-27,2025-08-27,280.17,M07
AP002420,Gable Solutions,software,2026-04-05,2026-04-09,253.07,M01
AP005587,Zephyr Supply,office,2026-06-23,2026-06-29,470.15,M09
AP004978,Umber Labs,office,2026-06-12,2026-06-12,841.54,M01
AP005906,Northgate Logistics,logistics,2025-11-22,2025-11-24,7497.21,M02
AP000647,Figma,software,2026-02-17,2026-02-20,324.13,M02
AP004206,Quarry Solutions,office,2026-05-18,2026-05-19,324.76,M10
AP004657,Sable Works,office,2025-12-29,2026-01-01,1056.68,M12
AP003542,Mosaic Industries,professional_services,2026-03-08,2026-03-12,93.86,M02
AP005570,Zephyr Supply,office,2025-09-20,2025-09-22,679.71,M10
AP000381,Amazon Web Services,infrastructure,2026-05-15,2026-05-18,3281.04,M05
AP005886,Northgate Logistics,logistics,2026-01-08,2026-01-12,248.55,M05
AP000142,Amazon Web Services,infrastructure,2025-10-02,2025-10-06,4393.48,M08
AP004982,Umber Works,marketing,2025-09-21,2025-09-25,2075.94,M04
AP001255,Verizon Business,telecom,2025-09-17,2025-09-19,1267.13,M13
AP001802,Cinder Works,logistics,2025-11-06,2025-11-10,245.1,M03
AP000783,Staples Business,office,2026-04-16,2026-04-20,123.81,M09
AP003436,Mosaic Supply,hardware,2025-09-18,2025-09-22,140.7,M10
AP004593,Sable Industries,professional_services,2025-08-31,2025-09-01,263.25,M12
AP003752,Nimbus Labs,professional_services,2026-06-01,2026-06-04,888.54,M06
AP002228,Fulcrum Services,hardware,2025-12-23,2025-12-26,436.36,M12
AP002732,Inlet Supply,logistics,2026-03-13,2026-03-16,156.92,M14
AP003579,Mosaic Labs,hardware,2026-05-06,2026-05-11,211.83,M10
AP000499,Datadog,infrastructure,2025-07-15,2025-07-15,2317.51,M06
AP004327,Quarry Trading,logistics,2025-12-12,2025-12-15,331.97,M13
AP003234,Keystone Works,professional_services,2026-05-30,2026-06-03,721.81,M14
AP004451,Rampart Group,professional_services,2025-12-22,2025-12-22,166.6,M05
AP000482,Snowflake,infrastructure,2026-04-03,2026-04-07,6303.95,M09
AP005001,Umber Trading,professional_services,2025-11-13,2025-11-13,62.64,M12
AP003709,Nimbus Industries,facilities,2025-12-25,2025-12-26,390.98,M04
AP005832,Northgate Logistics,logistics,2026-05-18,2026-05-20,4833.71,M12
AP002164,Ember Works,hardware,2025-12-07,2025-12-09,155.82,M12
AP001907,Dockside Partners,facilities,2025-08-11,2025-08-13,134.36,M11
AP000762,Staples Business,office,2026-01-05,2026-01-05,78.31,M06
AP001002,Marsh Insurance,insurance,2025-08-08,2025-08-12,4622.76,M04
AP003348,Loom Industries,facilities,2025-07-24,2025-07-28,124.32,M10
AP003683,Nimbus Consulting,office,2026-04-14,2026-04-16,270.55,M14
AP002641,Harbor Industries,events,2026-01-19,2026-01-23,208.12,M12
AP005855,Northgate Logistics,logistics,2025-08-22,2025-08-25,58040.3,M03
AP002067,Ember Consulting,marketing,2025-10-10,2025-10-13,269.88,M07
AP000653,Figma,software,2026-05-20,2026-05-22,392.49,M07
AP004375,Rampart Solutions,professional_services,2025-11-07,2025-11-07,186.71,M08
AP001875,Dockside Solutions,professional_services,2025-10-31,2025-11-03,244.31,M06
AP004760,Tundra Partners,office,2026-03-07,2026-03-09,773.35,M03
AP000558,Salesforce,software,2025-08-09,2025-08-11,3262.78,M14
AP005165,Vela Trading,facilities,2025-09-24,2025-09-29,341.58,M12
AP000137,Amazon Web Services,infrastructure,2025-10-26,2025-10-29,3107.74,M14
AP005925,Nimbus Group,logistics,2025-08-01,2025-08-02,4758.06,M01
AP004998,Umber Trading,professional_services,2025-09-23,2025-09-26,113.35,M07
AP003066,Keystone Supply,office,2025-11-28,2025-12-01,254.18,M03
AP005912,Northgate Logistics,logistics,2025-10-13,2025-10-16,7515.01,M02
AP004682,Tundra Supply,logistics,2025-10-19,2025-10-20,2261.58,M09
AP000925,Indeed,recruiting,2025-08-30,2025-09-02,954.91,M03
AP002144,Ember Labs,software,2025-12-17,2025-12-18,92.09,M06
AP001634,Borealis Works,hardware,2026-05-06,2026-05-08,303.57,M08
AP000387,Amazon Web Services,infrastructure,2026-05-18,2026-05-22,4624.76,M03
AP002854,Inlet Works,facilities,2026-02-04,2026-02-09,145.32,M10
AP002856,Inlet Works,facilities,2026-03-08,2026-03-10,3466.16,M07
AP000377,Amazon Web Services,infrastructure,2026-05-13,2026-05-18,2610.93,M01
AP002229,Fulcrum Services,hardware,2025-12-22,2025-12-25,330.93,M02
AP000444,Snowflake,infrastructure,2025-10-19,2025-10-22,6960.12,M08
AP004056,Prairie Industries,marketing,2025-09-18,2025-09-22,59.5,M09
AP004806,Tundra Labs,professional_services,2025-09-13,2025-09-16,321.76,M07
AP000157,Amazon Web Services,infrastructure,2025-10-29,2025-10-29,4413.37,M04
AP004299,Quarry Labs,events,2026-03-10,2026-03-16,311.2,M01
AP004957,Umber Group,software,2026-02-04,2026-02-06,874.08,M06
AP004648,Sable Works,office,2025-10-01,2025-10-06,136.58,M06
AP003876,Onyx Industries,facilities,2025-11-01,2025-11-05,91.4,M08
AP005648,Zephyr Partners,professional_services,2026-03-03,2026-03-09,376.06,M05
AP002300,Fulcrum Industries,professional_services,2025-09-02,2025-09-08,1314.54,M07
AP001642,Borealis Trading,logistics,2025-09-15,2025-09-17,645.38,M04
AP002684,Harbor Works,hardware,2025-11-13,2025-11-17,215.4,M13
AP004899,Umber Consulting,software,2025-09-16,2025-09-17,175.91,M09
AP002205,Fulcrum Supply,marketing,2025-11-25,2025-11-26,1787.27,M14
AP003809,Onyx Services,logistics,2025-08-18,2025-08-20,134.33,M08
AP002950,Juniper Consulting,office,2026-02-05,2026-02-05,74.16,M08
AP005747,Sable Supply,software,2026-04-05,2026-04-06,2148.23,M09
AP005738,Zephyr Trading,logistics,2026-06-14,2026-06-15,66.92,M14
AP001404,Acme Group,hardware,2025-12-28,2025-12-30,142.74,M01
AP000295,Amazon Web Services,infrastructure,2026-03-06,2026-03-09,2792.06,M05
AP005005,Umber Trading,professional_services,2026-01-09,2026-01-13,771.79,M10
AP004042,Prairie Partners,office,2025-10-07,2025-10-07,441.47,M01
AP005343,Wharf Works,professional_services,2026-02-15,2026-02-19,458.5,M11
AP003779,Nimbus Trading,software,2025-08-08,2025-08-08,469.76,M09
AP004432,Rampart Industries,facilities,2025-09-01,2025-09-01,47.38,M05
AP001119,Meridian Travel,travel,2025-07-22,2025-07-25,1184.24,M07
AP002087,Ember Partners,events,2025-10-30,2025-10-30,140.17,M13
AP005366,Wharf Trading,hardware,2026-05-23,2026-05-25,4461.77,M13
AP000698,Iron Mountain,facilities,2026-02-02,2026-02-06,201.21,M14
AP000012,Amazon Web Services,infrastructure,2025-07-21,2025-07-21,1972.23,M04
AP004456,Rampart Group,professional_services,2026-03-11,2026-03-13,431.77,M13
AP000471,Snowflake,infrastructure,2026-02-04,2026-02-09,5440.99,M11
AP000278,Amazon Web Services,infrastructure,2026-01-27,2026-01-30,3316.97,M10
AP003314,Loom Consulting,marketing,2025-10-08,2025-10-13,224.14,M10
AP001479,Borealis Services,hardware,2025-08-18,2025-08-21,121.32,M11
AP004636,Sable Labs,marketing,2026-02-09,2026-02-13,395.45,M07
AP004352,Rampart Services,logistics,2025-08-08,2025-08-11,93.97,M03
AP005380,Yonder Supply,software,2026-03-16,2026-03-17,1325.45,M10
AP002792,Inlet Partners,events,2025-11-11,2025-11-13,770.91,M14
AP000842,Uline,office,2026-05-19,2026-05-20,141.78,M06
AP002357,Fulcrum Works,professional_services,2026-05-07,2026-05-08,331.18,M05
AP000613,Atlassian,software,2025-11-28,2025-11-28,759.15,M06
AP004550,Sable Solutions,software,2025-08-11,2025-08-12,408.42,M12
AP003351,Loom Industries,facilities,2025-08-21,2025-08-25,70.77,M05
AP002593,Harbor Consulting,marketing,2025-07-21,2025-07-23,463.31,M05
AP004344,Rampart Supply,software,2026-03-20,2026-03-23,1304.18,M08
AP001413,Acme Labs,facilities,2025-10-17,2025-10-20,507.51,M05
AP002356,Fulcrum Works,professional_services,2026-05-02,2026-05-04,1171.1,M03
AP003563,Mosaic Group,professional_services,2026-03-05,2026-03-09,486.53,M06
AP002780,Inlet Consulting,marketing,2025-12-15,2025-12-18,24.43,M10
AP003583,Mosaic Works,marketing,2025-09-24,2025-09-25,133.14,M13
AP000133,Amazon Web Services,infrastructure,2025-10-16,2025-10-20,988.45,M09
AP002227,Fulcrum Services,hardware,2025-10-05,2025-10-06,439.39,M09
AP005905,Northgate Logistics,logistics,2026-03-20,2026-03-23,8264.77,M11
AP001078,Apex Print Media,marketing,2025-08-25,2025-08-26,949.74,M05
AP005921,Northgate Logistics,logistics,2025-10-11,2025-10-13,873.34,M08
AP000766,Staples Business,office,2026-02-22,2026-02-25,95.75,M06
AP004130,Prairie Trading,professional_services,2025-08-10,2025-08-11,1962.02,M11
AP002149,Ember Labs,software,2026-03-10,2026-03-13,426.27,M12
AP002387,Gable Supply,office,2026-03-05,2026-03-09,310.58,M01
AP005655,Zephyr Industries,logistics,2025-08-24,2025-08-27,317.02,M01
AP001314,Acme Solutions,software,2025-09-02,2025-09-08,803.86,M01
AP003566,Mosaic Group,professional_services,2026-04-07,2026-04-10,465.18,M03
AP005017,Vela Supply,facilities,2025-09-22,2025-09-22,45.12,M12
AP001084,Apex Print Media,marketing,2025-10-20,2025-10-24,2008.83,M14
AP001493,Borealis Services,hardware,2026-04-10,2026-04-13,111.6,M01
AP003251,Keystone Trading,hardware,2026-04-03,2026-04-06,324.98,M11
AP004961,Umber Labs,office,2025-10-11,2025-10-13,110.62,M06
AP004728,Tundra Consulting,office,2025-07-03,2025-07-07,263.29,M07
AP002628,Harbor Partners,software,2026-04-19,2026-04-20,164.27,M08
AP002850,Inlet Works,facilities,2025-11-24,2025-11-24,1292.89,M12
AP005810,Northgate Logistics,logistics,2026-01-01,2026-01-05,27900.29,M11
AP004305,Quarry Labs,events,2026-06-19,2026-06-22,1400.25,M13
AP004280,Quarry Group,facilities,2026-03-30,2026-04-01,269.13,M03
AP005358,Wharf Trading,hardware,2025-11-07,2025-11-10,157.08,M14
AP000982,Wilson Sonsini,legal,2026-05-31,2026-06-01,35812.93,M06
AP002154,Ember Labs,software,2026-05-23,2026-05-27,253.55,M08
AP000077,Amazon Web Services,infrastructure,2025-08-30,2025-09-01,980.7,M09
AP001583,Borealis Group,events,2025-12-16,2025-12-19,272.73,M11
AP000340,Amazon Web Services,infrastructure,2026-04-12,2026-04-13,911.15,M11
AP003285,Loom Services,professional_services,2026-03-17,2026-03-18,321.26,M13
AP002070,Ember Consulting,marketing,2025-11-18,2025-11-21,456.1,M04
AP005763,Pinnacle Consulting,consulting,2026-05-17,2026-05-19,9000,M03
AP005472,Yonder Industries,marketing,2026-02-23,2026-02-24,682.4,M14
AP001589,Borealis Group,events,2026-02-07,2026-02-09,489.62,M03
AP004751,Tundra Partners,office,2025-11-13,2025-11-14,232.07,M14
AP003647,Nimbus Services,software,2026-04-24,2026-04-27,119.47,M01
AP002153,Ember Labs,software,2026-05-24,2026-05-25,259.42,M01
AP003891,Onyx Industries,facilities,2026-06-23,2026-06-25,521.86,M09
AP005231,Wharf Solutions,office,2026-01-29,2026-02-02,121.72,M03
AP004824,Tundra Works,events,2025-12-19,2025-12-19,158.73,M09
AP005508,Yonder Labs,facilities,2025-11-05,2025-11-07,81.19,M04
AP005235,Wharf Solutions,office,2026-04-03,2026-04-03,1093.19,M01
AP005188,Wharf Supply,professional_services,2025-11-20,2025-11-24,366.03,M04
AP001219,CDW,hardware,2025-12-02,2025-12-02,1660.65,M11
AP001167,Meridian Travel,travel,2026-03-21,2026-03-23,832.14,M03
AP005563,Yonder Trading,office,2026-05-22,2026-05-25,843.52,M04
AP001968,Dockside Labs,logistics,2026-04-11,2026-04-13,156.97,M12
AP004863,Umber Supply,facilities,2026-05-05,2026-05-11,2106.08,M04
AP005948,Snowflake,infrastructure,2025-07-20,2025-07-26,1413.29,M10
AP001956,Dockside Labs,logistics,2025-08-03,2025-08-07,748.68,M14
AP001407,Acme Group,hardware,2026-06-06,2026-06-08,357.3,M03
AP001850,Dockside Supply,events,2026-04-07,2026-04-07,239.62,M14
AP003799,Onyx Supply,hardware,2026-02-28,2026-03-03,398.78,M11
AP001125,Meridian Travel,travel,2025-08-03,2025-08-06,1222.98,M02
AP002548,Harbor Supply,logistics,2026-03-12,2026-03-16,453.59,M03
AP002130,Ember Group,events,2026-04-04,2026-04-06,569.37,M12
AP001267,Verizon Business,telecom,2026-02-03,2026-02-03,1122.26,M11
AP001282,Acme Supply,software,2025-09-10,2025-09-15,2137.45,M02
AP003744,Nimbus Labs,professional_services,2025-12-08,2025-12-08,212.81,M06
AP005462,Yonder Industries,marketing,2025-09-08,2025-09-12,372.47,M01
AP000462,Snowflake,infrastructure,2026-01-08,2026-01-12,5460.63,M01
AP001370,Acme Partners,marketing,2026-03-19,2026-03-23,139.71,M10
AP002682,Harbor Works,hardware,2025-10-13,2025-10-17,746.54,M12
AP001477,Borealis Services,hardware,2025-07-14,2025-07-16,50.87,M05
AP005778,Summit Interiors,facilities,2025-08-04,2025-08-06,9900,M05
AP001241,CDW,hardware,2026-05-07,2026-05-11,643.26,M08
AP002759,Inlet Solutions,logistics,2025-10-25,2025-10-28,428.66,M09
AP002329,Fulcrum Labs,software,2025-08-10,2025-08-13,78.49,M08
AP004452,Rampart Group,professional_services,2026-02-06,2026-02-09,225.16,M07
AP002107,Ember Industries,office,2025-11-02,2025-11-05,47.97,M11
AP003018,Juniper Labs,software,2026-01-01,2026-01-05,151.88,M09
AP005664,Zephyr Industries,logistics,2026-03-11,2026-03-11,179.71,M05
AP001210,CDW,hardware,2025-11-09,2025-11-10,10866.41,M02
AP004579,Sable Consulting,professional_services,2026-06-16,2026-06-17,84.66,M03
AP005934,Tundra Solutions,facilities,2026-02-23,2026-02-28,240.5,M06
AP005427,Yonder Consulting,professional_services,2025-11-15,2025-11-17,375.18,M09
AP001786,Cinder Labs,marketing,2025-09-20,2025-09-23,167.04,M08
AP005614,Zephyr Solutions,office,2026-01-12,2026-01-13,120.27,M14
AP002835,Inlet Labs,facilities,2025-12-28,2026-01-01,249.05,M09
AP004440,Rampart Industries,facilities,2026-03-14,2026-03-16,750.5,M03
AP003019,Juniper Labs,software,2026-03-15,2026-03-17,1056.44,M13
AP003878,Onyx Industries,facilities,2025-12-02,2025-12-08,331.45,M01
AP005026,Vela Supply,facilities,2026-01-30,2026-01-30,70.29,M07
AP005444,Yonder Partners,marketing,2025-09-16,2025-09-19,351.06,M12
AP001016,Global Catering Co,events,2025-07-15,2025-07-17,680.01,M07
AP003096,Keystone Services,office,2026-06-01,2026-06-05,261.77,M02
AP004388,Rampart Solutions,professional_services,2026-06-17,2026-06-22,751.25,M05
AP002283,Fulcrum Partners,professional_services,2025-11-23,2025-11-24,638.19,M01
AP000630,Atlassian,software,2026-05-21,2026-05-22,849.57,M11
AP000845,Uline,office,2026-04-30,2026-05-04,294.91,M07
AP001458,Borealis Supply,marketing,2025-09-23,2025-09-25,71.08,M04
AP001726,Cinder Consulting,marketing,2026-06-11,2026-06-15,433.11,M10
AP001708,Cinder Consulting,marketing,2025-08-01,2025-08-01,209.54,M01
AP005407,Yonder Solutions,events,2025-09-15,2025-09-16,318.08,M11
AP001095,Apex Print Media,marketing,2025-12-28,2025-12-31,1536.85,M14
AP001682,Cinder Services,facilities,2026-03-04,2026-03-09,355.56,M07
AP004603,Sable Group,logistics,2025-08-09,2025-08-11,331.45,M12
AP002237,Fulcrum Solutions,hardware,2025-08-23,2025-08-25,203.34,M13
AP003425,Loom Trading,hardware,2026-03-15,2026-03-18,447.3,M09
AP004316,Quarry Works,logistics,2026-03-24,2026-03-27,1214.94,M03
AP002807,Inlet Industries,professional_services,2026-03-12,2026-03-12,396.07,M05
AP004436,Rampart Industries,facilities,2026-01-20,2026-01-22,683.13,M09
AP004531,Sable Services,logistics,2025-08-03,2025-08-06,317.5,M14
AP005932,Cinder Labs,marketing,2025-11-22,2025-11-22,2528.92,M04
AP003969,Prairie Supply,facilities,2025-11-08,2025-11-10,3270.0,M11
AP001089,Apex Print Media,marketing,2025-11-02,2025-11-03,493.37,M06
AP005953,Quarry Partners,logistics,2026-05-07,2026-05-09,592.59,M03
AP001958,Dockside Labs,logistics,2025-10-22,2025-10-27,426.45,M10
AP004200,Quarry Solutions,office,2026-01-06,2026-01-09,476.73,M01
AP001062,Global Catering Co,events,2026-05-06,2026-05-07,869.57,M10
AP000376,Amazon Web Services,infrastructure,2026-04-30,2026-05-04,2521.38,M04
AP001868,Dockside Solutions,professional_services,2025-08-18,2025-08-22,137.94,M08
AP002066,Ember Consulting,marketing,2025-09-20,2025-09-24,745.23,M14
AP004617,Sable Group,logistics,2026-02-14,2026-02-18,675.75,M14
AP005929,WeWork,facilities,2026-03-22,2026-03-28,1326.8,M05
AP005600,Zephyr Solutions,office,2025-07-11,2025-07-11,397.86,M03
AP002349,Fulcrum Works,professional_services,2025-09-06,2025-09-09,236.41,M12
AP004792,Tundra Group,facilities,2025-12-06,2025-12-09,163.63,M01
AP005345,Wharf Works,professional_services,2026-03-11,2026-03-12,206.34,M13
AP005330,Wharf Works,professional_services,2025-09-20,2025-09-22,117.53,M05
AP004171,Quarry Supply,hardware,2026-06-07,2026-06-08,95.79,M09
AP000009,Amazon Web Services,infrastructure,2025-07-11,2025-07-14,1995.02,M05
AP004462,Rampart Labs,office,2025-08-03,2025-08-05,452.36,M02
AP001075,Apex Print Media,marketing,2025-07-02,2025-07-07,1274.91,M10
AP003487,Mosaic Solutions,events,2026-05-21,2026-05-25,194.65,M07
AP005090,Vela Partners,office,2025-12-28,2025-12-30,202.18,M03
AP002592,Harbor Consulting,marketing,2025-07-23,2025-07-28,916.24,M13
AP000829,Uline,office,2026-01-04,2026-01-06,315.82,M08
AP003232,Keystone Works,professional_services,2026-03-30,2026-04-01,266.34,M12
AP000344,Amazon Web Services,infrastructure,2026-04-02,2026-04-06,2506.92,M09
AP004039,Prairie Partners,office,2025-09-04,2025-09-08,168.14,M04
AP000892,Robert Half,recruiting,2026-01-27,2026-02-02,5495.95,M12
AP004622,Sable Labs,marketing,2025-07-27,2025-07-28,390.1,M06
AP002252,Fulcrum Solutions,hardware,2026-06-07,2026-06-08,477.33,M03
AP005887,Northgate Logistics,logistics,2026-02-27,2026-03-02,159.52,M06
AP003444,Mosaic Supply,hardware,2026-02-05,2026-02-09,734.44,M06
AP003629,Nimbus Supply,hardware,2026-03-22,2026-03-26,770.2,M09
AP003533,Mosaic Industries,professional_services,2025-10-23,2025-10-27,84.49,M05
AP001957,Dockside Labs,logistics,2025-10-23,2025-10-27,146.23,M01
AP004148,Prairie Trading,professional_services,2026-06-13,2026-06-16,252.91,M13
AP002353,Fulcrum Works,professional_services,2025-11-25,2025-11-27,193.14,M12
AP000977,Wilson Sonsini,legal,2026-04-05,2026-04-07,6907.09,M07
AP005537,Yonder Works,office,2026-02-27,2026-03-02,673.16,M03
AP001343,Acme Consulting,facilities,2026-01-16,2026-01-19,403.71,M01
AP005319,Wharf Labs,office,2026-01-02,2026-01-05,2352.36,M09
AP002666,Harbor Labs,professional_services,2025-12-17,2025-12-17,181.72,M10
AP003295,Loom Solutions,professional_services,2025-07-03,2025-07-03,1359.5,M08
AP005633,Zephyr Partners,professional_services,2025-07-05,2025-07-08,279.42,M07
AP002100,Ember Industries,office,2025-07-06,2025-07-09,3043.03,M14
AP004256,Quarry Industries,logistics,2025-12-02,2025-12-05,1348.16,M06
AP001523,Borealis Consulting,facilities,2025-11-10,2025-11-14,1127.01,M13
AP004072,Prairie Group,hardware,2025-07-20,2025-07-21,105.08,M09
AP005710,Zephyr Labs,marketing,2026-06-16,2026-06-16,546.75,M04
AP005731,Zephyr Trading,logistics,2025-12-16,2025-12-19,462.7,M08
AP002709,Harbor Trading,software,2025-11-28,2025-12-01,51.29,M09
AP003971,Prairie Supply,facilities,2025-12-28,2025-12-29,250.59,M11
AP004837,Tundra Trading,facilities,2025-10-08,2025-10-08,299.21,M12
AP002486,Gable Group,office,2026-02-14,2026-02-16,687.39,M12
AP000755,Staples Business,office,2025-12-04,2025-12-08,78.13,M07
AP003960,Onyx Trading,events,2026-03-10,2026-03-10,226.36,M03
AP002494,Gable Labs,software,2025-11-15,2025-11-19,735.06,M03
AP005433,Yonder Consulting,professional_services,2026-03-18,2026-03-19,183.1,M14
AP004571,Sable Consulting,professional_services,2026-02-20,2026-02-20,1279.59,M05
AP002140,Ember Labs,software,2025-09-09,2025-09-11,690.04,M05
AP000195,Amazon Web Services,infrastructure,2025-12-07,2025-12-11,753.42,M12
AP000053,Amazon Web Services,infrastructure,2025-08-17,2025-08-20,913.2,M13
AP005892,Northgate Logistics,logistics,2025-10-31,2025-11-03,704.35,M07
AP005019,Vela Supply,facilities,2025-10-20,2025-10-21,108.83,M09
AP004214,Quarry Consulting,office,2025-10-19,2025-10-20,71.0,M09
AP005159,Vela Works,facilities,2026-03-08,2026-03-12,136.51,M07
AP002031,Ember Services,hardware,2025-07-06,2025-07-07,259.24,M02
AP004629,Sable Labs,marketing,2025-11-05,2025-11-10,776.1,M06
AP001515,Borealis Consulting,facilities,2025-08-15,2025-08-19,80.19,M06
AP005144,Vela Labs,software,2026-02-21,2026-02-23,261.72,M02
AP000835,Uline,office,2026-03-23,2026-03-26,194.53,M03
AP001909,Dockside Partners,facilities,2025-09-17,2025-09-19,672.74,M02
AP005177,Vela Trading,facilities,2026-05-06,2026-05-08,607.43,M05
AP001494,Borealis Services,hardware,2026-05-11,2026-05-11,437.14,M13
AP003770,Nimbus Works,software,2026-03-08,2026-03-09,267.92,M02
AP001332,Acme Solutions,software,2026-05-23,2026-05-25,100.18,M08
AP005781,Summit Interiors,facilities,2025-07-23,2025-07-28,6686.33,M03
AP005060,Vela Solutions,software,2026-04-20,2026-04-20,256.43,M04
AP004460,Rampart Group,professional_services,2026-06-18,2026-06-22,171.69,M02
AP003800,Onyx Supply,hardware,2026-03-24,2026-03-24,159.98,M13
AP004518,Sable Supply,software,2025-08-13,2025-08-18,149.57,M07
AP004215,Quarry Consulting,office,2025-12-21,2025-12-22,200.47,M01
AP003267,Loom Supply,professional_services,2026-01-22,2026-01-26,374.98,M01
AP005816,Northgate Logistics,logistics,2025-09-08,2025-09-11,53548.08,M02
AP003129,Keystone Consulting,logistics,2025-09-04,2025-09-08,220.1,M08
AP005700,Zephyr Labs,marketing,2025-11-05,2025-11-07,800.62,M13
AP000405,Amazon Web Services,infrastructure,2026-06-18,2026-06-22,1062.72,M04
AP004196,Quarry Solutions,office,2025-10-15,2025-10-17,206.45,M05
AP004014,Prairie Consulting,hardware,2025-07-20,2025-07-24,644.3,M12
AP005764,Pinnacle Consulting,consulting,2026-06-19,2026-06-23,12000,M04
AP004066,Prairie Industries,marketing,2026-03-15,2026-03-19,531.4,M08
AP003415,Loom Trading,hardware,2025-09-09,2025-09-15,2023.74,M12
AP003467,Mosaic Services,facilities,2026-06-03,2026-06-03,1209.69,M11
AP001025,Global Catering Co,events,2025-09-26,2025-09-30,1115.5,M06
AP002606,Harbor Consulting,marketing,2026-03-13,2026-03-16,1063.87,M12
AP001986,Dockside Works,software,2026-03-22,2026-03-24,461.66,M12
AP004009,Prairie Solutions,events,2026-03-05,2026-03-09,394.22,M11
AP000425,Snowflake,infrastructure,2025-07-07,2025-07-11,2456.79,M13
AP000616,Atlassian,software,2026-01-12,2026-01-14,512.67,M04
AP000378,Amazon Web Services,infrastructure,2026-05-22,2026-05-26,4350.38,M02
AP003378,Loom Group,events,2026-05-11,2026-05-14,463.26,M11
AP001490,Borealis Services,hardware,2026-02-13,2026-02-16,601.59,M11
AP003486,Mosaic Solutions,events,2026-04-02,2026-04-06,231.04,M04
AP005851,Northgate Logistics,logistics,2026-02-06,2026-02-09,21337.77,M07
AP005717,Zephyr Works,logistics,2025-12-12,2025-12-15,277.99,M11
AP004509,Rampart Trading,office,2026-02-14,2026-02-17,386.4,M08
AP003837,Onyx Solutions,software,2026-01-16,2026-01-16,708.62,M01
AP004921,Umber Partners,facilities,2025-08-30,2025-09-01,1407.89,M07
AP002200,Ember Trading,hardware,2026-06-19,2026-06-22,572.2,M10
AP001112,Apex Print Media,marketing,2026-06-02,2026-06-05,832.64,M04
AP000263,Amazon Web Services,infrastructure,2026-02-09,2026-02-10,3728.75,M01
AP000760,Staples Business,office,2026-01-10,2026-01-14,117.25,M05
AP005469,Yonder Industries,marketing,2026-01-09,2026-01-09,1432.39,M07
AP003414,Loom Trading,hardware,2025-09-19,2025-09-23,272.44,M02
AP003258,Loom Supply,professional_services,2025-07-19,2025-07-21,186.73,M07
AP005616,Zephyr Solutions,office,2026-03-25,2026-03-27,575.48,M03
AP004482,Rampart Works,facilities,2025-09-25,2025-09-25,315.85,M13
AP003784,Nimbus Trading,software,2025-12-12,2025-12-16,1441.3,M04
AP004283,Quarry Group,facilities,2026-05-12,2026-05-15,894.93,M10
AP004830,Tundra Works,events,2026-05-07,2026-05-11,679.07,M03
AP004862,Umber Supply,facilities,2026-04-10,2026-04-13,82.06,M05
AP000441,Snowflake,infrastructure,2025-09-16,2025-09-18,4866.4,M13
AP005482,Yonder Group,hardware,2025-09-15,2025-09-15,273.46,M10
AP001588,Borealis Group,events,2026-02-14,2026-02-16,785.9,M02
AP003282,Loom Services,professional_services,2025-12-16,2025-12-17,75.38,M11
AP004763,Tundra Partners,office,2026-06-21,2026-06-24,144.93,M03
AP000084,Amazon Web Services,infrastructure,2025-09-26,2025-09-29,586.37,M03
AP000359,Amazon Web Services,infrastructure,2026-05-13,2026-05-18,1316.67,M10
AP001763,Cinder Group,office,2025-07-07,2025-07-10,1288.24,M11
AP005155,Vela Works,facilities,2025-08-09,2025-08-11,1319.88,M13
AP003512,Mosaic Partners,hardware,2025-07-07,2025-07-08,620.06,M04
AP003823,Onyx Services,logistics,2026-06-21,2026-06-23,443.64,M11
AP000978,Wilson Sonsini,legal,2026-04-04,2026-04-06,20857.17,M10
AP004524,Sable Supply,software,2025-12-17,2025-12-19,543.12,M06
AP001220,CDW,hardware,2025-12-19,2025-12-23,1085.44,M04
AP004298,Quarry Labs,events,2026-02-21,2026-02-23,191.49,M12
AP004703,Tundra Services,office,2026-04-10,2026-04-14,510.89,M05
AP005251,Wharf Consulting,office,2026-01-28,2026-01-30,1459.81,M14
AP000945,Indeed,recruiting,2026-03-18,2026-03-19,518.26,M05
AP001275,Verizon Business,telecom,2026-05-20,2026-05-20,921.29,M03
AP000456,Snowflake,infrastructure,2025-12-24,2025-12-29,2274.77,M13
AP003475,Mosaic Solutions,events,2025-11-24,2025-11-28,723.95,M09
AP001446,Acme Works,professional_services,2026-03-13,2026-03-13,287.61,M09
AP003652,Nimbus Solutions,facilities,2025-07-06,2025-07-08,493.28,M07
AP005909,Northgate Logistics,logistics,2026-02-16,2026-02-20,422.12,M02
AP005068,Vela Consulting,office,2025-09-24,2025-09-25,333.66,M08
AP001922,Dockside Partners,facilities,2026-06-17,2026-06-17,539.73,M12
AP001669,Cinder Supply,events,2026-06-11,2026-06-12,1166.59,M02
AP002236,Fulcrum Solutions,hardware,2025-08-26,2025-08-29,204.34,M03
AP004674,Sable Trading,hardware,2026-05-18,2026-05-22,707.13,M13
AP004238,Quarry Partners,logistics,2026-05-07,2026-05-11,120.54,M11
AP005517,Yonder Labs,facilities,2026-03-05,2026-03-09,212.21,M12
AP004466,Rampart Labs,office,2025-10-24,2025-10-27,718.59,M11
AP000042,Amazon Web Services,infrastructure,2025-08-20,2025-08-20,903.0,M05
AP004076,Prairie Group,hardware,2025-10-19,2025-10-22,536.66,M05
AP003698,Nimbus Partners,software,2026-02-09,2026-02-09,125.34,M01
AP000771,Staples Business,office,2026-01-29,2026-01-30,202.77,M08
AP000671,WeWork,facilities,2026-01-11,2026-01-15,6092.35,M12
AP005742,Rampart Solutions,professional_services,2026-04-27,2026-04-28,2407.45,M04
AP001619,Borealis Works,hardware,2025-08-14,2025-08-14,170.83,M12
AP004537,Sable Services,logistics,2025-12-02,2025-12-02,149.34,M01
AP002622,Harbor Partners,software,2025-12-30,2025-12-30,110.99,M10
AP004475,Rampart Labs,office,2026-05-01,2026-05-04,46.01,M11
AP004666,Sable Trading,hardware,2025-08-01,2025-08-05,240.78,M09
AP004362,Rampart Services,logistics,2026-01-11,2026-01-12,391.68,M10
AP000150,Amazon Web Services,infrastructure,2025-11-02,2025-11-04,1521.14,M05
AP001929,Dockside Industries,software,2025-12-01,2025-12-03,257.21,M07
AP000867,Robert Half,recruiting,2025-09-11,2025-09-15,2019.39,M09
AP000893,Robert Half,recruiting,2026-02-09,2026-02-12,9177.88,M14
AP002368,Fulcrum Trading,marketing,2026-01-04,2026-01-05,361.22,M04
AP005137,Vela Labs,software,2025-07-13,2025-07-14,355.66,M03
AP000225,Amazon Web Services,infrastructure,2026-01-04,2026-01-05,3803.85,M04
AP003233,Keystone Works,professional_services,2026-04-12,2026-04-14,639.45,M01
AP005214,Wharf Services,professional_services,2026-04-09,2026-04-13,383.99,M02
AP003476,Mosaic Solutions,events,2026-01-14,2026-01-19,871.15,M10
AP000920,Indeed,recruiting,2025-07-09,2025-07-11,1084.3,M04
AP005425,Yonder Consulting,professional_services,2025-10-09,2025-10-13,251.71,M12
AP001512,Borealis Solutions,marketing,2026-06-14,2026-06-17,786.14,M04
AP001662,Cinder Supply,events,2026-01-08,2026-01-12,342.97,M13
