robot_id,month,months_since_deploy,hours_available,hours_used,utilization,uptime,revenue,connectivity,edge_compute,field_service,incidents
RB0001,2025-01,0,345.9,54.9,0.1587,0.9827,1153.13,85.0,23.06,532.37,0
RB0001,2025-02,1,334.5,99.1,0.2962,0.9503,2080.94,85.0,41.62,836.35,0
RB0001,2025-03,2,347.7,156.0,0.4487,0.9879,3276.62,85.0,65.53,639.61,0
RB0001,2025-04,3,346.2,227.7,0.6576,0.9835,4780.9,85.0,95.62,490.31,0
RB0001,2025-05,4,347.1,225.6,0.6499,0.986,4736.77,85.0,94.74,579.41,0
RB0001,2025-06,5,338.4,192.7,0.5695,0.9614,4047.07,85.0,80.94,486.79,0
RB0001,2025-07,6,340.1,187.5,0.5514,0.9661,3937.82,85.0,78.76,656.2,0
RB0001,2025-08,7,336.5,199.0,0.5913,0.9559,4178.12,85.0,83.56,434.92,0
RB0001,2025-09,8,347.6,192.8,0.5547,0.9876,4049.26,85.0,80.99,437.37,0
RB0001,2025-10,9,341.0,187.4,0.5496,0.9688,3936.03,85.0,78.72,612.93,0
RB0001,2025-11,10,343.8,207.7,0.6041,0.9768,4362.02,85.0,87.24,752.49,0
RB0001,2025-12,11,347.2,200.5,0.5775,0.9862,4210.4,85.0,84.21,727.78,0
RB0001,2026-01,12,344.8,193.3,0.5607,0.9796,4060.33,85.0,81.21,773.12,0
RB0001,2026-02,13,337.1,191.7,0.5687,0.9578,4026.54,85.0,80.53,526.25,0
RB0001,2026-03,14,346.5,225.6,0.6511,0.9844,4738.24,85.0,94.76,598.17,0
RB0001,2026-04,15,338.1,219.4,0.649,0.9605,4607.96,85.0,92.16,782.32,0
RB0001,2026-05,16,337.7,210.5,0.6234,0.9593,4420.17,85.0,88.4,783.68,0
RB0001,2026-06,17,346.9,232.1,0.669,0.9856,4873.6,85.0,97.47,541.94,0
RB0002,2025-01,0,337.4,66.9,0.1984,0.9584,1472.7,85.0,28.12,736.09,0
RB0002,2025-02,1,339.7,135.0,0.3974,0.965,2969.77,85.0,56.7,568.97,0
RB0002,2025-03,2,343.9,213.4,0.6205,0.977,4694.46,85.0,89.62,535.71,0
RB0002,2025-04,3,336.0,262.1,0.78,0.9545,5765.51,85.0,110.07,517.61,0
RB0002,2025-05,4,344.0,288.4,0.8384,0.9773,6345.33,85.0,121.14,746.76,0
RB0002,2025-06,5,336.3,286.7,0.8524,0.9553,6306.48,85.0,120.4,591.16,0
RB0002,2025-07,6,345.2,281.9,0.8166,0.9805,6200.86,85.0,118.38,441.03,0
RB0002,2025-08,7,334.4,276.4,0.8264,0.9501,6080.29,85.0,116.08,762.94,0
RB0002,2025-09,8,337.4,264.7,0.7844,0.9586,5822.88,85.0,111.16,728.42,0
RB0002,2025-10,9,337.7,270.1,0.8,0.9593,5943.11,85.0,113.46,820.59,0
RB0002,2025-11,10,334.9,268.1,0.8004,0.9515,5897.49,85.0,112.59,806.39,0
RB0002,2025-12,11,344.2,246.3,0.7155,0.978,5418.56,85.0,103.45,677.68,0
RB0002,2026-01,12,344.3,251.5,0.7302,0.9783,5531.97,85.0,105.61,708.36,0
RB0002,2026-02,13,342.8,280.1,0.8171,0.974,6162.61,85.0,117.65,515.43,0
RB0002,2026-03,14,346.7,247.6,0.7142,0.985,5447.48,85.0,104.0,568.48,0
RB0002,2026-04,15,334.7,253.7,0.7579,0.9508,5580.54,85.0,106.54,467.51,0
RB0002,2026-05,16,337.8,261.7,0.7745,0.9598,5756.61,85.0,109.9,792.61,0
RB0002,2026-06,17,339.9,263.4,0.7749,0.9656,5794.03,85.0,110.61,642.14,0
RB0003,2025-01,0,346.7,38.0,0.1097,0.9848,760.24,85.0,15.96,558.27,0
RB0003,2025-02,1,343.0,83.3,0.2429,0.9745,1666.56,85.0,35.0,994.22,0
RB0003,2025-03,2,344.8,126.1,0.3658,0.9795,2522.35,85.0,52.97,860.33,0
RB0003,2025-04,3,338.3,169.4,0.5008,0.9611,3388.03,85.0,71.15,658.61,0
RB0003,2025-05,4,342.0,157.1,0.4594,0.9715,3142.06,85.0,65.98,1006.43,0
RB0003,2025-06,5,337.9,159.1,0.4707,0.96,3181.22,85.0,66.81,505.13,0
RB0003,2025-07,6,337.3,171.2,0.5075,0.9581,3423.34,85.0,71.89,690.94,0
RB0003,2025-08,7,340.0,179.2,0.5271,0.966,3584.6,85.0,75.28,722.69,0
RB0003,2025-09,8,346.2,178.9,0.5167,0.9835,3577.58,85.0,75.13,787.67,0
RB0003,2025-10,9,342.1,161.4,0.4719,0.9718,3228.05,85.0,67.79,676.98,0
RB0003,2025-11,10,344.6,157.9,0.4582,0.9791,3157.93,85.0,66.32,579.96,0
RB0003,2025-12,11,345.0,163.3,0.4732,0.9801,3265.35,85.0,68.57,904.97,1
RB0003,2026-01,12,345.4,181.8,0.5262,0.9813,3635.25,85.0,76.34,627.1,0
RB0003,2026-02,13,347.5,151.7,0.4364,0.9872,3033.19,85.0,63.7,600.87,0
RB0003,2026-03,14,335.1,171.1,0.5106,0.9519,3421.74,85.0,71.86,873.46,0
RB0003,2026-04,15,339.6,168.9,0.4972,0.9649,3377.15,85.0,70.92,861.45,0
RB0003,2026-05,16,343.6,151.6,0.4412,0.9761,3031.7,85.0,63.67,557.74,0
RB0003,2026-06,17,347.3,153.0,0.4405,0.9865,3059.49,85.0,64.25,719.64,0
RB0004,2025-01,0,338.6,53.8,0.1589,0.9619,1130.17,85.0,22.6,713.36,0
RB0004,2025-02,1,345.8,113.1,0.3271,0.9824,2375.14,85.0,47.5,723.0,0
RB0004,2025-03,2,341.8,165.7,0.4847,0.971,3478.87,85.0,69.58,738.44,0
RB0004,2025-04,3,347.5,228.5,0.6576,0.9873,4799.24,85.0,95.98,594.74,0
RB0004,2025-05,4,336.5,192.2,0.5713,0.9559,4036.63,85.0,80.73,818.02,0
RB0004,2025-06,5,343.0,212.3,0.6188,0.9746,4457.61,85.0,89.15,499.83,0
RB0004,2025-07,6,335.5,194.8,0.5806,0.9531,4090.79,85.0,81.82,708.46,0
RB0004,2025-08,7,335.3,191.7,0.5717,0.9526,4025.97,85.0,80.52,574.92,0
RB0004,2025-09,8,339.4,225.6,0.6647,0.9641,4737.24,85.0,94.74,527.78,0
RB0004,2025-10,9,345.9,217.0,0.6274,0.9826,4557.02,85.0,91.14,698.71,0
RB0004,2025-11,10,344.9,199.7,0.5788,0.9799,4192.65,85.0,83.85,724.9,1
RB0004,2025-12,11,338.4,192.2,0.568,0.9614,4036.82,85.0,80.74,700.88,0
RB0004,2026-01,12,338.3,215.4,0.6365,0.9612,4522.8,85.0,90.46,463.38,0
RB0004,2026-02,13,336.2,188.1,0.5596,0.9552,3950.9,85.0,79.02,811.02,0
RB0004,2026-03,14,339.7,217.5,0.6402,0.9652,4567.38,85.0,91.35,751.18,0
RB0004,2026-04,15,335.7,215.6,0.6422,0.9536,4526.85,85.0,90.54,767.82,0
RB0004,2026-05,16,346.7,229.2,0.661,0.985,4812.83,85.0,96.26,620.59,0
RB0004,2026-06,17,346.3,195.2,0.5636,0.9839,4099.0,85.0,81.98,619.28,0
RB0005,2025-01,0,343.0,47.6,0.1388,0.9744,999.73,85.0,19.99,530.82,0
RB0005,2025-02,1,346.4,116.2,0.3354,0.9842,2440.22,85.0,48.8,688.43,0
RB0005,2025-03,2,334.9,166.4,0.4969,0.9514,3494.86,85.0,69.9,564.61,0
RB0005,2025-04,3,344.8,195.3,0.5665,0.9794,4101.26,85.0,82.03,627.17,0
RB0005,2025-05,4,341.4,188.0,0.5506,0.9699,3947.44,85.0,78.95,617.74,0
RB0005,2025-06,5,335.4,208.2,0.6209,0.9527,4373.0,85.0,87.46,589.63,0
RB0005,2025-07,6,335.4,219.5,0.6545,0.9527,4609.4,85.0,92.19,779.59,0
RB0005,2025-08,7,343.4,212.8,0.6199,0.9755,4469.62,85.0,89.39,519.59,0
RB0005,2025-09,8,338.3,193.7,0.5726,0.9612,4068.47,85.0,81.37,512.68,0
RB0005,2025-10,9,345.5,190.2,0.5506,0.9816,3995.21,85.0,79.9,481.45,0
RB0005,2025-11,10,339.5,192.6,0.5672,0.9646,4043.97,85.0,80.88,575.09,0
RB0005,2025-12,11,344.7,221.9,0.6438,0.9792,4660.31,85.0,93.21,629.09,0
RB0005,2026-01,12,343.6,211.6,0.6158,0.9761,4443.04,85.0,88.86,708.0,0
RB0005,2026-02,13,347.4,197.3,0.568,0.9869,4143.53,85.0,82.87,654.75,0
RB0005,2026-03,14,336.8,208.5,0.6191,0.9569,4379.48,85.0,87.59,633.9,0
RB0005,2026-04,15,338.9,194.2,0.5729,0.9628,4077.61,85.0,81.55,547.88,0
RB0005,2026-05,16,335.3,189.6,0.5655,0.9527,3982.5,85.0,79.65,776.83,0
RB0005,2026-06,17,342.2,188.8,0.5517,0.9721,3964.58,85.0,79.29,492.3,0
RB0006,2025-01,0,346.0,45.2,0.1306,0.983,903.92,85.0,18.98,928.03,0
RB0006,2025-02,1,343.7,81.5,0.2372,0.9763,1630.16,85.0,34.23,826.69,0
RB0006,2025-03,2,335.4,113.3,0.3379,0.9527,2266.36,85.0,47.59,739.65,0
RB0006,2025-04,3,345.1,166.7,0.4831,0.9805,3334.44,85.0,70.02,823.36,0
RB0006,2025-05,4,348.3,160.4,0.4606,0.9895,3208.46,85.0,67.38,720.16,0
RB0006,2025-06,5,346.3,171.6,0.4953,0.9839,3431.12,85.0,72.05,887.91,0
RB0006,2025-07,6,341.7,174.3,0.51,0.9707,3485.07,85.0,73.19,671.43,0
RB0006,2025-08,7,336.0,160.3,0.4771,0.9546,3206.65,85.0,67.34,526.04,0
RB0006,2025-09,8,343.7,169.8,0.494,0.9765,3396.35,85.0,71.32,827.41,0
RB0006,2025-10,9,340.7,165.2,0.485,0.9679,3304.89,85.0,69.4,575.45,0
RB0006,2025-11,10,343.7,179.1,0.5211,0.9765,3582.39,85.0,75.23,713.62,0
RB0006,2025-12,11,345.9,181.7,0.5253,0.9826,3634.06,85.0,76.32,906.15,0
RB0006,2026-01,12,348.1,169.8,0.4877,0.9889,3395.51,85.0,71.31,763.46,1
RB0006,2026-02,13,345.5,174.0,0.5036,0.9815,3479.41,85.0,73.07,921.7,0
RB0006,2026-03,14,341.4,150.8,0.4417,0.9699,3015.7,85.0,63.33,750.8,0
RB0006,2026-04,15,337.4,175.7,0.5206,0.9586,3513.42,85.0,73.78,739.03,0
RB0006,2026-05,16,337.7,164.9,0.4883,0.9594,3298.07,85.0,69.26,883.75,0
RB0006,2026-06,17,343.6,148.9,0.4332,0.9763,2977.62,85.0,62.53,671.07,0
RB0007,2025-01,0,334.6,17.9,0.0536,0.9504,340.93,85.0,7.54,6050.06,1
RB0007,2025-02,1,314.1,33.6,0.1071,0.8922,639.12,85.0,14.13,3736.26,0
RB0007,2025-03,2,316.1,53.5,0.1694,0.8981,1017.43,85.0,22.49,3812.66,0
RB0007,2025-04,3,315.3,72.0,0.2284,0.8957,1368.42,85.0,30.25,3849.06,0
RB0007,2025-05,4,334.8,68.3,0.2041,0.9513,1298.57,85.0,28.71,3802.41,0
RB0007,2025-06,5,337.8,72.1,0.2136,0.9596,1370.73,85.0,30.3,5448.78,0
RB0007,2025-07,6,309.6,62.8,0.203,0.8795,1194.1,85.0,26.4,3497.45,0
RB0007,2025-08,7,319.0,67.0,0.21,0.9061,1272.63,85.0,28.13,4009.52,0
RB0007,2025-09,8,327.6,68.7,0.2096,0.9306,1304.7,85.0,28.84,3891.59,1
RB0007,2025-10,9,333.4,75.2,0.2257,0.9473,1429.61,85.0,31.6,4907.57,0
RB0007,2025-11,10,327.2,66.8,0.2043,0.9294,1269.63,85.0,28.07,4139.01,0
RB0007,2025-12,11,316.5,63.8,0.2017,0.8992,1213.1,85.0,26.82,5698.03,0
RB0007,2026-01,12,317.6,63.1,0.1986,0.9023,1198.55,85.0,26.49,3836.34,0
RB0007,2026-02,13,313.2,63.9,0.2041,0.8897,1214.24,85.0,26.84,5421.21,0
RB0007,2026-03,14,306.9,71.1,0.2317,0.872,1350.99,85.0,29.86,4117.8,0
RB0007,2026-04,15,331.9,78.7,0.237,0.9428,1494.37,85.0,33.03,5951.21,0
RB0007,2026-05,16,325.3,66.1,0.2031,0.9242,1255.6,85.0,27.76,4325.29,0
RB0007,2026-06,17,333.3,76.1,0.2282,0.9469,1445.36,85.0,31.95,4225.14,0
RB0008,2025-02,0,338.6,65.8,0.1944,0.9621,1448.43,85.0,27.65,431.75,0
RB0008,2025-03,1,346.0,135.6,0.3919,0.9828,2982.96,85.0,56.95,536.74,0
RB0008,2025-04,2,342.4,212.9,0.6217,0.9728,4683.7,85.0,89.42,553.91,0
RB0008,2025-05,3,339.2,276.8,0.8158,0.9638,6088.94,85.0,116.24,674.47,0
RB0008,2025-06,4,343.1,263.7,0.7686,0.9747,5801.74,85.0,110.76,457.83,0
RB0008,2025-07,5,339.4,283.9,0.8366,0.9642,6246.68,85.0,119.25,531.52,0
RB0008,2025-08,6,334.6,278.0,0.8308,0.9505,6115.67,85.0,116.75,802.88,0
RB0008,2025-09,7,336.7,244.0,0.7247,0.9566,5368.78,85.0,102.49,565.38,0
RB0008,2025-10,8,335.9,248.4,0.7394,0.9544,5464.67,85.0,104.33,740.64,0
RB0008,2025-11,9,344.8,293.2,0.8504,0.9794,6449.94,85.0,123.14,635.83,0
RB0008,2025-12,10,335.9,242.7,0.7226,0.9544,5340.11,85.0,101.95,802.58,0
RB0008,2026-01,11,341.0,258.6,0.7584,0.9688,5689.7,85.0,108.62,499.65,0
RB0008,2026-02,12,340.0,280.4,0.8247,0.9658,6167.95,85.0,117.75,812.15,0
RB0008,2026-03,13,342.5,274.3,0.8007,0.9731,6033.84,85.0,115.19,455.96,0
RB0008,2026-04,14,344.1,248.9,0.7233,0.9775,5475.65,85.0,104.54,813.37,0
RB0008,2026-05,15,348.3,296.4,0.8508,0.9896,6520.5,85.0,124.48,440.45,0
RB0008,2026-06,16,343.8,248.4,0.7227,0.9766,5465.77,85.0,104.35,696.85,0
RB0009,2025-02,0,342.2,45.1,0.1319,0.9721,902.92,85.0,18.96,609.09,0
RB0009,2025-03,1,336.3,83.8,0.2491,0.9553,1675.26,85.0,35.18,543.88,0
RB0009,2025-04,2,347.1,126.5,0.3644,0.9862,2530.07,85.0,53.13,893.12,0
RB0009,2025-05,3,347.8,153.6,0.4416,0.9882,3072.22,85.0,64.52,616.28,0
RB0009,2025-06,4,338.0,155.3,0.4595,0.9603,3106.74,85.0,65.24,879.61,0
RB0009,2025-07,5,347.4,159.8,0.46,0.9871,3196.75,85.0,67.13,676.23,0
RB0009,2025-08,6,338.0,170.1,0.5032,0.9601,3401.27,85.0,71.43,579.75,0
RB0009,2025-09,7,345.7,157.7,0.4561,0.9821,3153.22,85.0,66.22,518.89,0
RB0009,2025-10,8,334.5,161.1,0.4815,0.9503,3221.39,85.0,67.65,546.74,0
RB0009,2025-11,9,339.1,171.4,0.5055,0.9634,3428.12,85.0,71.99,1007.03,0
RB0009,2025-12,10,336.4,150.2,0.4466,0.9556,3004.56,85.0,63.1,698.39,0
RB0009,2026-01,11,345.7,161.4,0.4669,0.982,3228.16,85.0,67.79,826.93,0
RB0009,2026-02,12,346.9,169.7,0.4891,0.9855,3393.41,85.0,71.26,969.95,0
RB0009,2026-03,13,336.1,168.8,0.5023,0.9548,3376.62,85.0,70.91,711.28,0
RB0009,2026-04,14,342.5,160.0,0.4672,0.973,3200.53,85.0,67.21,820.72,0
RB0009,2026-05,15,341.9,156.4,0.4575,0.9714,3128.32,85.0,65.69,701.21,0
RB0009,2026-06,16,340.5,161.4,0.4741,0.9672,3228.38,85.0,67.8,671.4,0
RB0010,2025-02,0,338.6,52.5,0.1551,0.9619,1103.1,85.0,22.06,587.23,0
RB0010,2025-03,1,337.1,94.7,0.2809,0.9577,1988.5,85.0,39.77,713.87,0
RB0010,2025-04,2,334.6,154.3,0.4611,0.9505,3240.03,85.0,64.8,433.68,0
RB0010,2025-05,3,342.7,224.4,0.6549,0.9735,4712.9,85.0,94.26,548.24,0
RB0010,2025-06,4,339.7,205.0,0.6035,0.965,4304.45,85.0,86.09,637.68,0
RB0010,2025-07,5,347.9,219.7,0.6315,0.9882,4613.13,85.0,92.26,571.22,0
RB0010,2025-08,6,346.2,222.4,0.6422,0.9837,4669.8,85.0,93.4,426.1,0
RB0010,2025-09,7,341.1,200.4,0.5875,0.9692,4208.78,85.0,84.18,511.59,0
RB0010,2025-10,8,336.2,216.5,0.644,0.9551,4546.47,85.0,90.93,807.96,0
RB0010,2025-11,9,335.0,213.8,0.6382,0.9516,4489.6,85.0,89.79,654.7,0
RB0010,2025-12,10,343.9,190.2,0.5533,0.9769,3995.24,85.0,79.9,581.66,0
RB0010,2026-01,11,342.0,204.3,0.5973,0.9716,4289.53,85.0,85.79,501.37,0
RB0010,2026-02,12,336.9,194.3,0.5766,0.9572,4080.08,85.0,81.6,752.61,0
RB0010,2026-03,13,346.4,200.4,0.5785,0.984,4207.62,85.0,84.15,515.91,0
RB0010,2026-04,14,336.4,217.9,0.6477,0.9556,4575.54,85.0,91.51,537.21,0
RB0010,2026-05,15,340.0,189.2,0.5564,0.966,3973.2,85.0,79.46,633.32,0
RB0010,2026-06,16,336.5,198.9,0.5913,0.9558,4177.55,85.0,83.55,641.61,1
RB0011,2025-02,0,340.2,65.6,0.1929,0.9666,1443.87,85.0,27.56,838.3,0
RB0011,2025-03,1,344.1,133.7,0.3886,0.9774,2941.35,85.0,56.15,796.36,0
RB0011,2025-04,2,338.5,180.4,0.5331,0.9615,3969.31,85.0,75.78,633.17,0
RB0011,2025-05,3,346.9,265.7,0.7661,0.9854,5845.87,85.0,111.6,420.03,0
RB0011,2025-06,4,339.1,278.0,0.8198,0.9633,6114.91,85.0,116.74,676.28,0
RB0011,2025-07,5,336.0,262.1,0.7799,0.9546,5765.6,85.0,110.07,515.37,0
RB0011,2025-08,6,343.8,265.3,0.7717,0.9767,5837.02,85.0,111.43,535.31,0
RB0011,2025-09,7,343.7,265.2,0.7717,0.9764,5834.95,85.0,111.39,591.1,0
RB0011,2025-10,8,345.6,279.5,0.8087,0.9817,6148.37,85.0,117.38,822.25,0
RB0011,2025-11,9,345.6,294.2,0.8511,0.9819,6471.94,85.0,123.56,683.24,1
RB0011,2025-12,10,347.1,269.7,0.777,0.9862,5933.93,85.0,113.28,550.59,0
RB0011,2026-01,11,336.1,241.1,0.7172,0.9548,5303.55,85.0,101.25,566.77,0
RB0011,2026-02,12,342.0,284.7,0.8325,0.9716,6263.23,85.0,119.57,574.48,1
RB0011,2026-03,13,342.1,242.5,0.7088,0.972,5334.94,85.0,101.85,432.22,0
RB0011,2026-04,14,342.8,269.3,0.7857,0.9737,5924.91,85.0,113.11,777.14,0
RB0011,2026-05,15,339.8,256.4,0.7544,0.9655,5640.52,85.0,107.68,543.4,0
RB0011,2026-06,16,337.7,242.9,0.7192,0.9592,5342.8,85.0,102.0,643.52,0
RB0012,2025-02,0,346.5,64.7,0.1866,0.9844,1422.78,85.0,27.16,811.16,0
RB0012,2025-03,1,340.9,122.8,0.3603,0.9685,2702.56,85.0,51.59,835.69,0
RB0012,2025-04,2,341.9,180.7,0.5285,0.9712,3974.73,85.0,75.88,508.12,0
RB0012,2025-05,3,337.0,237.5,0.7048,0.9573,5224.94,85.0,99.75,828.11,0
RB0012,2025-06,4,342.7,265.2,0.7739,0.9735,5834.25,85.0,111.38,697.97,1
RB0012,2025-07,5,339.1,267.1,0.7877,0.9633,5875.73,85.0,112.17,759.78,0
RB0012,2025-08,6,344.5,277.6,0.8058,0.9786,6106.57,85.0,116.58,484.38,0
RB0012,2025-09,7,339.1,270.1,0.7967,0.9633,5943.12,85.0,113.46,757.27,0
RB0012,2025-10,8,335.9,262.0,0.78,0.9542,5763.77,85.0,110.04,609.37,0
RB0012,2025-11,9,345.3,263.4,0.7628,0.9809,5794.42,85.0,110.62,421.31,0
RB0012,2025-12,10,339.5,247.6,0.7294,0.9646,5448.15,85.0,104.01,427.15,0
RB0012,2026-01,11,344.6,250.2,0.7261,0.979,5504.84,85.0,105.09,726.99,0
RB0012,2026-02,12,342.3,270.4,0.7901,0.9724,5949.76,85.0,113.59,620.57,0
RB0012,2026-03,13,341.4,247.4,0.7245,0.97,5441.95,85.0,103.89,746.56,0
RB0012,2026-04,14,334.9,286.2,0.8544,0.9515,6295.48,85.0,120.19,513.89,0
RB0012,2026-05,15,343.4,281.5,0.8198,0.9756,6193.58,85.0,118.24,610.2,0
RB0012,2026-06,16,346.4,248.2,0.7164,0.9841,5459.81,85.0,104.23,606.58,0
RB0013,2025-02,0,336.1,61.6,0.1834,0.9547,1356.12,85.0,25.89,645.01,1
RB0013,2025-03,1,336.4,138.6,0.4119,0.9556,3048.33,85.0,58.2,774.55,0
RB0013,2025-04,2,344.1,190.8,0.5545,0.9777,4198.4,85.0,80.15,582.04,0
RB0013,2025-05,3,348.1,269.6,0.7746,0.9889,5931.81,85.0,113.24,672.46,0
RB0013,2025-06,4,342.0,271.6,0.7943,0.9715,5975.22,85.0,114.07,746.31,0
RB0013,2025-07,5,345.1,249.9,0.7242,0.9805,5498.82,85.0,104.98,807.69,0
RB0013,2025-08,6,334.8,276.5,0.8261,0.951,6083.82,85.0,116.15,580.74,0
RB0013,2025-09,7,341.3,256.1,0.7503,0.9697,5634.08,85.0,107.56,714.12,0
RB0013,2025-10,8,341.2,265.0,0.7766,0.9694,5829.98,85.0,111.3,804.7,0
RB0013,2025-11,9,340.1,267.1,0.7855,0.9662,5877.0,85.0,112.2,763.63,1
RB0013,2025-12,10,347.7,288.9,0.8308,0.9878,6355.26,85.0,121.33,675.51,0
RB0013,2026-01,11,340.0,280.1,0.8239,0.9658,6161.74,85.0,117.63,729.41,0
RB0013,2026-02,12,336.5,239.9,0.7129,0.9559,5276.72,85.0,100.74,606.43,0
RB0013,2026-03,13,340.3,247.4,0.7271,0.9668,5443.72,85.0,103.93,765.43,0
RB0013,2026-04,14,344.0,251.1,0.7299,0.9772,5523.82,85.0,105.45,700.49,0
RB0013,2026-05,15,337.5,270.5,0.8013,0.9589,5950.6,85.0,113.6,711.34,0
RB0013,2026-06,16,340.9,279.6,0.8203,0.9685,6152.02,85.0,117.45,766.25,0
RB0014,2025-02,0,335.5,66.6,0.1985,0.9531,1464.95,85.0,27.97,704.89,0
RB0014,2025-03,1,337.6,129.3,0.3831,0.959,2845.08,85.0,54.32,648.27,0
RB0014,2025-04,2,346.4,192.4,0.5556,0.984,4233.85,85.0,80.83,519.34,0
RB0014,2025-05,3,345.1,252.4,0.7315,0.9804,5553.76,85.0,106.03,654.64,0
RB0014,2025-06,4,348.4,252.5,0.7248,0.9896,5554.59,85.0,106.04,756.52,0
RB0014,2025-07,5,336.2,265.2,0.7886,0.9552,5833.65,85.0,111.37,647.72,0
RB0014,2025-08,6,340.8,261.8,0.7684,0.9681,5760.6,85.0,109.98,673.13,0
RB0014,2025-09,7,336.1,276.8,0.8235,0.9548,6088.68,85.0,116.24,645.96,0
RB0014,2025-10,8,335.6,237.6,0.7079,0.9535,5226.81,85.0,99.78,551.77,0
RB0014,2025-11,9,345.4,282.9,0.8188,0.9814,6222.73,85.0,118.8,731.08,0
RB0014,2025-12,10,339.3,249.7,0.7358,0.964,5493.07,85.0,104.87,678.5,0
RB0014,2026-01,11,340.2,277.6,0.8161,0.9665,6108.16,85.0,116.61,489.5,0
RB0014,2026-02,12,334.6,284.4,0.8501,0.9506,6257.61,85.0,119.46,493.64,0
RB0014,2026-03,13,336.6,273.2,0.8118,0.9561,6011.07,85.0,114.76,734.35,0
RB0014,2026-04,14,338.7,252.9,0.7466,0.9622,5563.44,85.0,106.21,565.68,0
RB0014,2026-05,15,344.1,267.4,0.7771,0.9774,5881.95,85.0,112.29,573.74,0
RB0014,2026-06,16,345.8,245.7,0.7106,0.9824,5405.96,85.0,103.2,808.22,0
RB0015,2025-02,0,338.4,39.8,0.1177,0.9613,796.5,85.0,16.73,911.69,0
RB0015,2025-03,1,348.3,78.8,0.2263,0.9896,1576.48,85.0,33.11,691.06,0
RB0015,2025-04,2,347.4,123.3,0.3549,0.987,2466.04,85.0,51.79,562.19,0
RB0015,2025-05,3,344.9,177.3,0.5141,0.98,3546.69,85.0,74.48,719.46,0
RB0015,2025-06,4,337.5,161.4,0.4782,0.9588,3227.52,85.0,67.78,638.99,0
RB0015,2025-07,5,344.1,176.2,0.512,0.9776,3523.81,85.0,74.0,655.25,0
RB0015,2025-08,6,344.9,178.7,0.5182,0.9798,3574.32,85.0,75.06,965.69,0
RB0015,2025-09,7,345.2,160.4,0.4647,0.9806,3208.41,85.0,67.38,707.24,0
RB0015,2025-10,8,335.1,158.4,0.4726,0.9521,3167.68,85.0,66.52,647.91,0
RB0015,2025-11,9,343.7,166.9,0.4855,0.9764,3337.0,85.0,70.08,894.54,0
RB0015,2025-12,10,347.0,166.2,0.479,0.9859,3324.75,85.0,69.82,584.97,0
RB0015,2026-01,11,340.0,172.8,0.5083,0.9658,3455.93,85.0,72.57,748.82,0
RB0015,2026-02,12,338.3,173.6,0.513,0.9612,3471.76,85.0,72.91,690.26,0
RB0015,2026-03,13,340.1,166.7,0.4903,0.9662,3334.79,85.0,70.03,684.71,0
RB0015,2026-04,14,335.4,160.5,0.4785,0.9528,3209.49,85.0,67.4,868.31,0
RB0015,2026-05,15,347.9,157.0,0.4515,0.9882,3140.98,85.0,65.96,731.97,0
RB0015,2026-06,16,342.6,153.0,0.4466,0.9734,3060.45,85.0,64.27,642.27,0
RB0016,2025-02,0,340.2,48.6,0.1429,0.9664,1021.05,85.0,20.42,551.28,0
RB0016,2025-03,1,347.9,108.7,0.3124,0.9883,2282.31,85.0,45.65,659.92,0
RB0016,2025-04,2,345.9,169.6,0.4903,0.9827,3561.36,85.0,71.23,566.15,0
RB0016,2025-05,3,343.1,198.3,0.5779,0.9747,4163.38,85.0,83.27,475.66,1
RB0016,2025-06,4,339.7,205.4,0.6048,0.965,4314.24,85.0,86.28,495.02,0
RB0016,2025-07,5,344.2,220.0,0.6392,0.9779,4620.4,85.0,92.41,536.67,0
RB0016,2025-08,6,338.7,218.5,0.6451,0.9621,4587.79,85.0,91.76,729.92,0
RB0016,2025-09,7,347.5,201.1,0.5788,0.9872,4223.65,85.0,84.47,421.9,0
RB0016,2025-10,8,347.3,225.9,0.6503,0.9868,4743.69,85.0,94.87,612.28,0
RB0016,2025-11,9,345.8,227.7,0.6584,0.9824,4781.34,85.0,95.63,431.78,0
RB0016,2025-12,10,338.9,196.8,0.5806,0.9628,4132.38,85.0,82.65,560.26,0
RB0016,2026-01,11,334.9,195.7,0.5842,0.9515,4108.69,85.0,82.17,499.83,0
RB0016,2026-02,12,345.2,207.2,0.6003,0.9806,4351.29,85.0,87.03,425.01,0
RB0016,2026-03,13,337.4,193.1,0.5721,0.9587,4054.22,85.0,81.08,812.23,0
RB0016,2026-04,14,337.3,188.6,0.5592,0.9581,3960.34,85.0,79.21,610.99,0
RB0016,2026-05,15,339.3,199.9,0.5891,0.964,4197.66,85.0,83.95,684.38,0
RB0016,2026-06,16,342.8,195.3,0.5697,0.9738,4100.8,85.0,82.02,639.62,0
RB0017,2025-02,0,338.9,65.7,0.1939,0.9627,1445.77,85.0,27.6,812.73,0
RB0017,2025-03,1,336.6,139.6,0.4147,0.9563,3071.05,85.0,58.63,642.42,0
RB0017,2025-04,2,347.4,215.6,0.6205,0.9869,4742.34,85.0,90.54,681.88,0
RB0017,2025-05,3,344.6,276.7,0.8029,0.979,6086.89,85.0,116.2,812.28,0
RB0017,2025-06,4,338.4,283.9,0.8389,0.9614,6245.97,85.0,119.24,549.95,0
RB0017,2025-07,5,335.4,277.1,0.8262,0.9527,6095.62,85.0,116.37,719.48,0
RB0017,2025-08,6,344.3,277.9,0.807,0.9782,6113.4,85.0,116.71,462.63,0
RB0017,2025-09,7,340.4,264.2,0.7759,0.9672,5811.67,85.0,110.95,734.42,0
RB0017,2025-10,8,338.8,256.5,0.757,0.9626,5643.24,85.0,107.73,757.42,0
RB0017,2025-11,9,347.4,283.4,0.8158,0.9868,6234.44,85.0,119.02,698.53,0
RB0017,2025-12,10,336.6,266.5,0.7918,0.9562,5862.84,85.0,111.93,685.38,0
RB0017,2026-01,11,344.4,293.6,0.8525,0.9783,6458.48,85.0,123.3,437.81,0
RB0017,2026-02,12,345.8,289.0,0.8357,0.9823,6356.97,85.0,121.36,609.22,0
RB0017,2026-03,13,335.2,284.7,0.8494,0.9523,6263.87,85.0,119.58,823.3,0
RB0017,2026-04,14,337.2,275.8,0.8179,0.9579,6066.81,85.0,115.82,600.43,0
RB0017,2026-05,15,337.5,282.6,0.8372,0.9589,6216.8,85.0,118.68,472.95,0
RB0017,2026-06,16,348.2,254.1,0.7296,0.9893,5589.59,85.0,106.71,612.69,0
RB0018,2025-02,0,335.5,49.2,0.1466,0.953,1032.97,85.0,20.66,819.35,0
RB0018,2025-03,1,346.5,96.0,0.277,0.9844,2015.51,85.0,40.31,578.29,0
RB0018,2025-04,2,345.2,150.7,0.4367,0.9806,3165.07,85.0,63.3,527.06,0
RB0018,2025-05,3,344.7,231.0,0.6702,0.9793,4851.93,85.0,97.04,433.64,0
RB0018,2025-06,4,337.3,221.6,0.6571,0.9581,4654.26,85.0,93.09,564.89,0
RB0018,2025-07,5,336.6,206.9,0.6145,0.9563,4344.26,85.0,86.89,469.05,0
RB0018,2025-08,6,338.4,195.0,0.5764,0.9613,4095.72,85.0,81.91,833.64,0
RB0018,2025-09,7,337.2,214.9,0.6373,0.9581,4513.58,85.0,90.27,586.69,0
RB0018,2025-10,8,340.8,213.0,0.6248,0.9683,4472.26,85.0,89.45,774.36,0
RB0018,2025-11,9,347.6,220.1,0.6333,0.9876,4622.96,85.0,92.46,723.05,0
RB0018,2025-12,10,344.3,197.9,0.5746,0.9782,4154.96,85.0,83.1,750.64,0
RB0018,2026-01,11,338.8,195.4,0.5769,0.9624,4104.04,85.0,82.08,692.72,0
RB0018,2026-02,12,336.0,221.4,0.6589,0.9546,4649.14,85.0,92.98,502.35,0
RB0018,2026-03,13,334.7,207.0,0.6186,0.9508,4347.48,85.0,86.95,701.99,0
RB0018,2026-04,14,338.9,203.9,0.6018,0.9627,4282.9,85.0,85.66,574.34,0
RB0018,2026-05,15,340.7,195.9,0.5751,0.9679,4114.42,85.0,82.29,476.14,0
RB0018,2026-06,16,337.8,210.3,0.6224,0.9597,4415.26,85.0,88.31,464.04,0
RB0019,2025-02,0,342.8,45.1,0.1315,0.9739,901.66,85.0,18.93,859.25,0
RB0019,2025-03,1,347.3,81.1,0.2335,0.9866,1621.6,85.0,34.05,693.94,0
RB0019,2025-04,2,335.1,132.4,0.3951,0.9519,2647.63,85.0,55.6,640.49,0
RB0019,2025-05,3,347.5,161.6,0.465,0.9872,3231.63,85.0,67.86,645.17,0
RB0019,2025-06,4,347.8,166.4,0.4785,0.9881,3328.48,85.0,69.9,595.13,0
RB0019,2025-07,5,336.1,160.5,0.4774,0.9549,3209.36,85.0,67.4,994.02,0
RB0019,2025-08,6,335.0,174.4,0.5207,0.9516,3488.24,85.0,73.25,604.25,0
RB0019,2025-09,7,339.2,164.3,0.4843,0.9637,3285.48,85.0,69.0,583.5,0
RB0019,2025-10,8,345.2,171.7,0.4975,0.9805,3434.02,85.0,72.11,507.14,0
RB0019,2025-11,9,347.5,180.9,0.5207,0.9872,3618.8,85.0,75.99,643.18,0
RB0019,2025-12,10,339.0,150.8,0.4448,0.9631,3016.05,85.0,63.34,571.76,1
RB0019,2026-01,11,345.0,169.8,0.4923,0.9801,3396.89,85.0,71.33,909.78,0
RB0019,2026-02,12,338.2,157.9,0.4668,0.9608,3157.46,85.0,66.31,550.12,0
RB0019,2026-03,13,337.0,163.7,0.4857,0.9575,3273.76,85.0,68.75,603.55,0
RB0019,2026-04,14,348.4,153.2,0.4397,0.9899,3063.93,85.0,64.34,805.14,0
RB0019,2026-05,15,335.2,159.2,0.475,0.9522,3183.85,85.0,66.86,593.36,0
RB0019,2026-06,16,335.7,172.4,0.5135,0.9538,3447.65,85.0,72.4,569.13,0
RB0020,2025-03,0,338.6,63.9,0.1887,0.9618,1405.33,85.0,26.83,602.72,0
RB0020,2025-04,1,343.5,129.7,0.3775,0.9757,2852.31,85.0,54.45,618.96,0
RB0020,2025-05,2,336.4,211.8,0.6297,0.9557,4660.53,85.0,88.97,514.38,0
RB0020,2025-06,3,337.3,285.9,0.8474,0.9583,6288.82,85.0,120.06,803.37,1
RB0020,2025-07,4,346.4,249.7,0.7207,0.9842,5492.71,85.0,104.86,554.42,0
RB0020,2025-08,5,335.8,284.3,0.8464,0.9541,6253.63,85.0,119.39,689.52,0
RB0020,2025-09,6,342.9,270.4,0.7885,0.9742,5948.11,85.0,113.55,714.58,0
RB0020,2025-10,7,342.5,269.2,0.7859,0.9731,5921.92,85.0,113.05,655.02,0
RB0020,2025-11,8,340.0,248.5,0.7309,0.9658,5466.58,85.0,104.36,422.78,0
RB0020,2025-12,9,339.9,274.1,0.8064,0.9657,6030.55,85.0,115.13,599.86,0
RB0020,2026-01,10,338.5,281.7,0.8319,0.9618,6196.31,85.0,118.29,724.57,0
RB0020,2026-02,11,343.7,294.7,0.8575,0.9765,6484.41,85.0,123.79,551.95,0
RB0020,2026-03,12,344.5,252.7,0.7335,0.9788,5560.13,85.0,106.15,726.98,0
RB0020,2026-04,13,335.8,278.7,0.8299,0.9539,6130.4,85.0,117.03,646.11,0
RB0020,2026-05,14,344.4,250.9,0.7284,0.9784,5519.27,85.0,105.37,565.71,0
RB0020,2026-06,15,343.5,263.3,0.7665,0.9757,5791.98,85.0,110.57,838.67,0
RB0021,2025-03,0,336.9,53.9,0.1601,0.9571,1132.63,85.0,22.65,622.62,0
RB0021,2025-04,1,338.3,111.1,0.3286,0.961,2333.99,85.0,46.68,587.65,0
RB0021,2025-05,2,346.5,162.8,0.4699,0.9844,3419.05,85.0,68.38,473.61,0
RB0021,2025-06,3,339.2,208.4,0.6144,0.9635,4375.58,85.0,87.51,759.99,0
RB0021,2025-07,4,335.2,206.8,0.617,0.9523,4342.93,85.0,86.86,687.31,0
RB0021,2025-08,5,341.4,227.3,0.6657,0.97,4773.2,85.0,95.46,716.22,0
RB0021,2025-09,6,347.2,198.2,0.5708,0.9865,4161.96,85.0,83.24,480.62,0
RB0021,2025-10,7,346.5,213.4,0.6158,0.9843,4480.81,85.0,89.62,752.67,0
RB0021,2025-11,8,338.6,203.3,0.6003,0.962,4268.84,85.0,85.38,828.13,1
RB0021,2025-12,9,339.1,226.4,0.6677,0.9634,4755.3,85.0,95.11,468.07,0
RB0021,2026-01,10,340.7,198.6,0.583,0.9679,4171.19,85.0,83.42,686.58,0
RB0021,2026-02,11,343.7,224.3,0.6525,0.9763,4709.31,85.0,94.19,451.04,0
RB0021,2026-03,12,334.6,189.1,0.5651,0.9505,3970.57,85.0,79.41,638.19,0
RB0021,2026-04,13,342.8,199.3,0.5814,0.974,4185.99,85.0,83.72,750.28,0
RB0021,2026-05,14,334.8,211.6,0.6318,0.9512,4442.67,85.0,88.85,598.9,0
RB0021,2026-06,15,338.6,186.9,0.5521,0.9618,3925.43,85.0,78.51,737.91,0
RB0022,2025-03,0,340.7,41.9,0.1229,0.9678,837.09,85.0,17.58,712.27,0
RB0022,2025-04,1,340.1,81.9,0.2409,0.9662,1638.68,85.0,34.41,700.0,0
RB0022,2025-05,2,336.4,125.1,0.3719,0.9556,2502.24,85.0,52.55,918.98,0
RB0022,2025-06,3,347.7,175.0,0.5032,0.9879,3499.72,85.0,73.49,640.46,0
RB0022,2025-07,4,348.3,172.4,0.4951,0.9894,3448.84,85.0,72.43,673.18,0
RB0022,2025-08,5,347.5,154.2,0.4436,0.9873,3083.39,85.0,64.75,990.6,0
RB0022,2025-09,6,344.3,158.9,0.4614,0.9782,3177.32,85.0,66.72,661.68,0
RB0022,2025-10,7,341.6,172.7,0.5056,0.9704,3454.21,85.0,72.54,727.88,1
RB0022,2025-11,8,343.0,168.1,0.4902,0.9745,3362.8,85.0,70.62,538.5,0
RB0022,2025-12,9,342.2,171.3,0.5005,0.9722,3425.37,85.0,71.93,670.49,0
RB0022,2026-01,10,339.2,174.5,0.5145,0.9636,3490.08,85.0,73.29,973.16,0
RB0022,2026-02,11,346.4,162.9,0.4703,0.9841,3257.97,85.0,68.42,733.49,0
RB0022,2026-03,12,346.2,167.3,0.4831,0.9836,3345.01,85.0,70.25,696.46,0
RB0022,2026-04,13,346.5,182.5,0.5266,0.9843,3649.25,85.0,76.63,844.42,0
RB0022,2026-05,14,343.4,168.0,0.4892,0.9756,3359.6,85.0,70.55,656.97,0
RB0022,2026-06,15,335.8,165.0,0.4913,0.9541,3299.86,85.0,69.3,825.27,0
RB0023,2025-03,0,313.1,49.0,0.1564,0.8894,1028.39,85.0,20.57,2373.49,0
RB0023,2025-04,1,330.3,100.0,0.3028,0.9385,2100.83,85.0,42.02,4440.3,1
RB0023,2025-05,2,306.6,131.9,0.4301,0.871,2769.23,85.0,55.38,2355.0,0
RB0023,2025-06,3,337.3,220.2,0.6529,0.9582,4624.28,85.0,92.49,3417.77,0
RB0023,2025-07,4,336.8,191.0,0.5671,0.9568,4010.73,85.0,80.21,2956.58,0
RB0023,2025-08,5,318.3,185.8,0.5835,0.9044,3901.02,85.0,78.02,4513.89,0
RB0023,2025-09,6,309.6,193.8,0.6258,0.8796,4069.15,85.0,81.38,2920.1,0
RB0023,2025-10,7,342.3,193.8,0.5662,0.9724,4070.05,85.0,81.4,4143.2,0
RB0023,2025-11,8,312.5,193.8,0.6202,0.8877,4069.71,85.0,81.39,3653.68,0
RB0023,2025-12,9,326.7,199.0,0.6092,0.928,4178.76,85.0,83.58,4058.36,0
RB0023,2026-01,10,328.9,209.1,0.6357,0.9343,4390.64,85.0,87.81,4312.29,0
RB0023,2026-02,11,328.1,180.4,0.5498,0.9321,3788.11,85.0,75.76,2968.32,1
RB0023,2026-03,12,313.9,195.6,0.6232,0.8916,4107.24,85.0,82.14,2540.45,0
RB0023,2026-04,13,312.1,203.6,0.6524,0.8868,4276.52,85.0,85.53,3815.96,0
RB0023,2026-05,14,326.6,199.4,0.6105,0.9277,4186.97,85.0,83.74,4466.93,0
RB0023,2026-06,15,335.7,216.0,0.6436,0.9536,4536.67,85.0,90.73,3390.33,0
RB0024,2025-03,0,333.0,52.9,0.1588,0.9459,1110.11,85.0,22.2,3544.8,1
RB0024,2025-04,1,331.4,98.9,0.2985,0.9415,2077.19,85.0,41.54,2898.55,0
RB0024,2025-05,2,321.2,135.1,0.4205,0.9124,2836.34,85.0,56.73,2883.38,0
RB0024,2025-06,3,309.9,178.0,0.5744,0.8805,3738.29,85.0,74.77,2663.89,1
RB0024,2025-07,4,322.1,192.3,0.5969,0.9151,4037.96,85.0,80.76,2834.2,0
RB0024,2025-08,5,316.3,177.0,0.5595,0.8986,3716.79,85.0,74.34,3162.03,0
RB0024,2025-09,6,315.2,197.2,0.6257,0.8954,4141.72,85.0,82.83,3448.81,0
RB0024,2025-10,7,309.1,171.2,0.5537,0.8783,3594.61,85.0,71.89,2625.51,1
RB0024,2025-11,8,314.5,185.2,0.5889,0.8935,3889.32,85.0,77.79,4472.6,0
RB0024,2025-12,9,307.0,203.9,0.6643,0.8721,4282.52,85.0,85.65,3466.54,0
RB0024,2026-01,10,337.0,187.6,0.5566,0.9574,3938.91,85.0,78.78,3238.55,0
RB0024,2026-02,11,333.5,214.4,0.6429,0.9473,4502.02,85.0,90.04,3120.14,0
RB0024,2026-03,12,306.4,176.1,0.5747,0.8704,3697.9,85.0,73.96,3034.92,0
RB0024,2026-04,13,341.1,203.6,0.5969,0.9692,4276.59,85.0,85.53,2806.54,0
RB0024,2026-05,14,339.2,222.4,0.6556,0.9637,4670.48,85.0,93.41,3368.29,0
RB0024,2026-06,15,337.2,201.0,0.596,0.958,4221.12,85.0,84.42,2477.76,0
RB0025,2025-03,0,339.6,56.2,0.1655,0.9648,1180.36,85.0,23.61,789.19,1
RB0025,2025-04,1,338.4,105.6,0.3122,0.9614,2218.58,85.0,44.37,598.95,0
RB0025,2025-05,2,342.3,142.0,0.4148,0.9724,2981.85,85.0,59.64,426.19,0
RB0025,2025-06,3,334.4,206.3,0.6167,0.9501,4331.28,85.0,86.63,445.42,1
RB0025,2025-07,4,341.0,195.8,0.5742,0.9686,4111.33,85.0,82.23,471.8,0
RB0025,2025-08,5,337.0,223.6,0.6633,0.9575,4694.8,85.0,93.9,431.43,0
RB0025,2025-09,6,337.7,186.9,0.5535,0.9595,3925.63,85.0,78.51,577.22,0
RB0025,2025-10,7,336.1,211.0,0.6279,0.9547,4431.49,85.0,88.63,528.61,0
RB0025,2025-11,8,336.4,222.0,0.66,0.9557,4662.77,85.0,93.26,777.85,1
RB0025,2025-12,9,335.0,188.6,0.5628,0.9518,3959.65,85.0,79.19,515.78,0
RB0025,2026-01,10,335.7,217.5,0.6479,0.9538,4567.97,85.0,91.36,610.66,0
RB0025,2026-02,11,343.1,211.3,0.616,0.9747,4438.33,85.0,88.77,605.89,0
RB0025,2026-03,12,337.7,218.1,0.646,0.9593,4580.89,85.0,91.62,623.97,0
RB0025,2026-04,13,336.3,198.8,0.591,0.9554,4173.95,85.0,83.48,522.85,0
RB0025,2026-05,14,342.6,195.9,0.5719,0.9733,4114.85,85.0,82.3,671.22,0
RB0025,2026-06,15,342.7,208.6,0.6086,0.9737,4380.52,85.0,87.61,539.5,0
RB0026,2025-03,0,337.4,48.0,0.1423,0.9585,1008.11,85.0,20.16,644.59,0
RB0026,2025-04,1,340.0,105.6,0.3106,0.9658,2217.31,85.0,44.35,515.07,0
RB0026,2025-05,2,339.4,168.9,0.4976,0.9642,3546.44,85.0,70.93,626.52,0
RB0026,2025-06,3,343.8,218.8,0.6365,0.9768,4595.57,85.0,91.91,624.96,0
RB0026,2025-07,4,339.7,222.2,0.6541,0.965,4665.59,85.0,93.31,775.73,0
RB0026,2025-08,5,336.5,207.9,0.618,0.956,4366.81,85.0,87.34,469.09,0
RB0026,2025-09,6,342.3,188.9,0.5519,0.9723,3966.53,85.0,79.33,487.24,0
RB0026,2025-10,7,346.7,230.5,0.6649,0.9849,4840.68,85.0,96.81,647.91,0
RB0026,2025-11,8,339.7,207.0,0.6094,0.9651,4347.22,85.0,86.94,546.69,0
RB0026,2025-12,9,338.5,222.3,0.6569,0.9616,4669.12,85.0,93.38,633.47,0
RB0026,2026-01,10,345.5,225.1,0.6514,0.9815,4726.37,85.0,94.53,774.36,0
RB0026,2026-02,11,339.0,194.9,0.5748,0.963,4092.23,85.0,81.84,766.04,0
RB0026,2026-03,12,342.7,191.2,0.5581,0.9734,4015.88,85.0,80.32,693.14,0
RB0026,2026-04,13,347.0,231.0,0.6658,0.9858,4851.39,85.0,97.03,505.6,0
RB0026,2026-05,14,346.9,207.1,0.5969,0.9856,4348.54,85.0,86.97,682.21,0
RB0026,2026-06,15,348.5,211.3,0.6064,0.99,4437.25,85.0,88.74,726.01,0
RB0027,2025-03,0,324.9,54.2,0.1667,0.923,1137.24,85.0,22.74,3080.91,0
RB0027,2025-04,1,334.3,95.1,0.2846,0.9496,1997.91,85.0,39.96,3005.45,0
RB0027,2025-05,2,321.9,133.2,0.4138,0.9144,2796.97,85.0,55.94,3938.28,0
RB0027,2025-06,3,309.0,186.6,0.604,0.8779,3919.54,85.0,78.39,3715.1,0
RB0027,2025-07,4,315.7,182.3,0.5772,0.897,3827.53,85.0,76.55,3484.31,0
RB0027,2025-08,5,337.6,202.0,0.5983,0.959,4241.06,85.0,84.82,3177.44,1
RB0027,2025-09,6,322.7,214.5,0.6648,0.9168,4505.04,85.0,90.1,3743.08,1
RB0027,2025-10,7,332.0,183.7,0.5532,0.9433,3857.33,85.0,77.15,4284.3,0
RB0027,2025-11,8,341.7,192.1,0.5621,0.9708,4033.82,85.0,80.68,4539.6,0
RB0027,2025-12,9,337.8,205.4,0.608,0.9596,4312.7,85.0,86.25,2917.72,1
RB0027,2026-01,10,320.8,190.0,0.5921,0.9115,3989.75,85.0,79.79,3415.35,0
RB0027,2026-02,11,326.0,202.1,0.62,0.926,4244.09,85.0,84.88,3287.1,1
RB0027,2026-03,12,321.4,189.2,0.5888,0.913,3973.79,85.0,79.48,2518.45,1
RB0027,2026-04,13,321.5,182.5,0.5676,0.9134,3832.36,85.0,76.65,2647.93,0
RB0027,2026-05,14,341.6,211.0,0.6177,0.9705,4431.57,85.0,88.63,3560.5,0
RB0027,2026-06,15,338.4,209.7,0.6196,0.9613,4402.76,85.0,88.06,3046.19,0
RB0028,2025-03,0,347.9,49.9,0.1433,0.9884,1046.93,85.0,20.94,736.21,0
RB0028,2025-04,1,340.7,112.9,0.3313,0.9679,2370.48,85.0,47.41,641.89,0
RB0028,2025-05,2,339.6,155.7,0.4586,0.9646,3270.17,85.0,65.4,659.41,1
RB0028,2025-06,3,337.3,219.6,0.651,0.9582,4611.39,85.0,92.23,790.09,0
RB0028,2025-07,4,341.3,215.7,0.632,0.9695,4528.73,85.0,90.57,658.83,0
RB0028,2025-08,5,340.4,211.2,0.6204,0.967,4434.56,85.0,88.69,805.37,0
RB0028,2025-09,6,346.3,198.3,0.5728,0.9837,4164.81,85.0,83.3,679.64,0
RB0028,2025-10,7,343.0,211.4,0.6164,0.9745,4440.34,85.0,88.81,650.36,0
RB0028,2025-11,8,336.6,199.8,0.5936,0.9564,4196.56,85.0,83.93,693.59,0
RB0028,2025-12,9,342.0,196.2,0.5738,0.9715,4120.65,85.0,82.41,758.87,0
RB0028,2026-01,10,347.2,230.7,0.6643,0.9864,4843.77,85.0,96.88,572.84,0
RB0028,2026-02,11,334.6,186.6,0.5576,0.9507,3918.63,85.0,78.37,551.39,0
RB0028,2026-03,12,344.0,207.0,0.6017,0.9772,4346.16,85.0,86.92,643.94,0
RB0028,2026-04,13,341.6,224.1,0.6559,0.9705,4705.73,85.0,94.11,664.39,0
RB0028,2026-05,14,344.8,209.2,0.6069,0.9794,4394.16,85.0,87.88,504.02,0
RB0028,2026-06,15,337.5,193.1,0.5721,0.9588,4054.49,85.0,81.09,644.61,0
RB0029,2025-03,0,335.9,67.0,0.1996,0.9543,1474.71,85.0,28.15,474.12,0
RB0029,2025-04,1,338.6,127.8,0.3773,0.9619,2810.62,85.0,53.66,694.75,0
RB0029,2025-05,2,341.7,202.2,0.5916,0.9709,4448.23,85.0,84.92,768.72,0
RB0029,2025-06,3,343.2,290.1,0.8451,0.9751,6381.49,85.0,121.83,669.57,0
RB0029,2025-07,4,335.2,242.8,0.7243,0.9524,5341.76,85.0,101.98,809.56,0
RB0029,2025-08,5,337.8,257.4,0.7621,0.9597,5663.8,85.0,108.13,821.27,0
RB0029,2025-09,6,339.7,253.5,0.7464,0.965,5577.84,85.0,106.49,544.15,0
RB0029,2025-10,7,335.8,254.6,0.7581,0.954,5600.73,85.0,106.92,680.06,0
RB0029,2025-11,8,336.1,285.8,0.8502,0.9549,6286.98,85.0,120.02,749.48,0
RB0029,2025-12,9,339.5,243.9,0.7183,0.9645,5364.83,85.0,102.42,435.34,0
RB0029,2026-01,10,347.5,251.3,0.7233,0.9871,5528.86,85.0,105.55,557.61,0
RB0029,2026-02,11,340.4,263.7,0.7747,0.9671,5801.38,85.0,110.75,717.54,0
RB0029,2026-03,12,341.2,278.9,0.8172,0.9694,6135.25,85.0,117.13,613.88,0
RB0029,2026-04,13,339.5,249.0,0.7335,0.9645,5478.63,85.0,104.59,836.26,0
RB0029,2026-05,14,340.0,267.4,0.7867,0.9658,5883.65,85.0,112.32,804.33,0
RB0029,2026-06,15,348.1,277.6,0.7974,0.989,6107.29,85.0,116.59,531.87,0
RB0030,2025-03,0,337.7,44.4,0.1314,0.9593,887.27,85.0,18.63,733.44,1
RB0030,2025-04,1,342.1,88.8,0.2596,0.9719,1776.54,85.0,37.31,930.29,0
RB0030,2025-05,2,338.5,127.0,0.3752,0.9617,2540.55,85.0,53.35,645.1,0
RB0030,2025-06,3,335.1,174.0,0.5193,0.9519,3480.13,85.0,73.08,576.96,0
RB0030,2025-07,4,341.3,170.3,0.4989,0.9695,3405.11,85.0,71.51,627.35,0
RB0030,2025-08,5,343.0,177.2,0.5167,0.9743,3544.41,85.0,74.43,752.72,0
RB0030,2025-09,6,340.0,159.1,0.4679,0.9658,3181.5,85.0,66.81,934.06,0
RB0030,2025-10,7,345.2,178.8,0.518,0.9806,3575.98,85.0,75.1,666.04,0
RB0030,2025-11,8,345.2,150.7,0.4367,0.9806,3014.37,85.0,63.3,718.9,0
RB0030,2025-12,9,342.2,151.8,0.4435,0.9723,3035.47,85.0,63.74,850.47,0
RB0030,2026-01,10,345.6,159.4,0.4613,0.9818,3188.62,85.0,66.96,987.38,0
RB0030,2026-02,11,345.7,166.3,0.481,0.9821,3325.62,85.0,69.84,931.42,0
RB0030,2026-03,12,336.2,150.5,0.4477,0.9551,3010.47,85.0,63.22,843.29,0
RB0030,2026-04,13,347.7,179.2,0.5154,0.9878,3583.76,85.0,75.26,722.08,1
RB0030,2026-05,14,342.4,172.3,0.5032,0.9727,3445.57,85.0,72.36,691.7,0
RB0030,2026-06,15,337.9,154.6,0.4575,0.96,3091.64,85.0,64.92,634.13,0
RB0031,2025-04,0,338.6,17.3,0.051,0.9621,328.08,85.0,7.25,977.35,0
RB0031,2025-05,1,334.6,39.9,0.1194,0.9505,758.93,85.0,16.78,651.4,0
RB0031,2025-06,2,343.9,57.6,0.1674,0.9769,1093.72,85.0,24.18,986.86,0
RB0031,2025-07,3,336.7,78.8,0.2341,0.9565,1497.71,85.0,33.11,842.53,0
RB0031,2025-08,4,340.2,68.2,0.2004,0.9663,1295.16,85.0,28.63,1115.41,0
RB0031,2025-09,5,342.6,82.0,0.2395,0.9732,1558.85,85.0,34.46,979.92,0
RB0031,2025-10,6,343.9,72.3,0.2103,0.9771,1374.49,85.0,30.38,886.32,1
RB0031,2025-11,7,335.5,75.2,0.2241,0.9531,1428.65,85.0,31.58,1055.48,0
RB0031,2025-12,8,348.0,80.4,0.2309,0.9886,1526.82,85.0,33.75,1123.84,0
RB0031,2026-01,9,344.4,83.3,0.2419,0.9786,1583.36,85.0,35.0,673.85,0
RB0031,2026-02,10,337.7,71.5,0.2116,0.9595,1357.7,85.0,30.01,960.91,0
RB0031,2026-03,11,348.2,71.2,0.2046,0.9892,1353.35,85.0,29.92,721.26,0
RB0031,2026-04,12,338.1,73.7,0.2178,0.9606,1399.49,85.0,30.94,996.71,0
RB0031,2026-05,13,336.3,80.4,0.239,0.9555,1527.05,85.0,33.76,595.69,0
RB0031,2026-06,14,346.3,71.9,0.2077,0.9839,1366.92,85.0,30.22,890.58,1
RB0032,2025-04,0,343.3,71.7,0.209,0.9752,1578.25,85.0,30.13,821.97,0
RB0032,2025-05,1,343.9,138.7,0.4032,0.977,3050.52,85.0,58.24,806.58,0
RB0032,2025-06,2,338.6,216.9,0.6405,0.962,4771.93,85.0,91.1,814.89,0
RB0032,2025-07,3,342.7,282.2,0.8236,0.9736,6209.42,85.0,118.54,477.46,0
RB0032,2025-08,4,335.5,241.0,0.7183,0.9531,5301.58,85.0,101.21,777.96,0
RB0032,2025-09,5,344.0,291.5,0.8474,0.9772,6413.12,85.0,122.43,486.43,0
RB0032,2025-10,6,347.4,272.9,0.7857,0.9868,6004.5,85.0,114.63,609.84,0
RB0032,2025-11,7,335.5,285.2,0.8501,0.9531,6274.73,85.0,119.79,730.3,0
RB0032,2025-12,8,348.4,283.4,0.8136,0.9896,6234.87,85.0,119.03,449.96,0
RB0032,2026-01,9,345.8,292.0,0.8444,0.9824,6423.91,85.0,122.64,619.13,0
RB0032,2026-02,10,342.3,276.7,0.8085,0.9724,6087.83,85.0,116.22,543.41,0
RB0032,2026-03,11,348.5,296.4,0.8507,0.9899,6521.4,85.0,124.5,529.56,0
RB0032,2026-04,12,338.4,269.5,0.7965,0.9612,5929.36,85.0,113.2,793.42,0
RB0032,2026-05,13,336.5,239.1,0.7105,0.9561,5260.4,85.0,100.43,482.76,0
RB0032,2026-06,14,345.0,293.6,0.8511,0.9802,6459.81,85.0,123.32,552.94,1
RB0033,2025-04,0,345.2,66.6,0.193,0.9806,1465.41,85.0,27.98,514.77,0
RB0033,2025-05,1,346.7,142.3,0.4105,0.985,3131.53,85.0,59.78,483.22,0
RB0033,2025-06,2,337.3,188.9,0.56,0.9583,4155.74,85.0,79.34,748.51,0
RB0033,2025-07,3,344.5,294.6,0.8552,0.9786,6480.96,85.0,123.73,495.67,0
RB0033,2025-08,4,342.4,244.7,0.7148,0.9726,5383.9,85.0,102.78,743.93,0
RB0033,2025-09,5,346.0,261.0,0.7542,0.983,5741.24,85.0,109.61,727.99,0
RB0033,2025-10,6,341.0,276.0,0.8092,0.9688,6070.92,85.0,115.9,494.67,0
RB0033,2025-11,7,342.8,280.2,0.8172,0.974,6164.11,85.0,117.68,832.88,0
RB0033,2025-12,8,346.7,292.9,0.8447,0.9849,6443.0,85.0,123.0,817.01,0
RB0033,2026-01,9,347.7,284.7,0.8188,0.9878,6262.8,85.0,119.56,760.35,0
RB0033,2026-02,10,342.6,272.7,0.7958,0.9734,5998.86,85.0,114.52,780.84,0
RB0033,2026-03,11,346.7,253.9,0.7323,0.985,5586.02,85.0,106.64,686.34,0
RB0033,2026-04,12,335.0,253.5,0.7567,0.9517,5576.83,85.0,106.47,447.36,0
RB0033,2026-05,13,343.5,288.6,0.8402,0.9757,6348.35,85.0,121.2,769.58,0
RB0033,2026-06,14,345.0,246.4,0.7143,0.9801,5420.96,85.0,103.49,748.0,0
RB0034,2025-04,0,344.4,54.0,0.1567,0.9784,1133.33,85.0,22.67,568.13,0
RB0034,2025-05,1,337.2,98.4,0.2918,0.958,2066.59,85.0,41.33,455.84,0
RB0034,2025-06,2,340.4,141.6,0.416,0.967,2973.93,85.0,59.48,757.94,0
RB0034,2025-07,3,337.0,221.3,0.6566,0.9574,4647.0,85.0,92.94,688.8,1
RB0034,2025-08,4,336.6,210.3,0.6249,0.9563,4417.05,85.0,88.34,584.69,0
RB0034,2025-09,5,344.6,215.1,0.6243,0.979,4517.79,85.0,90.36,837.69,0
RB0034,2025-10,6,342.5,215.7,0.6296,0.9731,4528.65,85.0,90.57,508.73,0
RB0034,2025-11,7,341.5,219.5,0.6427,0.9703,4609.67,85.0,92.19,514.49,0
RB0034,2025-12,8,339.6,197.0,0.5802,0.9646,4136.91,85.0,82.74,525.45,0
RB0034,2026-01,9,336.8,195.6,0.5807,0.9568,4107.12,85.0,82.14,485.48,0
RB0034,2026-02,10,344.3,226.3,0.6574,0.978,4752.37,85.0,95.05,654.48,0
RB0034,2026-03,11,341.3,191.7,0.5616,0.9696,4025.0,85.0,80.5,823.98,0
RB0034,2026-04,12,334.6,222.4,0.6647,0.9506,4671.21,85.0,93.42,537.83,0
RB0034,2026-05,13,344.0,189.9,0.5519,0.9774,3987.17,85.0,79.74,535.22,0
RB0034,2026-06,14,341.8,217.4,0.6362,0.971,4566.35,85.0,91.33,828.08,0
RB0035,2025-04,0,348.3,51.6,0.1482,0.9894,1083.99,85.0,21.68,559.28,0
RB0035,2025-05,1,345.0,101.1,0.293,0.9803,2122.98,85.0,42.46,575.15,0
RB0035,2025-06,2,346.1,145.5,0.4205,0.9832,3056.32,85.0,61.13,781.02,0
RB0035,2025-07,3,343.5,201.7,0.5873,0.9759,4236.72,85.0,84.73,731.1,0
RB0035,2025-08,4,343.6,217.9,0.6342,0.976,4575.82,85.0,91.52,618.03,0
RB0035,2025-09,5,335.5,208.5,0.6216,0.953,4378.85,85.0,87.58,739.67,0
RB0035,2025-10,6,348.2,213.9,0.6142,0.9893,4491.36,85.0,89.83,464.47,0
RB0035,2025-11,7,342.6,202.7,0.5916,0.9733,4256.13,85.0,85.12,836.22,0
RB0035,2025-12,8,337.6,207.6,0.6149,0.9591,4359.58,85.0,87.19,674.35,1
RB0035,2026-01,9,337.4,207.1,0.6139,0.9585,4349.29,85.0,86.99,491.26,1
RB0035,2026-02,10,338.7,212.4,0.6271,0.9621,4460.16,85.0,89.2,799.66,1
RB0035,2026-03,11,336.7,220.6,0.6552,0.9567,4633.06,85.0,92.66,669.07,0
RB0035,2026-04,12,340.2,225.8,0.6637,0.9665,4741.7,85.0,94.83,484.83,0
RB0035,2026-05,13,347.5,221.6,0.6377,0.9873,4654.24,85.0,93.08,754.45,0
RB0035,2026-06,14,336.7,206.3,0.6129,0.9564,4332.98,85.0,86.66,813.19,0
RB0036,2025-04,0,344.2,71.7,0.2082,0.9779,1576.73,85.0,30.1,702.42,0
RB0036,2025-05,1,336.6,124.5,0.3699,0.9562,2739.09,85.0,52.29,621.66,1
RB0036,2025-06,2,344.9,211.3,0.6126,0.98,4649.2,85.0,88.76,711.82,0
RB0036,2025-07,3,337.5,272.9,0.8086,0.9589,6004.44,85.0,114.63,689.84,1
RB0036,2025-08,4,348.4,254.7,0.731,0.9899,5603.82,85.0,106.98,573.35,0
RB0036,2025-09,5,344.8,277.3,0.8042,0.9797,6101.47,85.0,116.48,712.39,0
RB0036,2025-10,6,342.1,287.7,0.841,0.9717,6328.61,85.0,120.82,737.19,0
RB0036,2025-11,7,347.5,292.1,0.8405,0.9872,6425.7,85.0,122.67,433.05,0
RB0036,2025-12,8,343.8,242.3,0.7049,0.9767,5331.57,85.0,101.78,751.91,1
RB0036,2026-01,9,340.9,255.0,0.7482,0.9684,5610.66,85.0,107.11,654.98,0
RB0036,2026-02,10,339.7,252.5,0.7434,0.9651,5556.02,85.0,106.07,787.4,0
RB0036,2026-03,11,335.4,263.3,0.785,0.9527,5791.73,85.0,110.57,669.3,0
RB0036,2026-04,12,337.2,274.6,0.8143,0.9579,6040.64,85.0,115.32,541.62,0
RB0036,2026-05,13,341.1,260.7,0.7643,0.969,5735.38,85.0,109.49,567.03,0
RB0036,2026-06,14,347.6,293.0,0.843,0.9875,6446.99,85.0,123.08,539.82,0
RB0037,2025-04,0,334.7,47.2,0.1412,0.951,992.21,85.0,19.84,834.01,0
RB0037,2025-05,1,336.2,108.6,0.3231,0.9552,2281.32,85.0,45.63,742.36,0
RB0037,2025-06,2,346.7,146.8,0.4233,0.985,3081.95,85.0,61.64,724.51,0
RB0037,2025-07,3,347.5,200.7,0.5777,0.9871,4214.97,85.0,84.3,673.23,0
RB0037,2025-08,4,337.4,222.7,0.6602,0.9585,4677.46,85.0,93.55,783.5,0
RB0037,2025-09,5,335.1,186.2,0.5555,0.952,3909.54,85.0,78.19,792.08,0
RB0037,2025-10,6,335.4,190.8,0.5688,0.9529,4006.57,85.0,80.13,633.55,0
RB0037,2025-11,7,336.2,202.6,0.6027,0.955,4254.92,85.0,85.1,760.43,0
RB0037,2025-12,8,345.7,228.6,0.6613,0.9822,4801.27,85.0,96.03,653.0,0
RB0037,2026-01,9,346.5,227.3,0.656,0.9845,4773.63,85.0,95.47,546.03,0
RB0037,2026-02,10,343.0,203.8,0.5942,0.9744,4280.43,85.0,85.61,818.85,0
RB0037,2026-03,11,335.3,212.5,0.6338,0.9524,4462.06,85.0,89.24,575.5,0
RB0037,2026-04,12,346.8,198.9,0.5735,0.9851,4176.06,85.0,83.52,431.7,0
RB0037,2026-05,13,343.4,217.3,0.6329,0.9754,4563.18,85.0,91.26,837.33,0
RB0037,2026-06,14,335.9,192.6,0.5734,0.9542,4044.52,85.0,80.89,514.16,0
RB0038,2025-04,0,343.2,49.1,0.1429,0.975,1030.14,85.0,20.6,436.48,0
RB0038,2025-05,1,344.7,102.7,0.298,0.9791,2157.11,85.0,43.14,772.81,0
RB0038,2025-06,2,341.1,156.9,0.4598,0.969,3293.93,85.0,65.88,787.25,0
RB0038,2025-07,3,341.3,211.0,0.6183,0.9696,4431.18,85.0,88.62,626.6,0
RB0038,2025-08,4,343.5,218.4,0.6359,0.9758,4586.98,85.0,91.74,627.31,0
RB0038,2025-09,5,346.5,208.3,0.6012,0.9844,4374.71,85.0,87.49,599.55,0
RB0038,2025-10,6,345.0,215.5,0.6247,0.98,4525.19,85.0,90.5,556.62,0
RB0038,2025-11,7,342.4,189.9,0.5548,0.9727,3988.94,85.0,79.78,535.55,1
RB0038,2025-12,8,346.0,217.1,0.6274,0.983,4558.94,85.0,91.18,639.22,0
RB0038,2026-01,9,338.1,185.7,0.5493,0.9604,3899.6,85.0,77.99,470.76,1
RB0038,2026-02,10,344.9,194.8,0.5647,0.98,4090.63,85.0,81.81,822.2,0
RB0038,2026-03,11,343.0,221.2,0.6449,0.9745,4645.62,85.0,92.91,525.27,1
RB0038,2026-04,12,338.2,188.6,0.5577,0.9607,3960.15,85.0,79.2,430.93,0
RB0038,2026-05,13,343.7,200.6,0.5838,0.9763,4212.95,85.0,84.26,581.6,0
RB0038,2026-06,14,338.3,199.2,0.5888,0.961,4182.56,85.0,83.65,754.13,0
RB0039,2025-04,0,337.6,49.6,0.1469,0.9591,1041.56,85.0,20.83,456.76,0
RB0039,2025-05,1,344.1,114.5,0.3327,0.9776,2404.21,85.0,48.08,642.18,0
RB0039,2025-06,2,343.2,154.8,0.4511,0.9751,3251.22,85.0,65.02,420.47,0
RB0039,2025-07,3,336.0,200.4,0.5965,0.9544,4208.46,85.0,84.17,808.68,0
RB0039,2025-08,4,344.7,217.3,0.6305,0.9792,4563.39,85.0,91.27,693.67,1
RB0039,2025-09,5,341.8,208.5,0.61,0.9711,4378.77,85.0,87.58,567.65,0
RB0039,2025-10,6,346.1,226.9,0.6556,0.9831,4764.35,85.0,95.29,504.58,0
RB0039,2025-11,7,340.7,221.8,0.6511,0.9678,4657.66,85.0,93.15,718.6,0
RB0039,2025-12,8,346.3,230.9,0.6668,0.9839,4849.53,85.0,96.99,581.89,0
RB0039,2026-01,9,335.7,220.2,0.656,0.9538,4624.63,85.0,92.49,790.93,0
RB0039,2026-02,10,338.2,219.2,0.6481,0.9608,4603.11,85.0,92.06,586.33,0
RB0039,2026-03,11,346.9,198.1,0.5711,0.9855,4160.49,85.0,83.21,520.05,0
RB0039,2026-04,12,342.3,223.5,0.6528,0.9725,4692.86,85.0,93.86,530.94,0
RB0039,2026-05,13,341.3,195.8,0.5738,0.9697,4112.83,85.0,82.26,424.4,0
RB0039,2026-06,14,337.8,212.1,0.6279,0.9597,4454.52,85.0,89.09,503.01,0
RB0040,2025-05,0,337.6,38.9,0.1153,0.959,778.1,85.0,16.34,985.57,0
RB0040,2025-06,1,340.4,77.5,0.2277,0.967,1550.3,85.0,32.56,699.19,0
RB0040,2025-07,2,339.0,128.7,0.3796,0.963,2573.66,85.0,54.05,854.96,0
RB0040,2025-08,3,342.6,149.3,0.4358,0.9733,2986.44,85.0,62.72,994.41,0
RB0040,2025-09,4,344.3,148.8,0.4322,0.9781,2975.79,85.0,62.49,987.22,0
RB0040,2025-10,5,344.8,181.5,0.5264,0.9796,3630.17,85.0,76.23,618.65,0
RB0040,2025-11,6,342.5,160.3,0.468,0.973,3205.75,85.0,67.32,505.9,0
RB0040,2025-12,7,335.1,149.2,0.4453,0.952,2984.29,85.0,62.67,550.04,0
RB0040,2026-01,8,335.8,163.7,0.4874,0.954,3273.7,85.0,68.75,683.95,0
RB0040,2026-02,9,336.1,156.2,0.4649,0.9549,3124.92,85.0,65.62,853.6,0
RB0040,2026-03,10,337.5,161.9,0.4798,0.9588,3238.62,85.0,68.01,856.57,0
RB0040,2026-04,11,343.2,178.5,0.52,0.975,3569.34,85.0,74.96,801.06,0
RB0040,2026-05,12,340.4,162.5,0.4773,0.967,3249.14,85.0,68.23,593.85,0
RB0040,2026-06,13,345.3,167.6,0.4854,0.9809,3351.78,85.0,70.39,679.71,0
RB0041,2025-05,0,338.8,48.8,0.1442,0.9625,1025.67,85.0,20.51,714.03,0
RB0041,2025-06,1,334.8,108.1,0.3229,0.9511,2269.98,85.0,45.4,692.6,0
RB0041,2025-07,2,345.6,171.7,0.4969,0.9819,3606.3,85.0,72.13,641.61,0
RB0041,2025-08,3,347.3,225.2,0.6485,0.9866,4729.6,85.0,94.59,509.2,0
RB0041,2025-09,4,344.5,219.3,0.6366,0.9787,4605.8,85.0,92.12,503.59,0
RB0041,2025-10,5,335.9,213.1,0.6342,0.9544,4474.29,85.0,89.49,835.39,0
RB0041,2025-11,6,336.5,206.3,0.6131,0.956,4332.71,85.0,86.65,491.46,0
RB0041,2025-12,7,348.0,227.0,0.6523,0.9885,4766.66,85.0,95.33,624.53,0
RB0041,2026-01,8,348.2,212.9,0.6114,0.9893,4470.74,85.0,89.41,566.33,0
RB0041,2026-02,9,337.5,222.5,0.6592,0.9588,4671.93,85.0,93.44,632.98,0
RB0041,2026-03,10,342.4,199.3,0.582,0.9727,4184.29,85.0,83.69,538.84,0
RB0041,2026-04,11,343.6,192.7,0.5608,0.9763,4047.33,85.0,80.95,583.23,0
RB0041,2026-05,12,341.5,212.1,0.621,0.9701,4453.44,85.0,89.07,470.82,0
RB0041,2026-06,13,345.4,196.6,0.5691,0.9813,4127.6,85.0,82.55,769.28,0
RB0042,2025-05,0,341.9,60.9,0.1782,0.9714,1340.41,85.0,25.59,493.51,0
RB0042,2025-06,1,338.7,129.6,0.3825,0.9623,2850.2,85.0,54.41,550.02,0
RB0042,2025-07,2,348.5,217.5,0.6243,0.99,4785.92,85.0,91.37,726.89,0
RB0042,2025-08,3,336.8,239.9,0.7124,0.9568,5278.73,85.0,100.78,789.52,0
RB0042,2025-09,4,347.7,264.1,0.7596,0.9879,5810.65,85.0,110.93,500.11,0
RB0042,2025-10,5,343.8,261.4,0.7604,0.9767,5751.03,85.0,109.79,626.44,0
RB0042,2025-11,6,347.4,275.6,0.7933,0.987,6063.3,85.0,115.75,784.28,0
RB0042,2025-12,7,338.6,269.9,0.7972,0.9618,5938.26,85.0,113.37,767.67,0
RB0042,2026-01,8,335.6,262.1,0.7811,0.9534,5767.23,85.0,110.1,543.49,1
RB0042,2026-02,9,342.0,246.0,0.7193,0.9717,5412.44,85.0,103.33,511.6,1
RB0042,2026-03,10,345.1,243.5,0.7056,0.9805,5357.34,85.0,102.28,671.45,0
RB0042,2026-04,11,343.8,291.2,0.8472,0.9766,6406.96,85.0,122.31,478.74,0
RB0042,2026-05,12,337.0,284.9,0.8452,0.9574,6266.84,85.0,119.64,633.82,0
RB0042,2026-06,13,338.8,277.6,0.8194,0.9626,6107.98,85.0,116.61,706.5,0
RB0043,2025-05,0,346.6,49.6,0.1432,0.9846,1042.14,85.0,20.84,793.01,0
RB0043,2025-06,1,347.7,111.5,0.3207,0.9877,2341.43,85.0,46.83,768.56,0
RB0043,2025-07,2,347.9,146.1,0.42,0.9884,3068.86,85.0,61.38,697.67,0
RB0043,2025-08,3,338.6,210.9,0.6227,0.962,4428.07,85.0,88.56,552.68,1
RB0043,2025-09,4,344.6,192.7,0.5591,0.9789,4045.67,85.0,80.91,572.68,0
RB0043,2025-10,5,337.1,187.0,0.5548,0.9576,3927.04,85.0,78.54,742.77,0
RB0043,2025-11,6,337.1,197.4,0.5856,0.9576,4145.08,85.0,82.9,630.51,0
RB0043,2025-12,7,347.5,199.9,0.5753,0.9871,4198.06,85.0,83.96,609.1,0
RB0043,2026-01,8,341.1,209.7,0.6149,0.969,4404.53,85.0,88.09,758.93,0
RB0043,2026-02,9,334.4,190.2,0.5686,0.9501,3993.24,85.0,79.86,534.82,0
RB0043,2026-03,10,334.9,218.1,0.6515,0.9513,4581.14,85.0,91.62,457.49,0
RB0043,2026-04,11,334.9,194.1,0.5796,0.9514,4076.01,85.0,81.52,677.28,0
RB0043,2026-05,12,340.8,225.1,0.6606,0.9681,4727.63,85.0,94.55,692.19,0
RB0043,2026-06,13,346.3,205.5,0.5934,0.9839,4315.49,85.0,86.31,433.52,0
RB0044,2025-05,0,345.9,64.2,0.1857,0.9827,1412.87,85.0,26.97,720.08,0
RB0044,2025-06,1,334.4,132.4,0.3959,0.9501,2913.07,85.0,55.61,488.64,0
RB0044,2025-07,2,342.9,183.1,0.534,0.9742,4028.29,85.0,76.9,739.87,0
RB0044,2025-08,3,345.1,252.8,0.7325,0.9804,5561.56,85.0,106.18,467.53,0
RB0044,2025-09,4,335.7,237.8,0.7083,0.9538,5231.5,85.0,99.87,481.73,0
RB0044,2025-10,5,346.1,268.5,0.7757,0.9832,5906.15,85.0,112.75,644.07,0
RB0044,2025-11,6,344.7,264.0,0.7658,0.9794,5808.15,85.0,110.88,590.48,0
RB0044,2025-12,7,340.8,288.8,0.8474,0.9681,6352.57,85.0,121.28,552.99,0
RB0044,2026-01,8,339.1,276.3,0.8148,0.9633,6077.9,85.0,116.03,693.11,0
RB0044,2026-02,9,343.0,273.8,0.7983,0.9744,6024.05,85.0,115.0,509.67,0
RB0044,2026-03,10,337.9,275.4,0.8148,0.9601,6057.8,85.0,115.65,625.52,0
RB0044,2026-04,11,341.1,267.3,0.7837,0.9691,5881.27,85.0,112.28,451.68,0
RB0044,2026-05,12,340.4,284.2,0.8348,0.9672,6252.15,85.0,119.36,576.77,0
RB0044,2026-06,13,339.9,280.1,0.824,0.9656,6161.49,85.0,117.63,777.29,0
RB0045,2025-05,0,337.2,42.9,0.1273,0.958,858.31,85.0,18.02,836.38,0
RB0045,2025-06,1,342.3,79.8,0.2332,0.9725,1596.4,85.0,33.52,1004.08,0
RB0045,2025-07,2,339.7,119.1,0.3506,0.965,2381.5,85.0,50.01,870.83,0
RB0045,2025-08,3,339.2,158.2,0.4665,0.9635,3164.08,85.0,66.45,884.18,0
RB0045,2025-09,4,347.6,176.1,0.5066,0.9876,3522.36,85.0,73.97,920.85,0
RB0045,2025-10,5,336.1,164.3,0.489,0.9548,3286.88,85.0,69.02,1007.62,0
RB0045,2025-11,6,341.2,163.1,0.4782,0.9692,3262.98,85.0,68.52,547.17,0
RB0045,2025-12,7,335.7,171.4,0.5107,0.9537,3428.7,85.0,72.0,631.55,0
RB0045,2026-01,8,347.9,180.6,0.5192,0.9885,3612.75,85.0,75.87,859.79,0
RB0045,2026-02,9,335.4,150.8,0.4496,0.9527,3015.63,85.0,63.33,571.73,0
RB0045,2026-03,10,341.6,166.4,0.487,0.9705,3327.38,85.0,69.87,881.68,0
RB0045,2026-04,11,342.8,163.0,0.4754,0.9739,3259.46,85.0,68.45,750.21,0
RB0045,2026-05,12,347.5,166.2,0.4782,0.9872,3323.72,85.0,69.8,522.75,0
RB0045,2026-06,13,342.1,158.1,0.4621,0.9718,3161.56,85.0,66.39,704.0,0
RB0046,2025-05,0,322.8,67.4,0.2088,0.917,1482.48,85.0,28.3,3763.18,0
RB0046,2025-06,1,328.9,129.2,0.3927,0.9345,2841.5,85.0,54.25,4293.98,1
RB0046,2025-07,2,339.9,211.1,0.6211,0.9656,4644.27,85.0,88.66,2776.5,0
RB0046,2025-08,3,341.9,259.8,0.76,0.9712,5716.12,85.0,109.13,3679.75,0
RB0046,2025-09,4,327.8,263.9,0.8053,0.9312,5806.85,85.0,110.86,3781.95,0
RB0046,2025-10,5,324.7,258.5,0.796,0.9225,5686.43,85.0,108.56,3367.21,1
RB0046,2025-11,6,338.7,238.8,0.7049,0.9622,5252.8,85.0,100.28,3851.13,0
RB0046,2025-12,7,318.8,235.8,0.7395,0.9057,5186.73,85.0,99.02,3685.62,0
RB0046,2026-01,8,320.9,225.6,0.7031,0.9117,4964.12,85.0,94.77,3455.4,0
RB0046,2026-02,9,313.3,225.5,0.7195,0.8902,4959.91,85.0,94.69,3037.74,0
RB0046,2026-03,10,312.5,238.9,0.7645,0.8878,5255.65,85.0,100.34,3157.23,0
RB0046,2026-04,11,326.3,259.2,0.7942,0.927,5701.44,85.0,108.85,3554.88,0
RB0046,2026-05,12,307.1,259.0,0.8433,0.8725,5698.27,85.0,108.79,4487.45,0
RB0046,2026-06,13,319.6,266.8,0.8348,0.9079,5869.44,85.0,112.05,3996.73,0
RB0047,2025-05,0,324.7,47.5,0.1462,0.9224,996.78,85.0,19.94,4242.39,0
RB0047,2025-06,1,323.8,106.7,0.3294,0.9199,2240.03,85.0,44.8,4573.08,0
RB0047,2025-07,2,318.2,154.7,0.4862,0.9041,3249.02,85.0,64.98,3344.48,0
RB0047,2025-08,3,341.1,187.4,0.5494,0.9691,3935.41,85.0,78.71,3431.91,1
RB0047,2025-09,4,330.4,210.4,0.6367,0.9387,4418.33,85.0,88.37,3057.33,0
RB0047,2025-10,5,316.0,202.8,0.6418,0.8977,4259.09,85.0,85.18,2598.22,0
RB0047,2025-11,6,330.4,200.7,0.6075,0.9385,4214.35,85.0,84.29,2454.48,0
RB0047,2025-12,7,308.9,195.1,0.6317,0.8775,4097.53,85.0,81.95,3764.28,0
RB0047,2026-01,8,317.7,212.1,0.6675,0.9027,4454.08,85.0,89.08,4371.92,1
RB0047,2026-02,9,331.8,197.8,0.5962,0.9426,4154.3,85.0,83.09,2607.67,0
RB0047,2026-03,10,331.4,201.1,0.6067,0.9416,4222.94,85.0,84.46,2463.91,0
RB0047,2026-04,11,342.0,207.4,0.6062,0.9717,4354.37,85.0,87.09,2958.67,0
RB0047,2026-05,12,308.9,193.2,0.6255,0.8777,4058.2,85.0,81.16,2780.2,1
RB0047,2026-06,13,340.3,225.3,0.6621,0.9666,4730.82,85.0,94.62,2791.55,0
RB0048,2025-05,0,347.4,66.9,0.1926,0.9869,1472.39,85.0,28.11,764.98,0
RB0048,2025-06,1,347.4,140.5,0.4046,0.9868,3091.99,85.0,59.03,793.87,0
RB0048,2025-07,2,336.5,195.8,0.582,0.9559,4308.15,85.0,82.25,800.8,0
RB0048,2025-08,3,336.3,275.9,0.8204,0.9554,6069.57,85.0,115.87,834.09,0
RB0048,2025-09,4,345.8,274.3,0.7935,0.9823,6035.62,85.0,115.23,723.07,0
RB0048,2025-10,5,344.0,254.7,0.7405,0.9773,5604.21,85.0,106.99,798.19,0
RB0048,2025-11,6,339.6,286.2,0.8429,0.9647,6297.42,85.0,120.22,539.41,0
RB0048,2025-12,7,338.8,286.3,0.8451,0.9626,6299.42,85.0,120.26,830.31,0
RB0048,2026-01,8,345.8,273.5,0.7909,0.9823,6016.28,85.0,114.86,545.54,0
RB0048,2026-02,9,346.9,264.9,0.7636,0.9856,5828.09,85.0,111.26,625.64,0
RB0048,2026-03,10,347.5,247.5,0.7121,0.9873,5444.05,85.0,103.93,579.95,0
RB0048,2026-04,11,342.3,242.4,0.7082,0.9724,5332.72,85.0,101.81,604.66,0
RB0048,2026-05,12,338.1,274.5,0.8116,0.9606,6037.92,85.0,115.27,727.8,0
RB0048,2026-06,13,345.1,248.7,0.7207,0.9805,5472.49,85.0,104.47,726.78,0
RB0049,2025-05,0,335.5,65.1,0.1941,0.953,1432.31,85.0,27.34,526.92,0
RB0049,2025-06,1,335.5,131.3,0.3914,0.9532,2889.04,85.0,55.15,437.86,0
RB0049,2025-07,2,346.9,202.9,0.5848,0.9856,4463.35,85.0,85.21,504.45,0
RB0049,2025-08,3,342.9,282.4,0.8235,0.9742,6212.36,85.0,118.6,811.66,0
RB0049,2025-09,4,345.3,272.8,0.7899,0.9811,6000.93,85.0,114.56,723.98,0
RB0049,2025-10,5,340.1,271.4,0.798,0.9662,5970.51,85.0,113.98,708.64,0
RB0049,2025-11,6,345.2,270.8,0.7844,0.9807,5956.97,85.0,113.72,458.16,0
RB0049,2025-12,7,338.9,241.0,0.7112,0.9628,5302.8,85.0,101.24,597.13,0
RB0049,2026-01,8,345.8,257.4,0.7444,0.9824,5663.51,85.0,108.12,557.38,0
RB0049,2026-02,9,339.8,243.3,0.7158,0.9654,5351.54,85.0,102.17,657.98,0
RB0049,2026-03,10,335.7,276.3,0.823,0.9538,6078.75,85.0,116.05,834.83,0
RB0049,2026-04,11,336.9,258.0,0.7658,0.957,5675.44,85.0,108.35,718.84,0
RB0049,2026-05,12,345.3,289.8,0.8393,0.9809,6375.57,85.0,121.72,581.64,0
RB0049,2026-06,13,335.2,265.3,0.7915,0.9523,5837.26,85.0,111.44,748.68,0
RB0050,2025-06,0,340.4,18.5,0.0542,0.9671,350.65,85.0,7.75,651.5,0
RB0050,2025-07,1,342.0,35.3,0.1031,0.9717,670.21,85.0,14.82,929.46,0
RB0050,2025-08,2,335.2,53.7,0.1603,0.9522,1020.51,85.0,22.56,1049.48,0
RB0050,2025-09,3,346.5,77.2,0.2228,0.9844,1467.1,85.0,32.43,984.42,0
RB0050,2025-10,4,346.4,82.9,0.2394,0.9842,1575.84,85.0,34.83,744.97,0
RB0050,2025-11,5,334.5,78.5,0.2347,0.9504,1492.01,85.0,32.98,944.21,0
RB0050,2025-12,6,343.3,78.1,0.2276,0.9752,1484.32,85.0,32.81,795.51,0
RB0050,2026-01,7,343.9,80.5,0.2342,0.977,1530.37,85.0,33.83,848.44,0
RB0050,2026-02,8,341.2,67.6,0.1981,0.9694,1284.65,85.0,28.4,696.38,0
RB0050,2026-03,9,343.1,70.1,0.2043,0.9746,1331.43,85.0,29.43,811.72,0
RB0050,2026-04,10,344.8,81.4,0.236,0.9797,1546.37,85.0,34.18,780.47,0
RB0050,2026-05,11,339.0,80.6,0.2379,0.9629,1532.03,85.0,33.87,1157.25,0
RB0050,2026-06,12,338.0,74.7,0.2211,0.9602,1419.71,85.0,31.38,749.03,0
RB0051,2025-06,0,336.8,64.4,0.1912,0.9569,1417.12,85.0,27.05,446.91,0
RB0051,2025-07,1,345.9,136.0,0.3932,0.9825,2991.79,85.0,57.12,537.09,0
RB0051,2025-08,2,344.3,200.3,0.5817,0.9781,4406.05,85.0,84.12,427.78,0
RB0051,2025-09,3,345.6,266.7,0.7717,0.9817,5867.31,85.0,112.01,463.05,0
RB0051,2025-10,4,341.3,246.1,0.7212,0.9695,5415.18,85.0,103.38,528.74,0
RB0051,2025-11,5,338.6,289.1,0.8538,0.9618,6359.24,85.0,121.4,617.2,0
RB0051,2025-12,6,343.3,291.2,0.8482,0.9753,6406.13,85.0,122.3,577.19,0
RB0051,2026-01,7,337.2,259.5,0.7695,0.9579,5708.04,85.0,108.97,488.01,0
RB0051,2026-02,8,338.6,284.8,0.8412,0.9619,6266.29,85.0,119.63,823.67,0
RB0051,2026-03,9,334.9,262.1,0.7825,0.9515,5765.55,85.0,110.07,641.08,0
RB0051,2026-04,10,336.2,256.9,0.7642,0.955,5651.76,85.0,107.9,767.89,0
RB0051,2026-05,11,344.2,252.4,0.7332,0.9778,5551.9,85.0,105.99,684.24,0
RB0051,2026-06,12,336.1,250.3,0.7446,0.9548,5505.62,85.0,105.11,767.6,0
RB0052,2025-06,0,335.1,67.3,0.2009,0.952,1481.12,85.0,28.28,773.5,0
RB0052,2025-07,1,341.4,122.5,0.3589,0.9698,2695.51,85.0,51.46,424.47,0
RB0052,2025-08,2,342.3,184.3,0.5384,0.9723,4054.11,85.0,77.4,452.47,0
RB0052,2025-09,3,336.8,258.3,0.7669,0.9568,5682.66,85.0,108.49,667.2,0
RB0052,2025-10,4,346.7,250.6,0.723,0.9849,5514.02,85.0,105.27,444.98,0
RB0052,2025-11,5,347.8,265.0,0.7618,0.9881,5828.97,85.0,111.28,633.43,0
RB0052,2025-12,6,343.2,253.8,0.7395,0.975,5584.06,85.0,106.6,436.25,0
RB0052,2026-01,7,348.2,263.4,0.7566,0.9891,5795.38,85.0,110.64,826.66,0
RB0052,2026-02,8,339.7,280.6,0.8258,0.9652,6172.47,85.0,117.84,549.35,0
RB0052,2026-03,9,346.6,281.5,0.8122,0.9846,6193.0,85.0,118.23,750.66,0
RB0052,2026-04,10,345.1,265.6,0.7695,0.9805,5842.67,85.0,111.54,822.22,0
RB0052,2026-05,11,345.7,281.5,0.8142,0.9822,6192.44,85.0,118.22,622.68,0
RB0052,2026-06,12,345.6,282.6,0.8177,0.9819,6217.53,85.0,118.7,691.42,0
RB0053,2025-06,0,339.3,65.4,0.1927,0.964,1438.25,85.0,27.46,512.08,0
RB0053,2025-07,1,346.8,148.5,0.4283,0.9853,3267.9,85.0,62.39,455.04,0
RB0053,2025-08,2,345.7,185.7,0.5371,0.9821,4084.44,85.0,77.98,673.46,1
RB0053,2025-09,3,342.7,273.5,0.7982,0.9735,6017.87,85.0,114.89,551.92,0
RB0053,2025-10,4,346.9,265.3,0.7649,0.9855,5837.48,85.0,111.44,822.08,0
RB0053,2025-11,5,336.6,252.1,0.7491,0.9562,5547.07,85.0,105.9,550.75,0
RB0053,2025-12,6,343.7,257.8,0.7501,0.9764,5671.63,85.0,108.28,434.82,0
RB0053,2026-01,7,343.9,260.2,0.7566,0.9771,5725.21,85.0,109.3,597.01,0
RB0053,2026-02,8,348.3,266.8,0.7659,0.9895,5869.13,85.0,112.05,678.11,0
RB0053,2026-03,9,341.6,252.1,0.738,0.9704,5546.29,85.0,105.88,717.82,0
RB0053,2026-04,10,341.8,283.4,0.8292,0.9709,6234.28,85.0,119.02,596.35,0
RB0053,2026-05,11,345.0,275.3,0.7981,0.9801,6057.45,85.0,115.64,695.42,0
RB0053,2026-06,12,347.7,259.8,0.7471,0.9878,5715.42,85.0,109.11,540.64,1
RB0054,2025-06,0,346.2,41.4,0.1195,0.9836,827.4,85.0,17.38,868.55,0
RB0054,2025-07,1,341.4,77.2,0.2261,0.9699,1544.24,85.0,32.43,540.1,0
RB0054,2025-08,2,342.5,115.2,0.3362,0.9731,2303.25,85.0,48.37,526.27,0
RB0054,2025-09,3,334.5,151.5,0.4529,0.9503,3029.89,85.0,63.63,513.93,0
RB0054,2025-10,4,334.8,166.0,0.4959,0.9511,3320.86,85.0,69.74,552.18,0
RB0054,2025-11,5,337.1,157.8,0.468,0.9578,3155.72,85.0,66.27,840.77,0
RB0054,2025-12,6,344.6,150.2,0.4359,0.979,3004.62,85.0,63.1,551.44,0
RB0054,2026-01,7,338.5,163.5,0.4831,0.9616,3270.23,85.0,68.67,970.49,0
RB0054,2026-02,8,346.2,180.5,0.5213,0.9835,3609.72,85.0,75.8,869.35,1
RB0054,2026-03,9,341.2,150.5,0.441,0.9693,3009.26,85.0,63.19,590.75,0
RB0054,2026-04,10,348.1,166.7,0.4791,0.9888,3334.9,85.0,70.03,642.28,0
RB0054,2026-05,11,344.1,160.0,0.4649,0.9776,3199.67,85.0,67.19,651.45,0
RB0054,2026-06,12,340.1,149.1,0.4384,0.9663,2982.43,85.0,62.63,834.65,0
RB0055,2025-06,0,334.4,50.9,0.1521,0.95,1068.12,85.0,21.36,729.93,0
RB0055,2025-07,1,338.9,101.1,0.2982,0.9629,2122.85,85.0,42.46,748.42,0
RB0055,2025-08,2,338.6,166.0,0.4902,0.9621,3485.93,85.0,69.72,475.21,0
RB0055,2025-09,3,340.7,199.3,0.585,0.9678,4184.77,85.0,83.7,451.38,0
RB0055,2025-10,4,335.4,187.2,0.5582,0.9529,3931.93,85.0,78.64,421.92,0
RB0055,2025-11,5,336.1,210.9,0.6277,0.9547,4429.81,85.0,88.6,637.62,0
RB0055,2025-12,6,347.3,222.3,0.6401,0.9867,4668.49,85.0,93.37,650.28,0
RB0055,2026-01,7,336.8,201.6,0.5986,0.9568,4233.58,85.0,84.67,683.42,0
RB0055,2026-02,8,338.8,189.3,0.5587,0.9626,3975.59,85.0,79.51,566.07,0
RB0055,2026-03,9,348.1,207.1,0.5949,0.9888,4348.11,85.0,86.96,765.42,0
RB0055,2026-04,10,334.5,221.0,0.6608,0.9503,4641.48,85.0,92.83,500.11,0
RB0055,2026-05,11,336.5,209.1,0.6213,0.9561,4390.71,85.0,87.81,538.45,0
RB0055,2026-06,12,342.1,222.2,0.6495,0.9719,4666.55,85.0,93.33,670.14,0
RB0056,2025-06,0,348.5,64.5,0.1851,0.99,1418.69,85.0,27.08,588.9,0
RB0056,2025-07,1,345.6,131.7,0.3811,0.9817,2897.24,85.0,55.31,527.14,0
RB0056,2025-08,2,336.8,198.8,0.5903,0.9568,4373.76,85.0,83.5,599.64,0
RB0056,2025-09,3,340.4,261.8,0.7691,0.967,5759.67,85.0,109.96,431.52,0
RB0056,2025-10,4,335.6,268.1,0.799,0.9533,5898.42,85.0,112.61,719.89,0
RB0056,2025-11,5,341.9,257.8,0.7539,0.9713,5670.63,85.0,108.26,776.87,0
RB0056,2025-12,6,335.1,239.7,0.7153,0.9519,5272.63,85.0,100.66,485.0,0
RB0056,2026-01,7,344.2,264.2,0.7678,0.9778,5813.31,85.0,110.98,595.38,0
RB0056,2026-02,8,334.9,248.0,0.7407,0.9514,5457.01,85.0,104.18,459.7,0
RB0056,2026-03,9,344.6,261.1,0.7578,0.9789,5744.59,85.0,109.67,776.88,1
RB0056,2026-04,10,348.4,288.9,0.8292,0.9899,6356.16,85.0,121.34,526.53,0
RB0056,2026-05,11,344.3,282.5,0.8205,0.978,6214.13,85.0,118.63,568.94,0
RB0056,2026-06,12,344.2,274.4,0.7972,0.9779,6037.16,85.0,115.25,437.47,0
RB0057,2025-07,0,342.5,69.5,0.2028,0.9731,1528.49,85.0,29.18,478.15,0
RB0057,2025-08,1,342.9,140.3,0.4092,0.9742,3087.49,85.0,58.94,699.33,0
RB0057,2025-09,2,340.8,190.0,0.5576,0.9683,4180.97,85.0,79.82,746.05,1
RB0057,2025-10,3,334.8,265.6,0.7933,0.9513,5843.98,85.0,111.57,790.44,1
RB0057,2025-11,4,344.5,278.8,0.8093,0.9787,6134.14,85.0,117.11,773.27,0
RB0057,2025-12,5,335.9,250.4,0.7452,0.9544,5507.96,85.0,105.15,770.29,0
RB0057,2026-01,6,348.1,295.7,0.8495,0.9888,6504.48,85.0,124.18,512.42,0
RB0057,2026-02,7,341.0,287.6,0.8433,0.9689,6327.19,85.0,120.79,501.72,0
RB0057,2026-03,8,340.4,240.0,0.7049,0.9672,5279.41,85.0,100.79,715.63,0
RB0057,2026-04,9,340.2,269.1,0.7909,0.9666,5919.83,85.0,113.01,742.97,0
RB0057,2026-05,10,337.9,256.4,0.7587,0.9601,5640.36,85.0,107.68,775.06,0
RB0057,2026-06,11,343.6,279.7,0.8142,0.9761,6154.5,85.0,117.49,643.21,0
RB0058,2025-07,0,337.1,68.4,0.2028,0.9578,1504.22,85.0,28.72,560.78,0
RB0058,2025-08,1,343.1,132.7,0.3867,0.9748,2919.05,85.0,55.73,424.73,0
RB0058,2025-09,2,334.8,201.0,0.6003,0.9511,4421.8,85.0,84.42,693.96,0
RB0058,2025-10,3,339.9,279.3,0.8217,0.9656,6144.26,85.0,117.3,738.35,0
RB0058,2025-11,4,341.8,291.2,0.8519,0.9711,6406.38,85.0,122.3,782.98,0
RB0058,2025-12,5,341.1,240.9,0.7062,0.969,5299.6,85.0,101.17,437.34,0
RB0058,2026-01,6,335.5,264.8,0.7893,0.9532,5826.03,85.0,111.22,601.2,0
RB0058,2026-02,7,334.7,278.9,0.8333,0.951,6136.78,85.0,117.16,769.42,0
RB0058,2026-03,8,338.3,283.3,0.8377,0.9609,6233.68,85.0,119.01,675.58,0
RB0058,2026-04,9,347.2,261.0,0.7518,0.9864,5742.24,85.0,109.62,732.14,0
RB0058,2026-05,10,342.0,287.0,0.8392,0.9715,6313.53,85.0,120.53,453.11,0
RB0058,2026-06,11,348.3,291.3,0.8364,0.9895,6408.83,85.0,122.35,492.76,0
RB0059,2025-07,0,338.1,19.2,0.0568,0.9604,365.13,85.0,8.07,1107.0,0
RB0059,2025-08,1,343.9,34.1,0.0992,0.9771,648.25,85.0,14.33,1139.09,0
RB0059,2025-09,2,347.8,58.7,0.1689,0.9881,1116.1,85.0,24.67,900.84,0
RB0059,2025-10,3,337.5,72.5,0.2149,0.9589,1378.41,85.0,30.47,1001.21,0
RB0059,2025-11,4,335.8,78.5,0.2338,0.954,1491.61,85.0,32.97,1136.98,1
RB0059,2025-12,5,347.2,77.1,0.2222,0.9864,1465.7,85.0,32.4,1054.88,0
RB0059,2026-01,6,348.1,71.6,0.2056,0.9888,1359.5,85.0,30.05,725.14,0
RB0059,2026-02,7,336.3,70.0,0.2081,0.9553,1329.3,85.0,29.38,651.31,0
RB0059,2026-03,8,346.0,73.6,0.2127,0.9829,1398.03,85.0,30.9,711.76,0
RB0059,2026-04,9,337.2,74.8,0.2218,0.958,1421.03,85.0,31.41,1057.29,0
RB0059,2026-05,10,343.7,69.0,0.2008,0.9765,1311.15,85.0,28.98,812.52,1
RB0059,2026-06,11,334.8,67.2,0.2006,0.9511,1276.13,85.0,28.21,827.62,0
RB0060,2025-07,0,343.7,70.6,0.2053,0.9763,1552.23,85.0,29.63,731.58,0
RB0060,2025-08,1,340.9,122.0,0.358,0.9686,2684.97,85.0,51.26,814.12,0
RB0060,2025-09,2,348.2,206.0,0.5916,0.9893,4532.47,85.0,86.53,431.11,0
RB0060,2025-10,3,337.8,286.1,0.847,0.9597,6295.26,85.0,120.18,430.1,0
RB0060,2025-11,4,348.1,273.7,0.7863,0.9888,6021.08,85.0,114.95,834.99,0
RB0060,2025-12,5,338.7,284.9,0.8413,0.9622,6268.77,85.0,119.68,677.45,1
RB0060,2026-01,6,334.6,261.5,0.7814,0.9506,5752.29,85.0,109.82,719.83,0
RB0060,2026-02,7,347.4,290.9,0.8371,0.987,6398.72,85.0,122.16,744.84,0
RB0060,2026-03,8,347.5,283.7,0.8166,0.9871,6242.15,85.0,119.17,610.51,0
RB0060,2026-04,9,345.8,249.3,0.7211,0.9823,5485.23,85.0,104.72,462.13,0
RB0060,2026-05,10,341.1,252.8,0.741,0.9691,5561.47,85.0,106.17,804.46,0
RB0060,2026-06,11,347.5,252.9,0.7278,0.9871,5563.54,85.0,106.21,560.35,0
RB0061,2025-07,0,343.4,41.0,0.1194,0.9756,820.27,85.0,17.23,660.71,0
RB0061,2025-08,1,338.6,73.1,0.216,0.9618,1462.63,85.0,30.72,605.9,0
RB0061,2025-09,2,336.5,116.5,0.3462,0.956,2330.2,85.0,48.93,725.01,0
RB0061,2025-10,3,337.9,166.6,0.4932,0.9598,3332.54,85.0,69.98,810.47,0
RB0061,2025-11,4,346.3,180.1,0.5201,0.9837,3601.63,85.0,75.63,726.85,0
RB0061,2025-12,5,338.6,164.6,0.4862,0.962,3292.49,85.0,69.14,609.39,0
RB0061,2026-01,6,340.1,176.8,0.5198,0.9661,3535.42,85.0,74.24,655.15,0
RB0061,2026-02,7,335.6,145.4,0.4332,0.9535,2908.37,85.0,61.08,707.51,0
RB0061,2026-03,8,345.6,161.8,0.4682,0.9817,3236.02,85.0,67.96,587.62,0
RB0061,2026-04,9,339.5,156.1,0.4596,0.9646,3121.35,85.0,65.55,643.44,0
RB0061,2026-05,10,340.2,160.2,0.4709,0.9664,3203.82,85.0,67.28,654.72,0
RB0061,2026-06,11,343.3,155.5,0.453,0.9753,3110.34,85.0,65.32,645.36,0
RB0062,2025-07,0,345.2,49.8,0.1444,0.9808,1046.61,85.0,20.93,710.88,1
RB0062,2025-08,1,337.6,106.5,0.3155,0.9591,2236.6,85.0,44.73,702.98,0
RB0062,2025-09,2,343.1,143.8,0.419,0.9748,3019.15,85.0,60.38,834.77,0
RB0062,2025-10,3,342.4,229.3,0.6697,0.9728,4815.58,85.0,96.31,744.0,0
RB0062,2025-11,4,346.1,205.1,0.5926,0.9834,4307.57,85.0,86.15,640.34,0
RB0062,2025-12,5,339.4,215.0,0.6335,0.9643,4515.53,85.0,90.31,767.11,0
RB0062,2026-01,6,339.1,216.9,0.6397,0.9634,4555.88,85.0,91.12,789.51,0
RB0062,2026-02,7,337.8,186.2,0.5513,0.9596,3910.35,85.0,78.21,532.93,0
RB0062,2026-03,8,345.5,198.3,0.5739,0.9815,4163.36,85.0,83.27,674.28,0
RB0062,2026-04,9,334.5,188.9,0.5648,0.9502,3966.91,85.0,79.34,745.1,0
RB0062,2026-05,10,343.8,213.2,0.6202,0.9767,4477.34,85.0,89.55,735.49,0
RB0062,2026-06,11,341.1,212.8,0.6238,0.9691,4468.56,85.0,89.37,435.07,0
RB0063,2025-07,0,339.0,71.7,0.2115,0.963,1576.89,85.0,30.1,3090.66,0
RB0063,2025-08,1,323.6,124.5,0.3848,0.9194,2739.97,85.0,52.31,3013.79,0
RB0063,2025-09,2,311.0,194.5,0.6253,0.8836,4278.65,85.0,81.68,4613.31,0
RB0063,2025-10,3,336.5,237.9,0.7069,0.956,5233.48,85.0,99.91,4463.18,1
RB0063,2025-11,4,323.2,272.5,0.8431,0.9182,5994.25,85.0,114.44,2928.37,0
RB0063,2025-12,5,307.1,219.1,0.7135,0.8724,4820.26,85.0,92.02,3599.06,0
RB0063,2026-01,6,338.9,286.9,0.8465,0.9628,6311.88,85.0,120.5,3805.51,0
RB0063,2026-02,7,333.0,261.0,0.7838,0.9461,5742.58,85.0,109.63,2788.56,0
RB0063,2026-03,8,323.4,242.2,0.7489,0.9187,5328.09,85.0,101.72,2667.29,1
RB0063,2026-04,9,330.0,241.8,0.7327,0.9374,5319.26,85.0,101.55,3269.43,0
RB0063,2026-05,10,329.4,255.9,0.7768,0.9359,5630.01,85.0,107.48,4543.18,1
RB0063,2026-06,11,317.9,245.7,0.7728,0.9031,5404.53,85.0,103.18,3196.72,0
RB0064,2025-07,0,339.1,52.5,0.155,0.9633,1103.38,85.0,22.07,676.71,1
RB0064,2025-08,1,337.6,95.8,0.2837,0.9591,2011.25,85.0,40.23,739.33,0
RB0064,2025-09,2,346.2,158.8,0.4586,0.9834,3334.11,85.0,66.68,800.87,0
RB0064,2025-10,3,337.8,200.9,0.5947,0.9596,4218.05,85.0,84.36,767.71,0
RB0064,2025-11,4,338.4,219.5,0.6486,0.9614,4609.79,85.0,92.2,621.22,0
RB0064,2025-12,5,348.1,208.1,0.5979,0.989,4370.98,85.0,87.42,626.96,0
RB0064,2026-01,6,345.3,193.2,0.5594,0.981,4056.33,85.0,81.13,584.95,0
RB0064,2026-02,7,343.1,203.7,0.5935,0.9748,4277.05,85.0,85.54,573.55,0
RB0064,2026-03,8,342.2,206.6,0.6039,0.9721,4339.47,85.0,86.79,495.87,1
RB0064,2026-04,9,339.6,226.3,0.6665,0.9647,4752.8,85.0,95.06,693.47,0
RB0064,2026-05,10,343.8,197.0,0.573,0.9766,4136.92,85.0,82.74,572.7,0
RB0064,2026-06,11,346.4,221.4,0.6391,0.9842,4649.72,85.0,92.99,531.95,0
RB0065,2025-07,0,346.7,20.1,0.058,0.9848,381.97,85.0,8.44,1126.28,0
RB0065,2025-08,1,346.5,37.2,0.1073,0.9845,706.23,85.0,15.61,851.73,0
RB0065,2025-09,2,339.9,58.8,0.173,0.9656,1117.21,85.0,24.7,1151.35,0
RB0065,2025-10,3,337.6,71.7,0.2123,0.9591,1362.12,85.0,30.11,934.19,0
RB0065,2025-11,4,343.4,72.5,0.2112,0.9756,1378.05,85.0,30.46,1167.92,0
RB0065,2025-12,5,347.9,81.1,0.233,0.9884,1540.13,85.0,34.05,869.31,0
RB0065,2026-01,6,346.5,72.1,0.2082,0.9843,1370.79,85.0,30.3,1000.04,0
RB0065,2026-02,7,345.7,78.3,0.2266,0.982,1488.24,85.0,32.9,1045.7,0
RB0065,2026-03,8,336.7,73.2,0.2173,0.9565,1390.35,85.0,30.73,1066.87,0
RB0065,2026-04,9,334.4,70.9,0.2121,0.9501,1347.85,85.0,29.79,1082.6,0
RB0065,2026-05,10,344.1,70.2,0.204,0.9777,1333.89,85.0,29.49,1127.44,0
RB0065,2026-06,11,335.1,73.4,0.219,0.9519,1394.51,85.0,30.83,1028.0,0
RB0066,2025-08,0,337.5,40.4,0.1196,0.9587,807.37,85.0,16.95,975.84,0
RB0066,2025-09,1,340.7,84.5,0.2481,0.9678,1690.14,85.0,35.49,814.06,0
RB0066,2025-10,2,337.4,114.4,0.339,0.9585,2287.37,85.0,48.03,580.51,0
RB0066,2025-11,3,336.5,161.3,0.4793,0.956,3226.01,85.0,67.75,728.98,0
RB0066,2025-12,4,341.7,154.3,0.4517,0.9706,3086.92,85.0,64.83,850.88,0
RB0066,2026-01,5,337.5,170.4,0.5049,0.9589,3408.25,85.0,71.57,776.39,0
RB0066,2026-02,6,348.3,150.5,0.4321,0.9896,3010.36,85.0,63.22,522.35,0
RB0066,2026-03,7,345.4,152.8,0.4426,0.9811,3056.73,85.0,64.19,863.99,0
RB0066,2026-04,8,343.8,170.3,0.4952,0.9767,3405.17,85.0,71.51,741.45,0
RB0066,2026-05,9,339.2,171.6,0.5058,0.9636,3431.58,85.0,72.06,654.49,0
RB0066,2026-06,10,343.5,179.2,0.5218,0.9758,3584.37,85.0,75.27,665.72,0
RB0067,2025-08,0,346.2,65.6,0.1894,0.9837,1442.76,85.0,27.54,545.42,0
RB0067,2025-09,1,342.9,146.3,0.4265,0.9742,3217.63,85.0,61.43,780.08,0
RB0067,2025-10,2,342.4,190.4,0.5561,0.9727,4188.68,85.0,79.97,551.49,0
RB0067,2025-11,3,346.0,257.7,0.7449,0.9829,5670.23,85.0,108.25,492.83,0
RB0067,2025-12,4,348.3,270.5,0.7767,0.9894,5951.21,85.0,113.61,585.63,0
RB0067,2026-01,5,339.9,248.0,0.7296,0.9657,5455.82,85.0,104.16,786.49,0
RB0067,2026-02,6,335.6,286.0,0.8522,0.9533,6291.53,85.0,120.11,498.79,0
RB0067,2026-03,7,343.1,247.6,0.7219,0.9746,5448.08,85.0,104.01,636.86,0
RB0067,2026-04,8,347.8,281.1,0.8082,0.988,6183.16,85.0,118.04,666.48,0
RB0067,2026-05,9,342.8,252.1,0.7353,0.9739,5545.1,85.0,105.86,450.06,0
RB0067,2026-06,10,345.8,282.9,0.8183,0.9823,6224.55,85.0,118.83,495.08,1
RB0068,2025-08,0,347.3,72.8,0.2096,0.9867,1601.32,85.0,30.57,793.16,0
RB0068,2025-09,1,345.0,144.5,0.4187,0.9802,3177.99,85.0,60.67,802.09,0
RB0068,2025-10,2,339.3,206.5,0.6086,0.9638,4542.43,85.0,86.72,467.7,0
RB0068,2025-11,3,346.3,282.5,0.8156,0.9838,6213.97,85.0,118.63,738.0,0
RB0068,2025-12,4,338.4,271.5,0.8024,0.9613,5973.72,85.0,114.04,588.43,0
RB0068,2026-01,5,339.0,267.3,0.7887,0.963,5881.66,85.0,112.29,815.05,0
RB0068,2026-02,6,338.2,260.8,0.7711,0.9608,5737.27,85.0,109.53,832.63,0
RB0068,2026-03,7,348.2,262.0,0.7524,0.9892,5763.56,85.0,110.03,629.85,0
RB0068,2026-04,8,346.0,264.6,0.7647,0.983,5821.35,85.0,111.13,652.23,0
RB0068,2026-05,9,337.1,253.6,0.7525,0.9576,5579.89,85.0,106.53,766.6,0
RB0068,2026-06,10,338.3,266.4,0.7876,0.9611,5861.69,85.0,111.91,453.04,0
RB0069,2025-08,0,335.6,19.3,0.0574,0.9533,365.84,85.0,8.09,1026.68,0
RB0069,2025-09,1,340.0,38.5,0.1133,0.966,732.02,85.0,16.18,624.95,0
RB0069,2025-10,2,347.7,54.8,0.1576,0.9879,1041.24,85.0,23.02,925.14,0
RB0069,2025-11,3,346.4,69.5,0.2007,0.9842,1320.82,85.0,29.2,639.36,0
RB0069,2025-12,4,337.5,76.3,0.2261,0.9588,1449.68,85.0,32.05,1111.96,0
RB0069,2026-01,5,339.4,75.6,0.2227,0.9642,1436.2,85.0,31.75,1162.09,0
RB0069,2026-02,6,342.3,74.4,0.2173,0.9723,1413.13,85.0,31.24,1106.79,0
RB0069,2026-03,7,337.8,77.5,0.2294,0.9596,1472.53,85.0,32.55,680.52,0
RB0069,2026-04,8,346.6,81.4,0.2349,0.9846,1546.74,85.0,34.19,815.92,0
RB0069,2026-05,9,336.8,68.6,0.2037,0.9567,1303.34,85.0,28.81,1098.44,0
RB0069,2026-06,10,342.3,72.3,0.2112,0.9726,1373.93,85.0,30.37,628.94,0
RB0070,2025-08,0,343.7,45.2,0.1315,0.9765,903.95,85.0,18.98,596.57,0
RB0070,2025-09,1,334.8,81.1,0.2423,0.9513,1622.81,85.0,34.08,837.75,1
RB0070,2025-10,2,339.9,125.1,0.3679,0.9657,2501.03,85.0,52.52,679.33,0
RB0070,2025-11,3,347.4,171.4,0.4934,0.987,3428.33,85.0,71.99,813.95,0
RB0070,2025-12,4,342.1,167.5,0.4897,0.9719,3350.4,85.0,70.36,551.04,0
RB0070,2026-01,5,347.6,171.2,0.4925,0.9874,3423.69,85.0,71.9,685.59,0
RB0070,2026-02,6,347.7,176.0,0.5063,0.9878,3520.59,85.0,73.93,660.91,0
RB0070,2026-03,7,347.1,161.1,0.4642,0.9862,3222.44,85.0,67.67,745.28,0
RB0070,2026-04,8,339.9,162.1,0.4768,0.9657,3241.33,85.0,68.07,648.75,0
RB0070,2026-05,9,335.1,163.3,0.4874,0.9519,3266.07,85.0,68.59,967.05,0
RB0070,2026-06,10,344.1,149.4,0.4343,0.9776,2988.82,85.0,62.77,709.68,0
RB0071,2025-08,0,336.0,59.7,0.1776,0.9545,1312.67,85.0,25.06,709.44,0
RB0071,2025-09,1,345.2,131.6,0.3812,0.9806,2894.68,85.0,55.26,685.17,0
RB0071,2025-10,2,337.0,178.4,0.5294,0.9573,3924.9,85.0,74.93,420.68,0
RB0071,2025-11,3,344.1,282.0,0.8194,0.9776,6203.53,85.0,118.43,647.82,0
RB0071,2025-12,4,337.0,251.6,0.7468,0.9573,5535.83,85.0,105.68,756.24,0
RB0071,2026-01,5,340.4,291.8,0.8571,0.9672,6419.4,85.0,122.55,496.49,0
RB0071,2026-02,6,339.4,287.5,0.8471,0.9642,6325.19,85.0,120.75,475.46,0
RB0071,2026-03,7,345.6,296.4,0.8574,0.982,6519.86,85.0,124.47,446.44,0
RB0071,2026-04,8,342.1,244.5,0.7148,0.9718,5379.49,85.0,102.7,809.62,0
RB0071,2026-05,9,347.6,281.5,0.8099,0.9874,6192.62,85.0,118.22,469.45,0
RB0071,2026-06,10,344.7,266.6,0.7733,0.9793,5864.31,85.0,111.95,486.07,0
RB0072,2025-08,0,343.0,63.5,0.1851,0.9745,1396.91,85.0,26.67,543.75,0
RB0072,2025-09,1,342.3,133.9,0.3911,0.9724,2945.18,85.0,56.23,476.77,0
RB0072,2025-10,2,346.1,193.0,0.5577,0.9833,4246.49,85.0,81.07,460.42,0
RB0072,2025-11,3,346.8,292.2,0.8426,0.9851,6427.95,85.0,122.72,552.8,0
RB0072,2025-12,4,335.1,286.0,0.8536,0.9519,6292.08,85.0,120.12,490.79,0
RB0072,2026-01,5,334.6,280.1,0.8372,0.9505,6162.18,85.0,117.64,702.77,0
RB0072,2026-02,6,347.3,252.3,0.7264,0.9867,5550.43,85.0,105.96,788.14,0
RB0072,2026-03,7,347.7,285.2,0.8201,0.9879,6274.45,85.0,119.78,563.07,0
RB0072,2026-04,8,337.3,286.6,0.8499,0.9581,6306.01,85.0,120.39,755.22,1
RB0072,2026-05,9,341.8,262.4,0.7676,0.9712,5772.61,85.0,110.2,523.18,0
RB0072,2026-06,10,340.1,276.5,0.813,0.9662,6082.77,85.0,116.13,712.04,0
RB0073,2025-09,0,341.8,51.5,0.1507,0.971,1082.02,85.0,21.64,514.93,0
RB0073,2025-10,1,343.3,102.3,0.2979,0.9753,2147.76,85.0,42.96,481.09,1
RB0073,2025-11,2,346.8,143.8,0.4147,0.9851,3019.95,85.0,60.4,482.87,0
RB0073,2025-12,3,335.6,196.7,0.5862,0.9534,4131.35,85.0,82.63,600.36,0
RB0073,2026-01,4,340.3,189.2,0.556,0.9669,3973.88,85.0,79.48,725.05,0
RB0073,2026-02,5,345.6,216.6,0.6266,0.9819,4548.07,85.0,90.96,423.44,0
RB0073,2026-03,6,344.0,210.7,0.6125,0.9772,4424.28,85.0,88.49,524.0,0
RB0073,2026-04,7,339.6,194.4,0.5724,0.9648,4081.96,85.0,81.64,745.41,0
RB0073,2026-05,8,341.3,217.7,0.6377,0.9696,4570.83,85.0,91.42,492.84,0
RB0073,2026-06,9,341.6,190.5,0.5578,0.9703,4000.85,85.0,80.02,524.19,0
RB0074,2025-09,0,342.6,54.5,0.159,0.9734,1144.09,85.0,22.88,653.32,0
RB0074,2025-10,1,345.5,106.4,0.3078,0.9817,2233.74,85.0,44.67,501.68,0
RB0074,2025-11,2,340.3,141.0,0.4142,0.9667,2960.16,85.0,59.2,657.18,0
RB0074,2025-12,3,337.9,212.8,0.6298,0.9599,4468.61,85.0,89.37,515.24,0
RB0074,2026-01,4,334.6,222.0,0.6635,0.9506,4662.19,85.0,93.24,468.74,0
RB0074,2026-02,5,344.7,224.3,0.6506,0.9792,4709.66,85.0,94.19,728.63,0
RB0074,2026-03,6,335.5,219.4,0.654,0.9531,4607.51,85.0,92.15,730.18,0
RB0074,2026-04,7,340.2,199.8,0.5874,0.9664,4195.76,85.0,83.92,766.61,0
RB0074,2026-05,8,338.2,200.6,0.593,0.9608,4211.78,85.0,84.24,666.78,0
RB0074,2026-06,9,340.1,213.2,0.627,0.9661,4477.57,85.0,89.55,695.95,0
RB0075,2025-09,0,344.3,18.6,0.0541,0.9781,354.11,85.0,7.83,962.17,0
RB0075,2025-10,1,346.0,41.6,0.1204,0.9829,791.31,85.0,17.49,1011.42,0
RB0075,2025-11,2,341.8,55.7,0.163,0.9711,1058.74,85.0,23.4,823.61,0
RB0075,2025-12,3,336.4,70.0,0.2081,0.9557,1330.38,85.0,29.41,790.92,0
RB0075,2026-01,4,343.8,68.2,0.1983,0.9767,1295.26,85.0,28.63,1107.09,0
RB0075,2026-02,5,346.2,75.3,0.2176,0.9834,1431.05,85.0,31.63,892.92,0
RB0075,2026-03,6,341.2,71.2,0.2086,0.9694,1352.22,85.0,29.89,1069.57,0
RB0075,2026-04,7,345.7,83.2,0.2408,0.982,1581.6,85.0,34.96,632.06,0
RB0075,2026-05,8,339.6,81.5,0.2401,0.9647,1549.37,85.0,34.25,928.65,0
RB0075,2026-06,9,337.0,68.8,0.204,0.9573,1306.28,85.0,28.88,854.6,0
RB0076,2025-09,0,345.5,56.6,0.1638,0.9817,1188.54,85.0,23.77,430.11,0
RB0076,2025-10,1,337.8,99.1,0.2933,0.9597,2080.31,85.0,41.61,786.27,0
RB0076,2025-11,2,338.8,157.3,0.4643,0.9625,3303.64,85.0,66.07,576.91,0
RB0076,2025-12,3,347.1,216.9,0.625,0.986,4555.42,85.0,91.11,621.89,0
RB0076,2026-01,4,337.8,208.9,0.6183,0.9598,4386.39,85.0,87.73,789.69,0
RB0076,2026-02,5,346.9,227.3,0.6553,0.9856,4774.14,85.0,95.48,578.87,0
RB0076,2026-03,6,335.7,216.2,0.6439,0.9537,4539.25,85.0,90.79,463.42,0
RB0076,2026-04,7,338.2,195.9,0.5795,0.9607,4114.91,85.0,82.3,783.86,0
RB0076,2026-05,8,337.5,203.6,0.6033,0.9587,4275.49,85.0,85.51,745.36,1
RB0076,2026-06,9,342.5,209.5,0.6117,0.9729,4398.84,85.0,87.98,799.24,0
RB0077,2025-09,0,348.3,18.7,0.0536,0.9894,354.58,85.0,7.84,910.43,0
RB0077,2025-10,1,346.6,34.8,0.1004,0.9846,660.96,85.0,14.61,926.65,0
RB0077,2025-11,2,340.6,53.0,0.1556,0.9677,1007.37,85.0,22.27,824.11,0
RB0077,2025-12,3,336.9,76.4,0.2267,0.957,1450.94,85.0,32.07,1125.5,0
RB0077,2026-01,4,342.3,78.1,0.2283,0.9726,1484.72,85.0,32.82,595.06,0
RB0077,2026-02,5,347.3,73.7,0.2122,0.9867,1400.02,85.0,30.95,1091.42,0
RB0077,2026-03,6,343.1,77.0,0.2244,0.9746,1462.59,85.0,32.33,627.53,0
RB0077,2026-04,7,336.1,74.7,0.2222,0.9549,1419.29,85.0,31.37,1017.38,0
RB0077,2026-05,8,343.0,77.1,0.2246,0.9745,1464.03,85.0,32.36,611.97,0
RB0077,2026-06,9,335.7,78.3,0.2332,0.9538,1487.56,85.0,32.88,812.26,0
RB0078,2025-09,0,347.0,61.2,0.1763,0.9857,1345.65,85.0,25.69,523.75,0
RB0078,2025-10,1,348.3,133.4,0.3829,0.9894,2934.11,85.0,56.01,810.76,0
RB0078,2025-11,2,345.5,192.2,0.5562,0.9816,4228.21,85.0,80.72,555.98,0
RB0078,2025-12,3,341.7,264.8,0.775,0.9708,5826.11,85.0,111.23,597.62,0
RB0078,2026-01,4,334.7,273.0,0.8156,0.9507,6004.98,85.0,114.64,666.78,0
RB0078,2026-02,5,342.9,292.3,0.8527,0.974,6431.7,85.0,122.79,542.23,0
RB0078,2026-03,6,347.5,252.4,0.7264,0.9872,5553.1,85.0,106.01,787.64,0
RB0078,2026-04,7,335.2,246.3,0.7346,0.9524,5417.91,85.0,103.43,606.2,0
RB0078,2026-05,8,339.1,287.4,0.8478,0.9632,6323.67,85.0,120.72,660.66,0
RB0078,2026-06,9,334.5,268.4,0.8023,0.9503,5904.12,85.0,112.72,727.66,0
RB0079,2025-10,0,341.7,69.9,0.2045,0.9709,1537.73,85.0,29.36,621.29,0
RB0079,2025-11,1,339.3,122.7,0.3616,0.9639,2699.18,85.0,51.53,674.7,0
RB0079,2025-12,2,342.5,196.9,0.5748,0.973,4331.28,85.0,82.69,552.7,0
RB0079,2026-01,3,343.6,266.7,0.776,0.9763,5866.8,85.0,112.0,744.23,0
RB0079,2026-02,4,337.6,278.3,0.8244,0.9591,6122.9,85.0,116.89,789.92,0
RB0079,2026-03,5,347.6,283.0,0.8141,0.9876,6226.35,85.0,118.87,654.27,0
RB0079,2026-04,6,346.5,289.5,0.8357,0.9843,6369.68,85.0,121.6,799.51,0
RB0079,2026-05,7,343.6,243.3,0.7081,0.9762,5352.55,85.0,102.19,547.29,0
RB0079,2026-06,8,335.6,280.5,0.8358,0.9533,6170.04,85.0,117.79,514.27,0
RB0080,2025-10,0,341.8,47.6,0.1392,0.9709,999.09,85.0,19.98,482.11,0
RB0080,2025-11,1,340.3,97.5,0.2867,0.9666,2048.27,85.0,40.97,687.47,0
RB0080,2025-12,2,341.5,153.8,0.4504,0.9701,3230.12,85.0,64.6,742.99,0
RB0080,2026-01,3,336.3,210.5,0.626,0.9553,4420.7,85.0,88.41,543.06,1
RB0080,2026-02,4,346.2,207.9,0.6006,0.9836,4366.64,85.0,87.33,834.68,0
RB0080,2026-03,5,345.7,190.2,0.5503,0.982,3994.62,85.0,79.89,472.01,0
RB0080,2026-04,6,337.9,226.0,0.6688,0.9598,4745.54,85.0,94.91,807.96,0
RB0080,2026-05,7,338.5,211.5,0.6248,0.9615,4440.89,85.0,88.82,546.28,0
RB0080,2026-06,8,340.2,205.0,0.6025,0.9666,4305.04,85.0,86.1,583.75,1
RB0081,2025-10,0,346.4,51.6,0.1491,0.984,1084.28,85.0,21.69,835.33,0
RB0081,2025-11,1,339.7,109.4,0.322,0.9651,2297.37,85.0,45.95,493.09,0
RB0081,2025-12,2,336.0,151.0,0.4494,0.9547,3171.15,85.0,63.42,676.35,0
RB0081,2026-01,3,334.8,207.7,0.6205,0.9511,4362.49,85.0,87.25,577.09,0
RB0081,2026-02,4,342.1,191.5,0.5597,0.9718,4020.51,85.0,80.41,574.26,0
RB0081,2026-03,5,343.6,192.8,0.5611,0.9762,4048.58,85.0,80.97,795.57,0
RB0081,2026-04,6,345.0,224.7,0.6512,0.9801,4718.33,85.0,94.37,836.23,0
RB0081,2026-05,7,337.0,190.6,0.5656,0.9573,4002.3,85.0,80.05,810.99,1
RB0081,2026-06,8,344.5,201.6,0.5853,0.9786,4233.75,85.0,84.68,740.59,0
RB0082,2025-10,0,339.0,51.5,0.1518,0.9631,1080.57,85.0,21.61,795.25,0
RB0082,2025-11,1,346.2,108.5,0.3135,0.9835,2279.23,85.0,45.58,710.79,0
RB0082,2025-12,2,341.9,144.4,0.4224,0.9713,3032.48,85.0,60.65,482.53,0
RB0082,2026-01,3,337.1,210.2,0.6235,0.9577,4413.93,85.0,88.28,832.61,0
RB0082,2026-02,4,348.2,231.5,0.6649,0.9891,4861.39,85.0,97.23,776.9,0
RB0082,2026-03,5,339.2,198.2,0.5843,0.9637,4162.33,85.0,83.25,634.96,0
RB0082,2026-04,6,340.1,216.0,0.6349,0.9663,4535.1,85.0,90.7,435.38,0
RB0082,2026-05,7,339.6,187.4,0.5518,0.9647,3934.9,85.0,78.7,726.9,0
RB0082,2026-06,8,345.9,221.5,0.6404,0.9827,4651.74,85.0,93.03,607.59,0
RB0083,2025-10,0,340.9,66.6,0.1955,0.9684,1466.03,85.0,27.99,589.81,0
RB0083,2025-11,1,344.5,138.5,0.4019,0.9788,3046.55,85.0,58.16,726.59,0
RB0083,2025-12,2,335.6,189.0,0.5631,0.9534,4156.92,85.0,79.36,624.75,0
RB0083,2026-01,3,336.6,265.4,0.7884,0.9562,5837.96,85.0,111.45,812.42,0
RB0083,2026-02,4,338.9,267.7,0.7899,0.9628,5889.57,85.0,112.44,795.08,0
RB0083,2026-03,5,343.0,254.7,0.7425,0.9745,5603.59,85.0,106.98,752.46,0
RB0083,2026-04,6,338.5,266.8,0.7881,0.9618,5869.73,85.0,112.06,592.44,0
RB0083,2026-05,7,347.2,253.2,0.7293,0.9863,5570.86,85.0,106.35,579.09,0
RB0083,2026-06,8,343.9,267.3,0.7773,0.9771,5881.33,85.0,112.28,746.77,0
RB0084,2025-10,0,335.0,47.7,0.1425,0.9517,1002.7,85.0,20.05,673.16,0
RB0084,2025-11,1,340.9,108.6,0.3186,0.9684,2280.72,85.0,45.61,618.73,1
RB0084,2025-12,2,347.3,147.6,0.425,0.9868,3099.97,85.0,62.0,791.45,0
RB0084,2026-01,3,337.3,220.4,0.6535,0.9583,4629.12,85.0,92.58,687.91,0
RB0084,2026-02,4,337.3,195.8,0.5805,0.9582,4111.62,85.0,82.23,629.51,0
RB0084,2026-03,5,336.8,211.7,0.6286,0.9567,4445.59,85.0,88.91,692.9,0
RB0084,2026-04,6,343.8,189.4,0.551,0.9766,3977.81,85.0,79.56,634.45,0
RB0084,2026-05,7,342.6,201.5,0.5881,0.9732,4231.24,85.0,84.62,835.41,0
RB0084,2026-06,8,335.3,224.1,0.6685,0.9525,4706.73,85.0,94.13,424.24,1
RB0085,2025-10,0,340.9,37.2,0.1091,0.9684,743.92,85.0,15.62,757.4,0
RB0085,2025-11,1,336.3,84.4,0.251,0.9553,1688.29,85.0,35.45,738.39,0
RB0085,2025-12,2,342.8,114.1,0.3328,0.9738,2281.4,85.0,47.91,846.08,0
RB0085,2026-01,3,348.1,160.2,0.4601,0.989,3203.58,85.0,67.28,625.26,0
RB0085,2026-02,4,338.6,169.5,0.5005,0.962,3389.73,85.0,71.18,737.46,0
RB0085,2026-03,5,336.4,151.9,0.4514,0.9558,3037.61,85.0,63.79,601.75,0
RB0085,2026-04,6,346.6,168.5,0.4863,0.9846,3370.39,85.0,70.78,792.88,0
RB0085,2026-05,7,345.1,174.7,0.5061,0.9804,3493.2,85.0,73.36,969.85,0
RB0085,2026-06,8,335.0,156.2,0.4663,0.9518,3124.88,85.0,65.62,997.57,0
RB0086,2025-10,0,335.6,37.0,0.1104,0.9533,740.84,85.0,15.56,766.44,0
RB0086,2025-11,1,347.3,83.2,0.2396,0.9868,1664.6,85.0,34.96,524.76,0
RB0086,2025-12,2,345.1,130.0,0.3766,0.9805,2599.69,85.0,54.59,916.64,0
RB0086,2026-01,3,334.8,162.4,0.4849,0.9513,3247.65,85.0,68.2,849.7,0
RB0086,2026-02,4,340.4,163.6,0.4806,0.967,3271.91,85.0,68.71,904.27,0
RB0086,2026-03,5,346.4,179.8,0.519,0.9841,3595.57,85.0,75.51,648.55,0
RB0086,2026-04,6,340.6,156.4,0.4593,0.9678,3128.93,85.0,65.71,912.85,0
RB0086,2026-05,7,341.9,156.2,0.457,0.9712,3124.97,85.0,65.62,847.75,0
RB0086,2026-06,8,338.9,160.1,0.4723,0.9629,3201.48,85.0,67.23,602.39,0
RB0087,2025-10,0,336.6,55.0,0.1634,0.9562,1154.75,85.0,23.1,820.62,0
RB0087,2025-11,1,347.7,110.0,0.3163,0.9879,2310.15,85.0,46.2,479.27,0
RB0087,2025-12,2,346.0,147.9,0.4276,0.983,3106.84,85.0,62.14,713.69,0
RB0087,2026-01,3,338.8,220.3,0.6504,0.9624,4626.67,85.0,92.53,584.06,0
RB0087,2026-02,4,345.6,194.2,0.5619,0.9819,4078.55,85.0,81.57,479.79,0
RB0087,2026-03,5,341.1,192.7,0.5649,0.9689,4045.73,85.0,80.91,513.61,0
RB0087,2026-04,6,346.5,219.5,0.6335,0.9844,4609.47,85.0,92.19,740.64,0
RB0087,2026-05,7,344.4,222.8,0.647,0.9784,4679.45,85.0,93.59,511.31,0
RB0087,2026-06,8,344.0,213.4,0.6203,0.9773,4481.02,85.0,89.62,725.18,0
RB0088,2025-10,0,338.5,44.6,0.1318,0.9617,892.51,85.0,18.74,786.89,0
RB0088,2025-11,1,343.5,75.7,0.2203,0.9759,1513.39,85.0,31.78,809.31,0
RB0088,2025-12,2,338.4,115.5,0.3412,0.9612,2309.22,85.0,48.49,653.71,0
RB0088,2026-01,3,335.6,175.8,0.524,0.9535,3516.96,85.0,73.86,714.68,0
RB0088,2026-02,4,337.8,164.7,0.4876,0.9597,3294.84,85.0,69.19,924.55,0
RB0088,2026-03,5,336.7,173.6,0.5156,0.9566,3472.22,85.0,72.92,607.48,0
RB0088,2026-04,6,344.8,181.1,0.5251,0.9795,3621.13,85.0,76.04,693.33,0
RB0088,2026-05,7,346.6,178.8,0.5159,0.9846,3575.88,85.0,75.09,524.3,0
RB0088,2026-06,8,337.7,162.5,0.4814,0.9592,3250.58,85.0,68.26,514.59,0
RB0089,2025-10,0,339.3,48.9,0.1441,0.9639,1027.01,85.0,20.54,555.88,0
RB0089,2025-11,1,348.3,108.7,0.3121,0.9894,2282.86,85.0,45.66,527.79,0
RB0089,2025-12,2,346.8,154.0,0.444,0.9853,3234.01,85.0,64.68,819.62,0
RB0089,2026-01,3,339.0,195.2,0.576,0.963,4099.89,85.0,82.0,615.05,0
RB0089,2026-02,4,343.4,196.7,0.5726,0.9757,4129.99,85.0,82.6,758.3,0
RB0089,2026-03,5,344.8,202.2,0.5864,0.9797,4246.37,85.0,84.93,573.48,0
RB0089,2026-04,6,344.4,212.9,0.6181,0.9783,4470.01,85.0,89.4,483.28,0
RB0089,2026-05,7,343.8,201.5,0.586,0.9768,4231.37,85.0,84.63,475.9,1
RB0089,2026-06,8,346.7,214.2,0.6177,0.985,4497.48,85.0,89.95,694.69,0
RB0090,2025-11,0,344.9,19.7,0.0571,0.9799,374.32,85.0,8.27,1013.18,0
RB0090,2025-12,1,340.3,34.7,0.102,0.9668,659.81,85.0,14.59,1154.66,0
RB0090,2026-01,2,346.8,61.3,0.1768,0.9851,1165.02,85.0,25.75,813.34,0
RB0090,2026-02,3,345.9,76.6,0.2215,0.9828,1455.59,85.0,32.18,1036.17,0
RB0090,2026-03,4,348.2,75.5,0.2167,0.9892,1433.83,85.0,31.7,1013.85,1
RB0090,2026-04,5,340.8,77.4,0.2272,0.9681,1470.88,85.0,32.51,1106.22,0
RB0090,2026-05,6,344.3,83.0,0.2411,0.9782,1577.21,85.0,34.86,674.24,0
RB0090,2026-06,7,345.0,68.4,0.1981,0.9802,1298.68,85.0,28.71,1102.78,0
RB0091,2025-11,0,341.6,72.9,0.2134,0.9703,1603.77,85.0,30.62,611.23,0
RB0091,2025-12,1,339.8,132.2,0.3891,0.9655,2909.23,85.0,55.54,734.65,0
RB0091,2026-01,2,343.2,189.3,0.5515,0.975,4163.88,85.0,79.49,435.18,0
RB0091,2026-02,3,338.1,244.0,0.7218,0.9605,5368.77,85.0,102.49,543.66,0
RB0091,2026-03,4,339.5,257.5,0.7587,0.9644,5665.92,85.0,108.17,504.78,0
RB0091,2026-04,5,336.1,259.5,0.7722,0.9549,5709.87,85.0,109.01,737.39,0
RB0091,2026-05,6,342.0,248.1,0.7253,0.9716,5457.41,85.0,104.19,445.78,0
RB0091,2026-06,7,338.2,261.6,0.7733,0.9609,5754.47,85.0,109.86,743.97,0
RB0092,2025-11,0,338.7,51.3,0.1514,0.9621,1076.58,85.0,21.53,634.18,0
RB0092,2025-12,1,338.0,96.0,0.2841,0.9601,2016.47,85.0,40.33,829.96,0
RB0092,2026-01,2,342.5,172.2,0.5028,0.973,3616.1,85.0,72.32,535.24,0
RB0092,2026-02,3,344.1,194.9,0.5663,0.9777,4093.01,85.0,81.86,723.64,0
RB0092,2026-03,4,336.1,191.4,0.5696,0.9548,4020.12,85.0,80.4,668.77,0
RB0092,2026-04,5,341.4,187.5,0.5491,0.97,3937.05,85.0,78.74,498.97,0
RB0092,2026-05,6,338.2,189.4,0.56,0.9608,3977.53,85.0,79.55,780.37,0
RB0092,2026-06,7,337.8,187.2,0.5542,0.9597,3931.8,85.0,78.64,780.65,1
RB0093,2025-11,0,334.8,18.0,0.0538,0.9512,342.29,85.0,7.57,809.38,0
RB0093,2025-12,1,340.4,41.1,0.1207,0.9671,780.5,85.0,17.25,969.15,0
RB0093,2026-01,2,334.5,51.2,0.1532,0.9502,973.54,85.0,21.52,987.42,0
RB0093,2026-02,3,346.2,73.3,0.2117,0.9834,1392.57,85.0,30.78,616.86,0
RB0093,2026-03,4,346.9,73.4,0.2117,0.9856,1395.14,85.0,30.84,889.51,0
RB0093,2026-04,5,341.0,68.9,0.2019,0.9687,1308.17,85.0,28.92,837.38,0
RB0093,2026-05,6,334.8,72.4,0.2163,0.9511,1375.73,85.0,30.41,1085.73,0
RB0093,2026-06,7,340.4,81.4,0.2392,0.967,1547.0,85.0,34.2,612.27,0
RB0094,2025-11,0,343.5,55.7,0.1621,0.9758,1169.08,85.0,23.38,675.42,0
RB0094,2025-12,1,341.3,110.3,0.3233,0.9695,2316.98,85.0,46.34,553.44,0
RB0094,2026-01,2,344.0,169.1,0.4915,0.9773,3551.03,85.0,71.02,606.71,0
RB0094,2026-02,3,338.5,203.3,0.6004,0.9618,4268.29,85.0,85.37,473.95,0
RB0094,2026-03,4,344.5,218.6,0.6347,0.9787,4591.61,85.0,91.83,743.07,0
RB0094,2026-04,5,339.8,213.5,0.6282,0.9654,4483.06,85.0,89.66,690.08,0
RB0094,2026-05,6,348.0,230.7,0.6629,0.9887,4844.92,85.0,96.9,484.56,0
RB0094,2026-06,7,343.1,219.7,0.6403,0.9746,4612.79,85.0,92.26,780.59,0
RB0095,2025-11,0,335.3,54.9,0.1639,0.9525,1153.78,85.0,23.08,465.56,0
RB0095,2025-12,1,345.0,100.1,0.2901,0.9801,2101.54,85.0,42.03,707.66,0
RB0095,2026-01,2,341.7,159.1,0.4657,0.9706,3341.35,85.0,66.83,451.31,0
RB0095,2026-02,3,342.6,207.9,0.6068,0.9733,4365.79,85.0,87.32,485.09,0
RB0095,2026-03,4,345.0,191.8,0.5559,0.9802,4027.95,85.0,80.56,768.69,0
RB0095,2026-04,5,348.4,191.7,0.5501,0.9899,4025.02,85.0,80.5,806.26,0
RB0095,2026-05,6,341.3,196.4,0.5753,0.9697,4123.87,85.0,82.48,559.57,0
RB0095,2026-06,7,337.7,199.3,0.5901,0.9595,4185.4,85.0,83.71,662.57,0
RB0096,2025-11,0,337.7,62.4,0.1846,0.9595,1371.82,85.0,26.19,715.63,0
RB0096,2025-12,1,335.4,139.0,0.4145,0.9528,3058.39,85.0,58.39,530.57,0
RB0096,2026-01,2,336.7,192.6,0.572,0.9564,4236.72,85.0,80.88,452.01,0
RB0096,2026-02,3,339.7,258.1,0.7599,0.9649,5678.19,85.0,108.4,794.57,0
RB0096,2026-03,4,339.4,248.5,0.7322,0.9642,5467.3,85.0,104.38,585.03,0
RB0096,2026-04,5,342.4,267.1,0.78,0.9729,5876.59,85.0,112.19,690.4,0
RB0096,2026-05,6,344.8,244.2,0.7082,0.9795,5371.54,85.0,102.55,815.57,0
RB0096,2026-06,7,337.0,272.9,0.81,0.9572,6004.15,85.0,114.62,734.74,0
RB0097,2025-11,0,343.0,48.8,0.1421,0.9743,1023.75,85.0,20.48,592.45,0
RB0097,2025-12,1,335.9,93.8,0.2791,0.9544,1969.07,85.0,39.38,708.36,0
RB0097,2026-01,2,346.2,151.7,0.4383,0.9835,3186.4,85.0,63.73,738.48,0
RB0097,2026-02,3,343.3,191.3,0.5575,0.9751,4018.31,85.0,80.37,563.44,0
RB0097,2026-03,4,339.8,201.7,0.5936,0.9654,4236.08,85.0,84.72,449.77,0
RB0097,2026-04,5,337.9,217.3,0.643,0.9599,4562.53,85.0,91.25,727.82,0
RB0097,2026-05,6,347.0,197.5,0.5692,0.9858,4148.04,85.0,82.96,439.85,0
RB0097,2026-06,7,336.1,187.9,0.559,0.9547,3945.0,85.0,78.9,705.6,0
RB0098,2025-11,0,345.2,48.1,0.1395,0.9808,1010.99,85.0,20.22,712.87,1
RB0098,2025-12,1,343.7,103.9,0.3024,0.9763,2182.62,85.0,43.65,444.93,0
RB0098,2026-01,2,338.3,152.2,0.4501,0.9609,3197.04,85.0,63.94,450.32,0
RB0098,2026-02,3,334.9,224.3,0.6698,0.9514,4710.55,85.0,94.21,661.62,0
RB0098,2026-03,4,344.6,192.9,0.5599,0.9789,4051.6,85.0,81.03,440.21,0
RB0098,2026-04,5,346.6,206.3,0.5952,0.9846,4331.58,85.0,86.63,479.84,0
RB0098,2026-05,6,345.5,231.1,0.6689,0.9814,4853.04,85.0,97.06,816.89,0
RB0098,2026-06,7,344.2,194.1,0.5641,0.9778,4077.09,85.0,81.54,580.52,0
RB0099,2025-11,0,342.9,53.6,0.1562,0.9742,1124.58,85.0,22.49,474.47,0
RB0099,2025-12,1,335.6,98.7,0.2943,0.9534,2073.7,85.0,41.47,712.32,0
RB0099,2026-01,2,339.3,151.7,0.4472,0.9638,3186.32,85.0,63.73,612.01,0
RB0099,2026-02,3,337.8,224.6,0.6647,0.9597,4715.74,85.0,94.31,538.74,0
RB0099,2026-03,4,346.6,210.5,0.6073,0.9847,4420.43,85.0,88.41,675.04,0
RB0099,2026-04,5,343.8,208.6,0.6067,0.9767,4379.97,85.0,87.6,566.59,0
RB0099,2026-05,6,338.0,224.8,0.6651,0.9602,4720.93,85.0,94.42,550.29,0
RB0099,2026-06,7,348.1,195.5,0.5616,0.989,4105.93,85.0,82.12,699.46,0
RB0100,2025-11,0,327.9,66.6,0.2033,0.9314,1466.07,85.0,27.99,2331.0,0
RB0100,2025-12,1,322.8,120.9,0.3745,0.9171,2659.62,85.0,50.77,3306.37,1
RB0100,2026-01,2,314.3,169.0,0.5376,0.893,3717.57,85.0,70.97,2457.55,1
RB0100,2026-02,3,314.2,261.3,0.8316,0.8926,5747.79,85.0,109.73,4492.16,0
RB0100,2026-03,4,324.6,256.2,0.7892,0.9222,5636.52,85.0,107.61,3602.21,0
RB0100,2026-04,5,317.6,261.4,0.823,0.9024,5751.38,85.0,109.8,2321.78,0
RB0100,2026-05,6,333.6,281.7,0.8445,0.9477,6197.82,85.0,118.32,4319.14,0
RB0100,2026-06,7,341.8,283.7,0.83,0.971,6241.7,85.0,119.16,3227.64,1
RB0101,2025-12,0,345.5,48.7,0.1411,0.9815,1023.54,85.0,20.47,767.26,0
RB0101,2026-01,1,346.0,108.5,0.3137,0.9829,2278.89,85.0,45.58,426.51,0
RB0101,2026-02,2,343.4,148.4,0.4322,0.9756,3117.23,85.0,62.34,530.82,0
RB0101,2026-03,3,335.6,190.8,0.5685,0.9535,4006.5,85.0,80.13,604.19,0
RB0101,2026-04,4,335.0,207.2,0.6184,0.9518,4350.79,85.0,87.02,588.8,0
RB0101,2026-05,5,335.0,211.7,0.6319,0.9518,4446.32,85.0,88.93,623.75,0
RB0101,2026-06,6,343.4,192.6,0.5609,0.9757,4045.12,85.0,80.9,725.62,0
RB0102,2025-12,0,344.9,42.8,0.1241,0.9797,855.82,85.0,17.97,532.17,0
RB0102,2026-01,1,337.0,88.3,0.2621,0.9574,1766.75,85.0,37.1,524.68,0
RB0102,2026-02,2,336.2,109.5,0.3257,0.9551,2189.86,85.0,45.99,846.99,0
RB0102,2026-03,3,341.9,167.3,0.4895,0.9712,3346.87,85.0,70.28,648.49,0
RB0102,2026-04,4,347.7,175.4,0.5044,0.9878,3507.47,85.0,73.66,526.02,0
RB0102,2026-05,5,339.0,154.1,0.4546,0.9631,3082.45,85.0,64.73,720.2,0
RB0102,2026-06,6,347.1,166.6,0.4799,0.9861,3331.76,85.0,69.97,550.05,0
RB0103,2025-12,0,339.2,39.4,0.1161,0.9636,787.43,85.0,16.54,767.47,0
RB0103,2026-01,1,340.9,76.1,0.2231,0.9685,1521.27,85.0,31.95,865.35,0
RB0103,2026-02,2,343.5,119.5,0.3479,0.9758,2389.67,85.0,50.18,845.66,0
RB0103,2026-03,3,335.6,161.2,0.4803,0.9533,3223.48,85.0,67.69,551.21,0
RB0103,2026-04,4,348.4,173.3,0.4973,0.9899,3465.93,85.0,72.78,752.0,0
RB0103,2026-05,5,337.8,173.3,0.5129,0.9598,3465.42,85.0,72.77,839.32,0
RB0103,2026-06,6,336.7,157.8,0.4687,0.9566,3156.53,85.0,66.29,837.91,0
RB0104,2025-12,0,344.6,68.8,0.1995,0.9789,1512.66,85.0,28.88,513.48,0
RB0104,2026-01,1,342.6,125.3,0.3658,0.9733,2757.18,85.0,52.64,772.52,0
RB0104,2026-02,2,345.4,188.2,0.545,0.9812,4141.02,85.0,79.06,528.91,0
RB0104,2026-03,3,345.6,250.7,0.7256,0.9817,5516.38,85.0,105.31,722.33,0
RB0104,2026-04,4,347.8,258.7,0.7439,0.9881,5691.92,85.0,108.66,428.39,0
RB0104,2026-05,5,334.8,266.2,0.795,0.9511,5855.57,85.0,111.79,687.93,0
RB0104,2026-06,6,348.2,271.4,0.7794,0.9892,5970.67,85.0,113.99,678.42,0
RB0105,2025-12,0,348.2,64.8,0.186,0.9891,1424.59,85.0,27.2,796.61,0
RB0105,2026-01,1,346.0,144.9,0.4189,0.983,3188.79,85.0,60.88,490.31,1
RB0105,2026-02,2,341.2,196.8,0.5767,0.9694,4329.61,85.0,82.66,796.87,0
RB0105,2026-03,3,341.2,251.2,0.7364,0.9692,5527.24,85.0,105.52,678.73,0
RB0105,2026-04,4,336.2,257.6,0.7661,0.9552,5667.25,85.0,108.19,571.78,0
RB0105,2026-05,5,338.7,271.6,0.8019,0.9621,5974.97,85.0,114.07,445.07,0
RB0105,2026-06,6,336.2,238.2,0.7084,0.955,5239.35,85.0,100.02,837.22,0
RB0106,2025-12,0,335.2,36.7,0.1096,0.9523,734.71,85.0,15.43,622.2,1
RB0106,2026-01,1,339.4,88.7,0.2612,0.9643,1773.51,85.0,37.24,806.32,0
RB0106,2026-02,2,335.2,114.4,0.3414,0.9522,2288.17,85.0,48.05,996.36,0
RB0106,2026-03,3,344.3,163.6,0.475,0.9783,3271.36,85.0,68.7,655.19,1
RB0106,2026-04,4,347.6,180.0,0.518,0.9874,3600.69,85.0,75.61,637.27,0
RB0106,2026-05,5,346.4,154.2,0.4451,0.984,3083.73,85.0,64.76,980.36,0
RB0106,2026-06,6,343.8,180.4,0.5249,0.9766,3608.71,85.0,75.78,618.82,0
RB0107,2025-12,0,336.9,17.9,0.0531,0.957,339.75,85.0,7.51,931.16,0
RB0107,2026-01,1,340.7,36.8,0.108,0.968,699.04,85.0,15.45,749.94,0
RB0107,2026-02,2,347.6,62.2,0.1788,0.9874,1180.88,85.0,26.1,632.21,0
RB0107,2026-03,3,339.3,74.4,0.2193,0.9641,1414.16,85.0,31.26,1029.31,0
RB0107,2026-04,4,337.5,78.8,0.2334,0.9589,1496.6,85.0,33.08,1086.18,1
RB0107,2026-05,5,338.4,80.4,0.2377,0.9613,1528.43,85.0,33.79,1057.2,0
RB0107,2026-06,6,347.3,82.6,0.2379,0.9866,1569.58,85.0,34.7,799.24,0
RB0108,2026-01,0,342.6,50.1,0.1463,0.9734,1052.38,85.0,21.05,566.32,0
RB0108,2026-02,1,336.5,94.0,0.2793,0.9559,1973.61,85.0,39.47,569.36,0
RB0108,2026-03,2,336.3,154.6,0.4596,0.9553,3245.71,85.0,64.91,836.3,0
RB0108,2026-04,3,346.0,223.3,0.6455,0.9829,4689.97,85.0,93.8,719.66,0
RB0108,2026-05,4,347.3,200.8,0.578,0.9868,4216.1,85.0,84.32,686.29,0
RB0108,2026-06,5,336.1,191.3,0.5691,0.9548,4016.52,85.0,80.33,698.68,0
RB0109,2026-01,0,336.5,64.8,0.1925,0.9558,1424.92,85.0,27.2,514.35,1
RB0109,2026-02,1,343.9,144.2,0.4192,0.977,3171.56,85.0,60.55,572.69,0
RB0109,2026-03,2,341.6,211.0,0.6177,0.9704,4641.46,85.0,88.61,464.53,0
RB0109,2026-04,3,334.9,278.6,0.8321,0.9513,6130.06,85.0,117.03,705.96,0
RB0109,2026-05,4,338.5,267.5,0.7902,0.9616,5884.22,85.0,112.34,707.31,0
RB0109,2026-06,5,341.4,242.9,0.7116,0.9698,5343.88,85.0,102.02,820.22,0
RB0110,2026-01,0,335.1,50.2,0.1499,0.9521,1054.87,85.0,21.1,668.26,0
RB0110,2026-02,1,339.7,97.4,0.2868,0.965,2045.83,85.0,40.92,519.72,0
RB0110,2026-03,2,340.1,142.5,0.4188,0.9662,2991.51,85.0,59.83,726.55,0
RB0110,2026-04,3,341.2,191.1,0.5602,0.9692,4013.68,85.0,80.27,449.19,0
RB0110,2026-05,4,347.4,223.3,0.6427,0.9868,4688.39,85.0,93.77,737.3,0
RB0110,2026-06,5,343.8,192.1,0.5587,0.9768,4034.1,85.0,80.68,748.71,0
RB0111,2026-01,0,348.5,55.4,0.159,0.9899,1163.43,85.0,23.27,745.47,0
RB0111,2026-02,1,340.6,100.2,0.2941,0.9677,2104.0,85.0,42.08,662.15,0
RB0111,2026-03,2,348.3,148.2,0.4255,0.9894,3111.68,85.0,62.23,580.16,0
RB0111,2026-04,3,343.0,226.3,0.6598,0.9744,4752.37,85.0,95.05,643.37,1
RB0111,2026-05,4,339.3,218.9,0.6452,0.9638,4596.7,85.0,91.93,615.08,0
RB0111,2026-06,5,341.9,216.7,0.6339,0.9712,4550.61,85.0,91.01,747.32,0
RB0112,2026-01,0,337.1,53.3,0.158,0.9576,1118.58,85.0,22.37,482.46,0
RB0112,2026-02,1,343.5,102.7,0.2991,0.9757,2157.2,85.0,43.14,441.65,0
RB0112,2026-03,2,346.7,153.8,0.4434,0.9851,3228.92,85.0,64.58,714.01,0
RB0112,2026-04,3,338.2,220.0,0.6504,0.9609,4619.43,85.0,92.39,838.11,0
RB0112,2026-05,4,346.1,229.7,0.6636,0.9832,4823.1,85.0,96.46,705.94,0
RB0112,2026-06,5,337.8,220.5,0.6527,0.9597,4630.17,85.0,92.6,660.62,0
RB0113,2026-01,0,335.9,46.5,0.1384,0.9543,976.6,85.0,19.53,675.44,0
RB0113,2026-02,1,340.6,103.5,0.304,0.9675,2174.16,85.0,43.48,622.83,0
RB0113,2026-03,2,334.6,164.0,0.4901,0.9506,3443.99,85.0,68.88,702.65,0
RB0113,2026-04,3,341.1,211.1,0.619,0.9689,4433.56,85.0,88.67,591.08,0
RB0113,2026-05,4,337.9,198.4,0.5871,0.96,4166.42,85.0,83.33,606.34,0
RB0113,2026-06,5,346.3,209.5,0.6049,0.9837,4398.71,85.0,87.97,822.01,0
RB0114,2026-01,0,335.6,55.1,0.1642,0.9535,1157.5,85.0,23.15,748.72,0
RB0114,2026-02,1,347.2,99.8,0.2874,0.9864,2095.65,85.0,41.91,745.74,0
RB0114,2026-03,2,341.2,160.0,0.469,0.9692,3360.3,85.0,67.21,812.32,0
RB0114,2026-04,3,338.1,204.4,0.6045,0.9606,4292.23,85.0,85.84,534.58,0
RB0114,2026-05,4,341.6,224.0,0.6558,0.9704,4703.87,85.0,94.08,519.07,0
RB0114,2026-06,5,340.2,224.1,0.6589,0.9664,4707.06,85.0,94.14,548.05,1
RB0115,2026-01,0,343.9,54.7,0.1592,0.9769,1149.51,85.0,22.99,743.74,0
RB0115,2026-02,1,345.3,111.2,0.3221,0.9809,2335.28,85.0,46.71,448.5,0
RB0115,2026-03,2,343.7,165.0,0.4802,0.9763,3465.33,85.0,69.31,652.91,0
RB0115,2026-04,3,341.9,220.9,0.646,0.9713,4638.32,85.0,92.77,469.89,0
RB0115,2026-05,4,336.1,211.9,0.6305,0.9549,4450.23,85.0,89.0,766.03,0
RB0115,2026-06,5,340.8,208.6,0.6121,0.9682,4381.26,85.0,87.63,759.19,0
RB0116,2026-01,0,339.7,48.1,0.1415,0.9651,1009.71,85.0,20.19,452.76,0
RB0116,2026-02,1,335.9,111.9,0.3331,0.9543,2349.9,85.0,47.0,697.23,0
RB0116,2026-03,2,343.7,162.8,0.4737,0.9763,3418.5,85.0,68.37,563.27,0
RB0116,2026-04,3,340.8,204.5,0.6002,0.9681,4295.25,85.0,85.9,715.27,0
RB0116,2026-05,4,340.7,216.5,0.6356,0.9678,4547.0,85.0,90.94,570.01,0
RB0116,2026-06,5,343.0,230.0,0.6706,0.9745,4830.7,85.0,96.61,639.7,0
RB0117,2026-01,0,347.7,64.8,0.1863,0.9879,1425.05,85.0,27.21,467.54,0
RB0117,2026-02,1,338.9,137.6,0.406,0.9628,3027.12,85.0,57.79,430.27,0
RB0117,2026-03,2,342.1,210.2,0.6145,0.9717,4624.21,85.0,88.28,670.73,0
RB0117,2026-04,3,336.4,264.7,0.787,0.9556,5823.53,85.0,111.18,633.42,0
RB0117,2026-05,4,348.0,296.8,0.8528,0.9887,6530.07,85.0,124.66,601.24,0
RB0117,2026-06,5,336.1,287.8,0.8562,0.955,6332.15,85.0,120.89,657.84,0
RB0118,2026-01,0,340.3,17.5,0.0514,0.9669,332.49,85.0,7.35,1029.41,0
RB0118,2026-02,1,336.6,36.1,0.1072,0.9562,685.61,85.0,15.16,590.76,0
RB0118,2026-03,2,346.7,61.9,0.1786,0.985,1176.53,85.0,26.01,696.8,0
RB0118,2026-04,3,345.4,75.4,0.2182,0.9812,1431.78,85.0,31.65,896.07,0
RB0118,2026-05,4,345.7,76.8,0.2222,0.9822,1459.39,85.0,32.26,1102.13,0
RB0118,2026-06,5,343.5,70.8,0.2062,0.9759,1345.53,85.0,29.74,1027.32,0
RB0119,2026-01,0,337.4,48.9,0.1449,0.9585,1026.74,85.0,20.53,429.12,0
RB0119,2026-02,1,342.3,106.8,0.312,0.9725,2242.94,85.0,44.86,598.75,0
RB0119,2026-03,2,344.2,163.3,0.4746,0.9777,3430.21,85.0,68.6,687.03,0
RB0119,2026-04,3,343.0,196.9,0.5741,0.9745,4135.22,85.0,82.7,541.34,0
RB0119,2026-05,4,338.5,189.7,0.5604,0.9616,3983.45,85.0,79.67,598.45,0
RB0119,2026-06,5,339.4,203.0,0.5982,0.9642,4263.41,85.0,85.27,678.95,0
RB0120,2026-01,0,340.9,39.7,0.1164,0.9684,793.57,85.0,16.66,906.73,0
RB0120,2026-02,1,335.7,79.7,0.2375,0.9537,1594.49,85.0,33.48,505.34,0
RB0120,2026-03,2,344.2,133.8,0.3886,0.9777,2675.16,85.0,56.18,703.63,0
RB0120,2026-04,3,336.3,149.9,0.4457,0.9553,2997.33,85.0,62.94,1007.23,0
RB0120,2026-05,4,347.7,167.8,0.4827,0.9878,3357.0,85.0,70.5,598.89,0
RB0120,2026-06,5,338.7,166.9,0.493,0.9621,3338.87,85.0,70.12,823.53,0
RB0121,2026-02,0,342.5,67.0,0.1956,0.9731,1473.96,85.0,28.14,642.12,0
RB0121,2026-03,1,348.2,148.1,0.4254,0.9891,3258.37,85.0,62.21,528.36,0
RB0121,2026-04,2,346.6,215.9,0.6229,0.9846,4749.16,85.0,90.67,501.82,0
RB0121,2026-05,3,344.1,285.2,0.8287,0.9776,6273.89,85.0,119.77,433.78,0
RB0121,2026-06,4,342.9,292.3,0.8525,0.974,6430.11,85.0,122.76,533.39,0
RB0122,2026-02,0,336.1,69.6,0.207,0.9548,1530.78,85.0,29.22,730.3,0
RB0122,2026-03,1,347.9,146.2,0.4203,0.9884,3217.22,85.0,61.42,808.1,0
RB0122,2026-04,2,344.4,193.8,0.5629,0.9783,4264.13,85.0,81.41,573.62,0
RB0122,2026-05,3,337.6,284.3,0.8421,0.9591,6254.5,85.0,119.4,736.4,0
RB0122,2026-06,4,344.4,279.9,0.8127,0.9784,6157.89,85.0,117.56,466.34,0
RB0123,2026-02,0,338.6,53.2,0.1573,0.9619,1118.07,85.0,22.36,750.58,0
RB0123,2026-03,1,344.4,111.4,0.3235,0.9784,2340.1,85.0,46.8,483.53,0
RB0123,2026-04,2,343.6,172.7,0.5026,0.9761,3626.11,85.0,72.52,541.8,0
RB0123,2026-05,3,341.1,200.3,0.5872,0.969,4206.07,85.0,84.12,591.93,0
RB0123,2026-06,4,335.1,218.4,0.6518,0.952,4586.76,85.0,91.74,451.58,0
RB0124,2026-02,0,338.3,54.4,0.1608,0.9609,1142.44,85.0,22.85,3691.73,0
RB0124,2026-03,1,337.5,103.4,0.3065,0.9588,2172.36,85.0,43.45,2590.82,0
RB0124,2026-04,2,324.7,161.9,0.4986,0.9226,3400.23,85.0,68.0,2552.87,0
RB0124,2026-05,3,317.7,175.8,0.5533,0.9026,3691.53,85.0,73.83,4004.59,1
RB0124,2026-06,4,323.7,212.3,0.6559,0.9195,4457.92,85.0,89.16,3379.74,0
RB0125,2026-02,0,337.5,69.8,0.2069,0.9589,1536.64,85.0,29.34,428.85,0
RB0125,2026-03,1,345.0,137.0,0.3971,0.9802,3014.37,85.0,57.55,684.91,0
RB0125,2026-04,2,339.5,191.2,0.5632,0.9645,4206.5,85.0,80.31,703.78,0
RB0125,2026-05,3,334.6,257.1,0.7685,0.9505,5656.61,85.0,107.99,790.71,0
RB0125,2026-06,4,346.2,272.5,0.7871,0.9837,5995.96,85.0,114.47,546.02,0
RB0126,2026-02,0,338.4,70.3,0.2076,0.9612,1545.67,85.0,29.51,575.52,0
RB0126,2026-03,1,345.2,123.9,0.3587,0.9808,2724.72,85.0,52.02,742.93,0
RB0126,2026-04,2,339.6,201.2,0.5924,0.9648,4425.65,85.0,84.49,839.25,1
RB0126,2026-05,3,346.6,253.7,0.7319,0.9848,5581.63,85.0,106.56,610.86,0
RB0126,2026-06,4,338.0,267.9,0.7927,0.9602,5894.41,85.0,112.53,755.35,0
RB0127,2026-02,0,344.2,69.3,0.2014,0.9778,1524.78,85.0,29.11,768.83,0
RB0127,2026-03,1,342.7,137.2,0.4004,0.9737,3019.12,85.0,57.64,803.74,0
RB0127,2026-04,2,342.6,193.3,0.5643,0.9733,4252.89,85.0,81.19,793.25,0
RB0127,2026-05,3,345.5,292.2,0.8459,0.9814,6429.26,85.0,122.74,649.36,0
RB0127,2026-06,4,340.5,257.2,0.7555,0.9672,5658.65,85.0,108.03,505.74,0
RB0128,2026-02,0,343.1,17.9,0.0522,0.9747,340.33,85.0,7.52,700.45,0
RB0128,2026-03,1,335.7,38.8,0.1155,0.9538,736.51,85.0,16.28,1108.09,0
RB0128,2026-04,2,339.2,52.3,0.1541,0.9637,993.29,85.0,21.96,1130.09,0
RB0128,2026-05,3,337.4,74.4,0.2206,0.9585,1413.92,85.0,31.25,593.68,0
RB0128,2026-06,4,341.4,69.6,0.2038,0.9698,1321.63,85.0,29.21,938.09,0
RB0129,2026-02,0,344.7,48.0,0.1393,0.9793,1008.35,85.0,20.17,621.47,0
RB0129,2026-03,1,335.8,102.6,0.3055,0.9541,2154.63,85.0,43.09,538.82,0
RB0129,2026-04,2,340.8,144.4,0.4239,0.9682,3033.37,85.0,60.67,764.63,0
RB0129,2026-05,3,340.3,197.3,0.5799,0.9666,4143.37,85.0,82.87,423.19,0
RB0129,2026-06,4,335.3,214.6,0.6401,0.9525,4507.03,85.0,90.14,524.0,1
RB0130,2026-02,0,348.2,66.2,0.1901,0.9893,1456.72,85.0,27.81,557.94,0
RB0130,2026-03,1,339.0,141.7,0.4179,0.9632,3117.17,85.0,59.51,825.23,0
RB0130,2026-04,2,345.3,208.4,0.6035,0.9809,4584.09,85.0,87.51,608.99,0
RB0130,2026-05,3,336.5,251.8,0.7484,0.9559,5539.98,85.0,105.76,718.62,0
RB0130,2026-06,4,337.0,286.3,0.8494,0.9574,6297.97,85.0,120.23,782.79,0
RB0131,2026-02,0,341.2,38.7,0.1134,0.9692,773.44,85.0,16.24,521.61,0
RB0131,2026-03,1,343.9,85.2,0.2479,0.977,1704.88,85.0,35.8,825.86,0
RB0131,2026-04,2,347.2,112.6,0.3244,0.9862,2252.44,85.0,47.3,566.72,0
RB0131,2026-05,3,337.0,157.4,0.4669,0.9574,3147.4,85.0,66.1,581.97,0
RB0131,2026-06,4,345.2,173.5,0.5027,0.9807,3470.7,85.0,72.88,852.33,0
RB0132,2026-02,0,342.0,65.0,0.1901,0.9717,1430.67,85.0,27.31,579.31,0
RB0132,2026-03,1,345.5,132.7,0.384,0.9816,2918.84,85.0,55.72,503.53,0
RB0132,2026-04,2,343.2,211.6,0.6166,0.975,4655.85,85.0,88.88,703.61,0
RB0132,2026-05,3,338.1,286.7,0.848,0.9606,6307.98,85.0,120.43,514.32,0
RB0132,2026-06,4,339.1,263.1,0.776,0.9634,5789.05,85.0,110.52,716.62,0
RB0133,2026-02,0,346.5,67.6,0.1951,0.9844,1487.28,85.0,28.39,692.22,0
RB0133,2026-03,1,339.1,134.6,0.397,0.9633,2961.22,85.0,56.53,576.67,0
RB0133,2026-04,2,344.1,215.3,0.6258,0.9775,4736.73,85.0,90.43,562.44,0
RB0133,2026-05,3,338.0,241.4,0.7143,0.9602,5311.72,85.0,101.41,529.78,1
RB0133,2026-06,4,343.8,260.9,0.7587,0.9768,5739.06,85.0,109.56,753.7,0
RB0134,2026-02,0,343.0,50.6,0.1474,0.9744,1061.97,85.0,21.24,562.72,0
RB0134,2026-03,1,345.6,104.1,0.3011,0.9819,2185.61,85.0,43.71,539.85,0
RB0134,2026-04,2,335.4,143.6,0.428,0.9529,3014.56,85.0,60.29,443.26,0
RB0134,2026-05,3,342.5,201.9,0.5894,0.973,4239.44,85.0,84.79,648.81,1
RB0134,2026-06,4,342.3,213.3,0.6232,0.9724,4479.4,85.0,89.59,745.98,0
RB0135,2026-03,0,345.3,45.1,0.1306,0.9809,901.91,85.0,18.94,720.11,0
RB0135,2026-04,1,340.5,77.5,0.2276,0.9673,1550.1,85.0,32.55,976.03,0
RB0135,2026-05,2,346.7,127.0,0.3664,0.9849,2540.08,85.0,53.34,947.76,0
RB0135,2026-06,3,337.2,158.8,0.471,0.9579,3176.31,85.0,66.7,923.52,0
RB0136,2026-03,0,310.6,56.3,0.1811,0.8825,1237.9,85.0,23.63,3281.7,0
RB0136,2026-04,1,335.5,141.7,0.4223,0.9533,3117.1,85.0,59.51,2551.95,0
RB0136,2026-05,2,313.2,168.9,0.5394,0.8897,3716.31,85.0,70.95,3325.54,1
RB0136,2026-06,3,325.0,251.5,0.7739,0.9232,5533.23,85.0,105.63,2361.16,0
RB0137,2026-03,0,342.9,72.8,0.2124,0.9741,1602.14,85.0,30.59,729.25,0
RB0137,2026-04,1,337.2,128.4,0.3807,0.9579,2823.9,85.0,53.91,550.72,0
RB0137,2026-05,2,343.1,199.9,0.5826,0.9746,4396.82,85.0,83.94,592.52,0
RB0137,2026-06,3,340.9,291.2,0.8542,0.9684,6406.11,85.0,122.3,685.37,0
RB0138,2026-03,0,345.2,40.0,0.116,0.9807,800.64,85.0,16.81,711.05,0
RB0138,2026-04,1,335.1,75.9,0.2264,0.9519,1517.31,85.0,31.86,602.65,0
RB0138,2026-05,2,348.2,126.7,0.364,0.9891,2534.91,85.0,53.23,816.13,0
RB0138,2026-06,3,343.0,149.2,0.4351,0.9744,2984.33,85.0,62.67,954.95,0
RB0139,2026-03,0,344.8,71.9,0.2084,0.9797,1580.71,85.0,30.18,485.74,0
RB0139,2026-04,1,339.0,124.4,0.3669,0.963,2736.3,85.0,52.24,519.17,0
RB0139,2026-05,2,340.6,212.0,0.6226,0.9675,4664.8,85.0,89.06,807.19,0
RB0139,2026-06,3,338.8,289.9,0.8558,0.9624,6378.58,85.0,121.77,595.98,0
RB0140,2026-03,0,338.0,53.3,0.1577,0.9602,1119.4,85.0,22.39,635.44,0
RB0140,2026-04,1,343.9,108.3,0.3148,0.9771,2273.44,85.0,45.47,676.85,0
RB0140,2026-05,2,341.4,158.1,0.4631,0.97,3320.2,85.0,66.4,782.31,0
RB0140,2026-06,3,346.6,220.9,0.6375,0.9846,4639.89,85.0,92.8,424.7,0
RB0141,2026-03,0,343.4,53.5,0.1559,0.9757,1124.44,85.0,22.49,504.58,0
RB0141,2026-04,1,346.9,95.6,0.2756,0.9856,2008.27,85.0,40.17,542.54,0
RB0141,2026-05,2,347.2,161.3,0.4644,0.9865,3386.26,85.0,67.73,657.96,0
RB0141,2026-06,3,348.4,207.3,0.5951,0.9898,4353.75,85.0,87.08,548.13,1
RB0142,2026-03,0,342.8,47.5,0.1384,0.9739,996.65,85.0,19.93,513.15,0
RB0142,2026-04,1,335.5,108.2,0.3224,0.953,2271.18,85.0,45.42,542.33,0
RB0142,2026-05,2,348.3,147.8,0.4243,0.9894,3102.93,85.0,62.06,823.18,0
RB0142,2026-06,3,348.0,223.9,0.6433,0.9887,4701.32,85.0,94.03,801.84,0
RB0143,2026-04,0,338.8,68.5,0.2023,0.9624,1507.58,85.0,28.78,696.1,0
RB0143,2026-05,1,337.1,139.8,0.4147,0.9576,3075.59,85.0,58.72,610.17,0
RB0143,2026-06,2,340.6,202.0,0.5931,0.9676,4443.87,85.0,84.84,597.88,0
RB0144,2026-04,0,337.2,42.2,0.1251,0.958,843.38,85.0,17.71,702.63,0
RB0144,2026-05,1,346.4,86.6,0.25,0.9841,1731.59,85.0,36.36,510.53,0
RB0144,2026-06,2,346.9,133.8,0.3856,0.9856,2675.4,85.0,56.18,968.08,0
RB0145,2026-04,0,339.8,63.0,0.1853,0.9653,1385.09,85.0,26.44,484.12,0
RB0145,2026-05,1,343.5,138.6,0.4034,0.9759,3048.79,85.0,58.2,435.94,0
RB0145,2026-06,2,346.3,204.9,0.5919,0.9837,4508.68,85.0,86.07,831.25,0
RB0146,2026-04,0,340.4,67.7,0.1988,0.967,1488.58,85.0,28.42,763.85,0
RB0146,2026-05,1,341.2,143.1,0.4193,0.9694,3148.02,85.0,60.1,559.16,0
RB0146,2026-06,2,346.1,202.6,0.5853,0.9834,4457.24,85.0,85.09,612.32,0
RB0147,2026-04,0,342.4,55.1,0.161,0.9727,1157.51,85.0,23.15,602.7,0
RB0147,2026-05,1,334.5,98.0,0.293,0.9503,2058.2,85.0,41.16,619.53,0
RB0147,2026-06,2,347.9,153.8,0.4419,0.9885,3228.75,85.0,64.58,442.71,0
RB0148,2026-04,0,336.3,65.6,0.1951,0.9555,1443.22,85.0,27.55,558.48,0
RB0148,2026-05,1,336.2,136.1,0.4047,0.9551,2993.75,85.0,57.15,641.61,0
RB0148,2026-06,2,341.5,193.9,0.5679,0.9703,4266.88,85.0,81.46,776.19,1
RB0149,2026-04,0,307.9,62.1,0.2018,0.8748,1366.85,85.0,26.09,3063.24,1
RB0149,2026-05,1,335.6,131.4,0.3916,0.9533,2891.06,85.0,55.19,2413.48,0
RB0149,2026-06,2,329.1,208.7,0.6342,0.9351,4591.94,85.0,87.66,3866.87,0
RB0150,2026-04,0,340.5,66.9,0.1964,0.9674,1471.1,85.0,28.08,790.0,0
RB0150,2026-05,1,335.6,143.0,0.426,0.9534,3145.69,85.0,60.05,594.91,0
RB0150,2026-06,2,340.8,194.4,0.5704,0.9681,4276.17,85.0,81.64,441.51,0
RB0151,2026-04,0,335.6,20.1,0.06,0.9534,382.43,85.0,8.45,1064.87,0
RB0151,2026-05,1,336.8,37.8,0.1123,0.9568,718.9,85.0,15.89,975.98,0
RB0151,2026-06,2,343.9,56.5,0.1644,0.9768,1073.79,85.0,23.74,781.31,0
RB0152,2026-04,0,348.3,54.0,0.1551,0.9894,1134.11,85.0,22.68,754.16,0
RB0152,2026-05,1,341.0,94.0,0.2758,0.9688,1974.89,85.0,39.5,818.21,0
RB0152,2026-06,2,347.2,143.3,0.4126,0.9865,3008.39,85.0,60.17,820.02,0
