customer_id,month,arr
C00001,2022-01,23002.63
C00001,2022-02,23002.63
C00001,2022-03,23002.63
C00001,2022-04,24681.52
C00001,2022-05,24681.52
C00001,2022-06,24681.52
C00001,2022-07,24681.52
C00001,2022-08,24681.52
C00001,2022-09,24681.52
C00001,2022-10,24681.52
C00001,2022-11,24681.52
C00001,2022-12,24681.52
C00001,2023-01,24681.52
C00001,2023-02,30993.28
C00001,2023-03,30993.28
C00001,2023-04,30993.28
C00001,2023-05,30993.28
C00001,2023-06,30993.28
C00001,2023-07,30993.28
C00001,2023-08,30993.28
C00001,2023-09,30993.28
C00001,2023-10,30993.28
C00001,2023-11,30993.28
C00001,2023-12,30993.28
C00001,2024-01,30993.28
C00001,2024-02,30993.28
C00001,2024-03,30993.28
C00001,2024-04,30993.28
C00001,2024-05,30993.28
C00001,2024-06,30993.28
C00001,2024-07,35281.87
C00001,2024-08,35281.87
C00001,2024-09,35281.87
C00001,2024-10,35281.87
C00001,2024-11,35281.87
C00001,2024-12,35281.87
C00001,2025-01,35281.87
C00001,2025-02,35281.87
C00001,2025-03,35281.87
C00001,2025-04,35281.87
C00001,2025-05,35281.87
C00001,2025-06,35281.87
C00001,2025-07,35281.87
C00002,2022-01,53834.61
C00002,2022-02,53834.61
C00002,2022-03,53834.61
C00002,2022-04,53834.61
C00002,2022-05,53834.61
C00002,2022-06,53834.61
C00002,2022-07,53834.61
C00002,2022-08,53834.61
C00002,2022-09,53834.61
C00002,2022-10,53834.61
C00002,2022-11,53834.61
C00002,2022-12,53834.61
C00002,2023-01,53834.61
C00002,2023-02,53834.61
C00002,2023-03,53834.61
C00002,2023-04,53834.61
C00002,2023-05,53834.61
C00002,2023-06,53834.61
C00002,2023-07,53834.61
C00002,2023-08,53834.61
C00002,2023-09,53834.61
C00002,2023-10,53834.61
C00002,2023-11,53834.61
C00002,2023-12,53834.61
C00002,2024-01,53834.61
C00002,2024-02,53834.61
C00002,2024-03,53834.61
C00002,2024-04,53834.61
C00002,2024-05,53834.61
C00002,2024-06,53834.61
C00002,2024-07,53834.61
C00002,2024-08,53834.61
C00002,2024-09,53834.61
C00002,2024-10,53834.61
C00002,2024-11,53834.61
C00002,2024-12,53834.61
C00002,2025-01,53834.61
C00002,2025-02,53834.61
C00002,2025-03,53834.61
C00002,2025-04,53834.61
C00002,2025-05,53834.61
C00002,2025-06,53834.61
C00002,2025-07,53834.61
C00002,2025-08,53834.61
C00002,2025-09,53834.61
C00002,2025-10,53834.61
C00002,2025-11,53834.61
C00002,2025-12,53834.61
C00002,2026-01,53834.61
C00002,2026-02,53834.61
C00002,2026-03,53834.61
C00002,2026-04,53834.61
C00002,2026-05,53834.61
C00002,2026-06,53834.61
C00003,2022-01,18476.9
C00003,2022-02,18476.9
C00003,2022-03,18476.9
C00003,2022-04,18476.9
C00003,2022-05,18476.9
C00003,2022-06,18476.9
C00003,2022-07,18476.9
C00003,2022-08,18476.9
C00003,2022-09,18476.9
C00003,2022-10,18476.9
C00003,2022-11,18476.9
C00003,2022-12,18476.9
C00003,2023-01,18476.9
C00003,2023-02,18476.9
C00003,2023-03,18476.9
C00003,2023-04,18476.9
C00003,2023-05,18476.9
C00003,2023-06,18476.9
C00003,2023-07,18476.9
C00003,2023-08,18476.9
C00003,2023-09,18476.9
C00003,2023-10,18476.9
C00003,2023-11,18476.9
C00003,2023-12,18476.9
C00003,2024-01,18476.9
C00003,2024-02,18476.9
C00003,2024-03,18476.9
C00003,2024-04,18476.9
C00003,2024-05,18476.9
C00003,2024-06,18476.9
C00003,2024-07,18476.9
C00003,2024-08,18476.9
C00003,2024-09,18476.9
C00003,2024-10,18476.9
C00003,2024-11,18476.9
C00003,2024-12,18476.9
C00003,2025-01,18476.9
C00003,2025-02,18476.9
C00003,2025-03,18476.9
C00003,2025-04,18476.9
C00003,2025-05,18476.9
C00003,2025-06,18476.9
C00003,2025-07,18476.9
C00003,2025-08,18476.9
C00003,2025-09,18476.9
C00003,2025-10,18476.9
C00003,2025-11,18476.9
C00003,2025-12,18476.9
C00003,2026-01,18476.9
C00003,2026-02,18476.9
C00003,2026-03,18476.9
C00003,2026-04,18476.9
C00003,2026-05,18476.9
C00003,2026-06,18476.9
C00004,2022-01,44798.11
C00004,2022-02,44798.11
C00004,2022-03,44798.11
C00004,2022-04,44798.11
C00004,2022-05,44798.11
C00004,2022-06,44798.11
C00004,2022-07,44798.11
C00004,2022-08,44798.11
C00004,2022-09,44798.11
C00004,2022-10,44798.11
C00004,2022-11,44798.11
C00004,2022-12,44798.11
C00004,2023-01,44798.11
C00004,2023-02,44798.11
C00004,2023-03,44798.11
C00004,2023-04,44798.11
C00004,2023-05,44798.11
C00004,2023-06,44798.11
C00004,2023-07,44798.11
C00004,2023-08,44798.11
C00004,2023-09,44798.11
C00004,2023-10,44798.11
C00004,2023-11,44798.11
C00004,2023-12,44798.11
C00004,2024-01,44798.11
C00004,2024-02,44798.11
C00004,2024-03,44798.11
C00004,2024-04,44798.11
C00004,2024-05,44798.11
C00004,2024-06,44798.11
C00004,2024-07,44798.11
C00004,2024-08,44798.11
C00004,2024-09,44798.11
C00004,2024-10,44798.11
C00004,2024-11,44798.11
C00004,2024-12,44798.11
C00004,2025-01,44798.11
C00004,2025-02,44798.11
C00004,2025-03,44798.11
C00004,2025-04,44798.11
C00004,2025-05,44798.11
C00004,2025-06,44798.11
C00004,2025-07,44798.11
C00004,2025-08,44798.11
C00004,2025-09,44798.11
C00004,2025-10,44798.11
C00004,2025-11,44798.11
C00004,2025-12,44798.11
C00004,2026-01,44798.11
C00004,2026-02,44798.11
C00004,2026-03,44798.11
C00004,2026-04,44798.11
C00004,2026-05,44798.11
C00004,2026-06,44798.11
C00005,2022-01,8663.27
C00005,2022-02,8663.27
C00005,2022-03,8663.27
C00005,2022-04,8663.27
C00005,2022-05,8663.27
C00005,2022-06,8663.27
C00005,2022-07,8663.27
C00005,2022-08,8663.27
C00005,2022-09,8663.27
C00005,2022-10,8663.27
C00005,2022-11,8663.27
C00005,2022-12,8663.27
C00005,2023-01,8663.27
C00005,2023-02,8663.27
C00005,2023-03,8663.27
C00005,2023-04,8663.27
C00005,2023-05,8663.27
C00005,2023-06,8663.27
C00005,2023-07,8663.27
C00005,2023-08,8663.27
C00005,2023-09,8663.27
C00005,2023-10,8663.27
C00005,2023-11,8663.27
C00005,2023-12,8663.27
C00005,2024-01,8663.27
C00006,2022-01,5829.33
C00006,2022-02,5829.33
C00006,2022-03,5829.33
C00006,2022-04,5829.33
C00006,2022-05,5829.33
C00006,2022-06,5829.33
C00006,2022-07,5829.33
C00006,2022-08,5829.33
C00006,2022-09,5829.33
C00006,2022-10,5829.33
C00006,2022-11,5829.33
C00006,2022-12,5829.33
C00006,2023-01,5829.33
C00006,2023-02,5829.33
C00006,2023-03,5829.33
C00006,2023-04,5829.33
C00006,2023-05,5829.33
C00006,2023-06,5829.33
C00006,2023-07,5829.33
C00006,2023-08,5829.33
C00006,2023-09,5829.33
C00006,2023-10,5829.33
C00006,2023-11,5829.33
C00006,2023-12,5829.33
C00006,2024-01,5829.33
C00006,2024-02,5829.33
C00006,2024-03,5829.33
C00006,2024-04,5829.33
C00006,2024-05,5829.33
C00006,2024-06,5829.33
C00006,2024-07,5829.33
C00006,2024-08,5829.33
C00006,2024-09,5829.33
C00006,2024-10,5829.33
C00006,2024-11,5829.33
C00006,2024-12,5829.33
C00006,2025-01,5829.33
C00006,2025-02,5829.33
C00006,2025-03,5829.33
C00006,2025-04,5829.33
C00006,2025-05,5829.33
C00006,2025-06,5829.33
C00006,2025-07,4600.28
C00006,2025-08,4600.28
C00006,2025-09,4600.28
C00006,2025-10,4600.28
C00006,2025-11,4600.28
C00006,2025-12,4600.28
C00006,2026-01,4600.28
C00006,2026-02,4600.28
C00006,2026-03,4600.28
C00006,2026-04,4600.28
C00006,2026-05,4600.28
C00006,2026-06,4600.28
C00007,2022-01,3402.62
C00007,2022-02,3402.62
C00007,2022-03,3402.62
C00007,2022-04,3402.62
C00007,2022-05,3402.62
C00007,2022-06,3402.62
C00007,2022-07,3402.62
C00007,2022-08,3402.62
C00007,2022-09,3402.62
C00007,2022-10,3402.62
C00007,2022-11,3402.62
C00007,2022-12,2661.65
C00007,2023-01,2661.65
C00007,2023-02,2661.65
C00007,2023-03,2661.65
C00007,2023-04,2661.65
C00007,2023-05,2661.65
C00007,2023-06,2661.65
C00007,2023-07,2661.65
C00007,2023-08,2661.65
C00007,2023-09,2661.65
C00007,2023-10,2661.65
C00007,2023-11,2661.65
C00007,2023-12,2661.65
C00007,2024-01,2661.65
C00007,2024-02,2661.65
C00007,2024-03,2661.65
C00007,2024-04,2661.65
C00007,2024-05,2661.65
C00007,2024-06,2661.65
C00007,2024-07,2661.65
C00007,2024-08,2661.65
C00007,2024-09,2661.65
C00007,2024-10,2661.65
C00007,2024-11,2661.65
C00007,2024-12,2661.65
C00007,2025-01,2661.65
C00007,2025-02,2661.65
C00007,2025-03,2661.65
C00007,2025-04,2661.65
C00007,2025-05,2661.65
C00008,2022-01,3229.87
C00008,2022-02,3229.87
C00008,2022-03,3229.87
C00008,2022-04,3229.87
C00008,2022-05,3229.87
C00008,2022-06,3229.87
C00008,2022-07,3229.87
C00008,2022-08,3229.87
C00008,2022-09,3229.87
C00008,2022-10,3229.87
C00008,2022-11,3229.87
C00008,2022-12,3229.87
C00008,2023-01,3229.87
C00008,2023-02,3229.87
C00008,2023-03,3229.87
C00008,2023-04,3229.87
C00008,2023-05,3229.87
C00009,2022-01,26564.94
C00009,2022-02,26564.94
C00009,2022-03,26564.94
C00009,2022-04,26564.94
C00009,2022-05,26564.94
C00009,2022-06,26564.94
C00009,2022-07,26564.94
C00009,2022-08,26564.94
C00009,2022-09,26564.94
C00009,2022-10,26564.94
C00009,2022-11,26564.94
C00009,2022-12,26564.94
C00009,2023-01,26564.94
C00009,2023-02,26564.94
C00009,2023-03,26564.94
C00009,2023-04,26564.94
C00009,2023-05,26564.94
C00009,2023-06,26564.94
C00009,2023-07,26564.94
C00009,2023-08,26564.94
C00009,2023-09,26564.94
C00009,2023-10,26564.94
C00009,2023-11,26564.94
C00009,2023-12,26564.94
C00009,2024-01,26564.94
C00009,2024-02,26564.94
C00009,2024-03,26564.94
C00009,2024-04,26564.94
C00009,2024-05,26564.94
C00009,2024-06,26564.94
C00009,2024-07,26564.94
C00009,2024-08,26564.94
C00009,2024-09,26564.94
C00010,2022-01,6477.22
C00010,2022-02,6477.22
C00011,2022-02,5490.94
C00011,2022-03,5490.94
C00011,2022-04,5490.94
C00011,2022-05,5490.94
C00011,2022-06,5490.94
C00011,2022-07,5490.94
C00011,2022-08,5490.94
C00011,2022-09,5490.94
C00011,2022-10,5490.94
C00011,2022-11,5490.94
C00011,2022-12,5490.94
C00011,2023-01,5490.94
C00011,2023-02,5490.94
C00011,2023-03,5490.94
C00011,2023-04,5490.94
C00011,2023-05,5490.94
C00011,2023-06,5490.94
C00011,2023-07,5490.94
C00011,2023-08,5490.94
C00011,2023-09,5490.94
C00011,2023-10,5490.94
C00011,2023-11,5490.94
C00011,2023-12,5490.94
C00011,2024-01,5490.94
C00011,2024-02,5490.94
C00011,2024-03,5490.94
C00011,2024-04,5490.94
C00011,2024-05,5490.94
C00011,2024-06,5490.94
C00011,2024-07,5490.94
C00011,2024-08,5490.94
C00011,2024-09,5490.94
C00011,2024-10,5490.94
C00011,2024-11,5490.94
C00011,2024-12,5490.94
C00011,2025-01,5490.94
C00011,2025-02,5490.94
C00011,2025-03,5490.94
C00011,2025-04,5490.94
C00011,2025-05,5490.94
C00011,2025-06,5490.94
C00011,2025-07,5490.94
C00011,2025-08,5490.94
C00011,2025-09,5490.94
C00011,2025-10,5490.94
C00011,2025-11,5490.94
C00011,2025-12,5490.94
C00011,2026-01,5490.94
C00011,2026-02,5490.94
C00011,2026-03,5490.94
C00011,2026-04,5490.94
C00011,2026-05,5490.94
C00011,2026-06,5490.94
C00012,2022-02,7906.28
C00012,2022-03,7906.28
C00012,2022-04,7906.28
C00012,2022-05,7906.28
C00012,2022-06,7906.28
C00012,2022-07,7906.28
C00012,2022-08,7906.28
C00012,2022-09,7906.28
C00012,2022-10,7906.28
C00012,2022-11,7906.28
C00012,2022-12,10343.16
C00012,2023-01,10343.16
C00012,2023-02,10343.16
C00012,2023-03,10343.16
C00012,2023-04,10343.16
C00012,2023-05,10343.16
C00012,2023-06,10343.16
C00012,2023-07,10343.16
C00012,2023-08,10343.16
C00012,2023-09,10343.16
C00012,2023-10,10343.16
C00012,2023-11,10343.16
C00012,2023-12,10343.16
C00012,2024-01,10343.16
C00012,2024-02,10343.16
C00013,2022-02,36436.95
C00013,2022-03,36436.95
C00013,2022-04,36436.95
C00013,2022-05,36436.95
C00013,2022-06,36436.95
C00013,2022-07,36436.95
C00013,2022-08,36436.95
C00013,2022-09,36436.95
C00013,2022-10,36436.95
C00013,2022-11,36436.95
C00013,2022-12,36436.95
C00013,2023-01,36436.95
C00013,2023-02,36436.95
C00013,2023-03,36436.95
C00013,2023-04,36436.95
C00013,2023-05,36436.95
C00013,2023-06,36436.95
C00013,2023-07,36436.95
C00013,2023-08,36436.95
C00013,2023-09,36436.95
C00013,2023-10,36436.95
C00013,2023-11,36436.95
C00013,2023-12,36436.95
C00013,2024-01,36436.95
C00013,2024-02,36436.95
C00013,2024-03,36436.95
C00014,2022-02,47161.09
C00014,2022-03,47161.09
C00014,2022-04,47161.09
C00014,2022-05,47161.09
C00014,2022-06,47161.09
C00014,2022-07,47161.09
C00014,2022-08,47161.09
C00014,2022-09,47161.09
C00014,2022-10,47161.09
C00014,2022-11,47161.09
C00014,2022-12,47161.09
C00014,2023-01,47161.09
C00014,2023-02,47161.09
C00014,2023-03,47161.09
C00014,2023-04,47161.09
C00014,2023-05,47161.09
C00014,2023-06,47161.09
C00014,2023-07,47161.09
C00014,2023-08,47161.09
C00014,2023-09,47161.09
C00014,2023-10,47161.09
C00014,2023-11,47161.09
C00014,2023-12,47161.09
C00014,2024-01,47161.09
C00014,2024-02,47161.09
C00014,2024-03,47161.09
C00014,2024-04,47161.09
C00014,2024-05,47161.09
C00014,2024-06,47161.09
C00014,2024-07,47161.09
C00014,2024-08,47161.09
C00014,2024-09,47161.09
C00014,2024-10,47161.09
C00014,2024-11,47161.09
C00014,2024-12,47161.09
C00014,2025-01,47161.09
C00014,2025-02,47161.09
C00014,2025-03,47161.09
C00014,2025-04,47161.09
C00014,2025-05,47161.09
C00014,2025-06,47161.09
C00014,2025-07,47161.09
C00014,2025-08,47161.09
C00014,2025-09,47161.09
C00014,2025-10,47161.09
C00014,2025-11,47161.09
C00014,2025-12,47161.09
C00014,2026-01,47161.09
C00014,2026-02,47161.09
C00014,2026-03,47161.09
C00014,2026-04,47161.09
C00014,2026-05,47161.09
C00014,2026-06,47161.09
C00015,2022-02,234510.03
C00015,2022-03,234510.03
C00015,2022-04,234510.03
C00015,2022-05,234510.03
C00015,2022-06,234510.03
C00015,2022-07,234510.03
C00015,2022-08,234510.03
C00015,2022-09,234510.03
C00015,2022-10,234510.03
C00015,2022-11,234510.03
C00015,2022-12,234510.03
C00015,2023-01,234510.03
C00015,2023-02,234510.03
C00015,2023-03,234510.03
C00015,2023-04,234510.03
C00015,2023-05,234510.03
C00015,2023-06,234510.03
C00015,2023-07,234510.03
C00015,2023-08,234510.03
C00015,2023-09,234510.03
C00015,2023-10,234510.03
C00015,2023-11,234510.03
C00015,2023-12,234510.03
C00015,2024-01,234510.03
C00015,2024-02,234510.03
C00015,2024-03,234510.03
C00015,2024-04,234510.03
C00015,2024-05,301472.11
C00015,2024-06,301472.11
C00015,2024-07,301472.11
C00015,2024-08,301472.11
C00015,2024-09,301472.11
C00015,2024-10,301472.11
C00015,2024-11,301472.11
C00015,2024-12,301472.11
C00015,2025-01,301472.11
C00015,2025-02,301472.11
C00015,2025-03,301472.11
C00015,2025-04,301472.11
C00015,2025-05,301472.11
C00015,2025-06,301472.11
C00015,2025-07,301472.11
C00015,2025-08,301472.11
C00015,2025-09,301472.11
C00015,2025-10,301472.11
C00015,2025-11,301472.11
C00015,2025-12,301472.11
C00015,2026-01,301472.11
C00015,2026-02,301472.11
C00015,2026-03,301472.11
C00015,2026-04,301472.11
C00015,2026-05,301472.11
C00015,2026-06,301472.11
C00016,2022-02,8476.5
C00016,2022-03,8476.5
C00016,2022-04,8476.5
C00016,2022-05,8476.5
C00016,2022-06,8476.5
C00016,2022-07,8476.5
C00016,2022-08,8476.5
C00017,2022-02,186385.39
C00017,2022-03,186385.39
C00017,2022-04,186385.39
C00017,2022-05,186385.39
C00017,2022-06,186385.39
C00017,2022-07,186385.39
C00017,2022-08,186385.39
C00017,2022-09,186385.39
C00017,2022-10,186385.39
C00017,2022-11,186385.39
C00017,2022-12,186385.39
C00017,2023-01,186385.39
C00017,2023-02,186385.39
C00017,2023-03,225536.28
C00017,2023-04,225536.28
C00017,2023-05,225536.28
C00017,2023-06,225536.28
C00017,2023-07,225536.28
C00017,2023-08,225536.28
C00017,2023-09,225536.28
C00017,2023-10,225536.28
C00017,2023-11,225536.28
C00017,2023-12,225536.28
C00017,2024-01,225536.28
C00017,2024-02,225536.28
C00017,2024-03,225536.28
C00017,2024-04,225536.28
C00017,2024-05,225536.28
C00017,2024-06,225536.28
C00017,2024-07,225536.28
C00017,2024-08,225536.28
C00017,2024-09,225536.28
C00017,2024-10,225536.28
C00017,2024-11,225536.28
C00017,2024-12,225536.28
C00017,2025-01,225536.28
C00017,2025-02,225536.28
C00017,2025-03,225536.28
C00017,2025-04,225536.28
C00017,2025-05,225536.28
C00017,2025-06,225536.28
C00017,2025-07,225536.28
C00017,2025-08,225536.28
C00017,2025-09,225536.28
C00017,2025-10,225536.28
C00017,2025-11,225536.28
C00017,2025-12,225536.28
C00017,2026-01,225536.28
C00017,2026-02,225536.28
C00017,2026-03,225536.28
C00017,2026-04,225536.28
C00017,2026-05,225536.28
C00017,2026-06,225536.28
C00018,2022-02,3423.6
C00018,2022-03,3423.6
C00018,2022-04,3423.6
C00018,2022-05,3423.6
C00018,2022-06,3423.6
C00018,2022-07,3423.6
C00018,2022-08,3423.6
C00018,2022-09,3423.6
C00018,2022-10,3423.6
C00018,2022-11,3423.6
C00018,2022-12,3423.6
C00018,2023-01,3423.6
C00018,2023-02,3423.6
C00019,2022-02,75020.42
C00019,2022-03,83939.01
C00019,2022-04,83939.01
C00019,2022-05,83939.01
C00019,2022-06,83939.01
C00019,2022-07,83939.01
C00019,2022-08,83939.01
C00019,2022-09,83939.01
C00019,2022-10,83939.01
C00019,2022-11,83939.01
C00019,2022-12,83939.01
C00019,2023-01,83939.01
C00019,2023-02,83939.01
C00019,2023-03,83939.01
C00019,2023-04,83939.01
C00019,2023-05,83939.01
C00019,2023-06,83939.01
C00019,2023-07,83939.01
C00019,2023-08,83939.01
C00019,2023-09,83939.01
C00019,2023-10,83939.01
C00019,2023-11,83939.01
C00019,2023-12,83939.01
C00019,2024-01,83939.01
C00019,2024-02,83939.01
C00019,2024-03,83939.01
C00019,2024-04,83939.01
C00019,2024-05,83939.01
C00019,2024-06,83939.01
C00019,2024-07,83939.01
C00019,2024-08,83939.01
C00019,2024-09,83939.01
C00019,2024-10,83939.01
C00019,2024-11,83939.01
C00019,2024-12,83939.01
C00019,2025-01,83939.01
C00019,2025-02,83939.01
C00019,2025-03,83939.01
C00019,2025-04,83939.01
C00019,2025-05,83939.01
C00019,2025-06,83939.01
C00019,2025-07,83939.01
C00019,2025-08,83939.01
C00019,2025-09,83939.01
C00019,2025-10,83939.01
C00019,2025-11,83939.01
C00019,2025-12,83939.01
C00019,2026-01,83939.01
C00019,2026-02,109411.57
C00019,2026-03,109411.57
C00020,2022-02,229729.37
C00020,2022-03,229729.37
C00020,2022-04,229729.37
C00020,2022-05,229729.37
C00020,2022-06,229729.37
C00020,2022-07,229729.37
C00020,2022-08,229729.37
C00020,2022-09,229729.37
C00020,2022-10,229729.37
C00020,2022-11,229729.37
C00020,2022-12,229729.37
C00020,2023-01,229729.37
C00020,2023-02,229729.37
C00020,2023-03,229729.37
C00020,2023-04,229729.37
C00020,2023-05,229729.37
C00020,2023-06,229729.37
C00020,2023-07,229729.37
C00020,2023-08,229729.37
C00020,2023-09,229729.37
C00020,2023-10,229729.37
C00020,2023-11,229729.37
C00020,2023-12,229729.37
C00020,2024-01,229729.37
C00020,2024-02,229729.37
C00020,2024-03,229729.37
C00020,2024-04,229729.37
C00020,2024-05,229729.37
C00020,2024-06,298038.08
C00020,2024-07,298038.08
C00020,2024-08,298038.08
C00020,2024-09,298038.08
C00020,2024-10,298038.08
C00020,2024-11,298038.08
C00020,2024-12,298038.08
C00020,2025-01,298038.08
C00020,2025-02,298038.08
C00020,2025-03,298038.08
C00020,2025-04,298038.08
C00020,2025-05,298038.08
C00020,2025-06,298038.08
C00020,2025-07,298038.08
C00020,2025-08,298038.08
C00020,2025-09,298038.08
C00020,2025-10,298038.08
C00020,2025-11,298038.08
C00020,2025-12,298038.08
C00020,2026-01,298038.08
C00020,2026-02,298038.08
C00020,2026-03,298038.08
C00020,2026-04,298038.08
C00020,2026-05,298038.08
C00020,2026-06,298038.08
C00021,2022-02,59615.38
C00021,2022-03,59615.38
C00021,2022-04,59615.38
C00021,2022-05,59615.38
C00021,2022-06,59615.38
C00021,2022-07,59615.38
C00021,2022-08,59615.38
C00021,2022-09,59615.38
C00021,2022-10,59615.38
C00021,2022-11,59615.38
C00021,2022-12,59615.38
C00021,2023-01,59615.38
C00021,2023-02,59615.38
C00021,2023-03,59615.38
C00021,2023-04,59615.38
C00021,2023-05,59615.38
C00021,2023-06,59615.38
C00021,2023-07,59615.38
C00021,2023-08,59615.38
C00021,2023-09,59615.38
C00021,2023-10,59615.38
C00021,2023-11,59615.38
C00021,2023-12,59615.38
C00021,2024-01,59615.38
C00022,2022-03,50139.31
C00022,2022-04,50139.31
C00022,2022-05,50139.31
C00022,2022-06,50139.31
C00022,2022-07,50139.31
C00022,2022-08,50139.31
C00022,2022-09,50139.31
C00022,2022-10,50139.31
C00022,2022-11,50139.31
C00022,2022-12,50139.31
C00022,2023-01,50139.31
C00022,2023-02,50139.31
C00022,2023-03,50139.31
C00022,2023-04,50139.31
C00022,2023-05,50139.31
C00022,2023-06,50139.31
C00022,2023-07,50139.31
C00022,2023-08,50139.31
C00022,2023-09,50139.31
C00023,2022-03,4478.77
C00023,2022-04,4478.77
C00023,2022-05,4478.77
C00023,2022-06,4478.77
C00023,2022-07,4478.77
C00023,2022-08,4478.77
C00023,2022-09,4478.77
C00023,2022-10,4478.77
C00023,2022-11,4478.77
C00023,2022-12,4478.77
C00023,2023-01,4478.77
C00023,2023-02,4478.77
C00023,2023-03,5473.15
C00024,2022-03,18609.59
C00024,2022-04,18609.59
C00024,2022-05,24153.55
C00024,2022-06,24153.55
C00024,2022-07,24153.55
C00024,2022-08,24153.55
C00024,2022-09,24153.55
C00024,2022-10,24153.55
C00024,2022-11,24153.55
C00024,2022-12,24153.55
C00024,2023-01,24153.55
C00024,2023-02,24153.55
C00024,2023-03,24153.55
C00024,2023-04,24153.55
C00024,2023-05,24153.55
C00024,2023-06,24153.55
C00024,2023-07,24153.55
C00024,2023-08,24153.55
C00024,2023-09,24153.55
C00024,2023-10,24153.55
C00024,2023-11,24153.55
C00024,2023-12,24153.55
C00024,2024-01,24153.55
C00024,2024-02,24153.55
C00024,2024-03,24153.55
C00024,2024-04,24153.55
C00024,2024-05,24153.55
C00024,2024-06,24153.55
C00024,2024-07,24153.55
C00024,2024-08,24153.55
C00024,2024-09,24153.55
C00024,2024-10,24153.55
C00024,2024-11,24153.55
C00024,2024-12,24153.55
C00024,2025-01,24153.55
C00024,2025-02,24153.55
C00024,2025-03,24153.55
C00024,2025-04,24153.55
C00024,2025-05,24153.55
C00024,2025-06,24153.55
C00024,2025-07,24153.55
C00024,2025-08,24153.55
C00024,2025-09,24153.55
C00024,2025-10,24153.55
C00024,2025-11,24153.55
C00024,2025-12,24153.55
C00024,2026-01,24153.55
C00024,2026-02,24153.55
C00024,2026-03,24153.55
C00024,2026-04,24153.55
C00024,2026-05,24153.55
C00024,2026-06,24153.55
C00025,2022-03,7838.45
C00025,2022-04,7838.45
C00025,2022-05,7838.45
C00025,2022-06,7838.45
C00025,2022-07,7838.45
C00025,2022-08,7838.45
C00025,2022-09,7838.45
C00025,2022-10,7838.45
C00025,2022-11,7838.45
C00025,2022-12,7838.45
C00025,2023-01,7838.45
C00025,2023-02,7838.45
C00025,2023-03,7838.45
C00025,2023-04,7838.45
C00025,2023-05,7838.45
C00025,2023-06,7838.45
C00025,2023-07,7838.45
C00025,2023-08,7838.45
C00025,2023-09,7838.45
C00025,2023-10,7838.45
C00025,2023-11,7838.45
C00025,2023-12,7838.45
C00025,2024-01,7838.45
C00025,2024-02,7838.45
C00025,2024-03,7838.45
C00025,2024-04,7838.45
C00025,2024-05,7838.45
C00025,2024-06,7838.45
C00025,2024-07,7838.45
C00025,2024-08,7838.45
C00025,2024-09,7838.45
C00025,2024-10,7838.45
C00025,2024-11,7838.45
C00025,2024-12,7838.45
C00025,2025-01,7838.45
C00025,2025-02,7838.45
C00025,2025-03,7838.45
C00025,2025-04,7838.45
C00025,2025-05,7838.45
C00025,2025-06,7838.45
C00025,2025-07,7838.45
C00025,2025-08,7838.45
C00025,2025-09,7838.45
C00025,2025-10,7838.45
C00025,2025-11,7838.45
C00025,2025-12,7838.45
C00025,2026-01,7838.45
C00025,2026-02,7838.45
C00025,2026-03,7838.45
C00025,2026-04,7838.45
C00025,2026-05,7838.45
C00026,2022-03,20342.48
C00026,2022-04,20342.48
C00026,2022-05,20342.48
C00026,2022-06,20342.48
C00026,2022-07,20342.48
C00026,2022-08,20342.48
C00026,2022-09,20342.48
C00026,2022-10,20342.48
C00026,2022-11,20342.48
C00026,2022-12,20342.48
C00026,2023-01,20342.48
C00026,2023-02,20342.48
C00026,2023-03,20342.48
C00026,2023-04,20342.48
C00026,2023-05,20342.48
C00026,2023-06,20342.48
C00026,2023-07,20342.48
C00026,2023-08,20342.48
C00026,2023-09,20342.48
C00026,2023-10,20342.48
C00026,2023-11,20342.48
C00026,2023-12,20342.48
C00026,2024-01,20342.48
C00026,2024-02,20342.48
C00026,2024-03,20342.48
C00026,2024-04,20342.48
C00026,2024-05,20342.48
C00026,2024-06,20342.48
C00026,2024-07,20342.48
C00026,2024-08,20342.48
C00026,2024-09,20342.48
C00026,2024-10,20342.48
C00026,2024-11,20342.48
C00026,2024-12,20342.48
C00026,2025-01,20342.48
C00026,2025-02,20342.48
C00026,2025-03,20342.48
C00026,2025-04,20342.48
C00026,2025-05,20342.48
C00026,2025-06,20342.48
C00026,2025-07,20342.48
C00026,2025-08,20342.48
C00026,2025-09,20342.48
C00026,2025-10,20342.48
C00026,2025-11,20342.48
C00026,2025-12,20342.48
C00026,2026-01,20342.48
C00026,2026-02,20342.48
C00026,2026-03,20342.48
C00026,2026-04,20342.48
C00026,2026-05,20342.48
C00026,2026-06,20342.48
C00027,2022-03,131827.54
C00027,2022-04,131827.54
C00027,2022-05,131827.54
C00027,2022-06,131827.54
C00027,2022-07,131827.54
C00027,2022-08,131827.54
C00027,2022-09,131827.54
C00027,2022-10,131827.54
C00027,2022-11,131827.54
C00027,2022-12,131827.54
C00027,2023-01,131827.54
C00027,2023-02,131827.54
C00027,2023-03,131827.54
C00027,2023-04,131827.54
C00027,2023-05,131827.54
C00027,2023-06,131827.54
C00027,2023-07,131827.54
C00027,2023-08,131827.54
C00027,2023-09,131827.54
C00027,2023-10,131827.54
C00027,2023-11,131827.54
C00027,2023-12,177236.01
C00027,2024-01,177236.01
C00027,2024-02,177236.01
C00027,2024-03,177236.01
C00027,2024-04,177236.01
C00027,2024-05,177236.01
C00027,2024-06,177236.01
C00027,2024-07,177236.01
C00027,2024-08,177236.01
C00027,2024-09,177236.01
C00027,2024-10,177236.01
C00027,2024-11,177236.01
C00027,2024-12,177236.01
C00027,2025-01,177236.01
C00027,2025-02,177236.01
C00027,2025-03,177236.01
C00027,2025-04,177236.01
C00027,2025-05,177236.01
C00027,2025-06,177236.01
C00027,2025-07,177236.01
C00027,2025-08,177236.01
C00027,2025-09,177236.01
C00027,2025-10,177236.01
C00027,2025-11,177236.01
C00027,2025-12,177236.01
C00027,2026-01,177236.01
C00027,2026-02,177236.01
C00027,2026-03,177236.01
C00027,2026-04,177236.01
C00027,2026-05,177236.01
C00027,2026-06,177236.01
C00028,2022-03,59079.83
C00028,2022-04,59079.83
C00028,2022-05,59079.83
C00028,2022-06,59079.83
C00028,2022-07,59079.83
C00028,2022-08,59079.83
C00028,2022-09,59079.83
C00028,2022-10,59079.83
C00028,2022-11,59079.83
C00028,2022-12,59079.83
C00028,2023-01,59079.83
C00029,2022-03,2894.96
C00029,2022-04,2894.96
C00029,2022-05,2894.96
C00029,2022-06,2894.96
C00029,2022-07,2894.96
C00030,2022-03,2041.36
C00030,2022-04,2041.36
C00030,2022-05,2041.36
C00030,2022-06,2041.36
C00030,2022-07,2041.36
C00030,2022-08,2041.36
C00030,2022-09,2041.36
C00030,2022-10,2041.36
C00030,2022-11,2041.36
C00030,2022-12,2041.36
C00030,2023-01,2041.36
C00030,2023-02,2041.36
C00030,2023-03,2041.36
C00030,2023-04,2041.36
C00030,2023-05,2041.36
C00030,2023-06,2041.36
C00030,2023-07,2041.36
C00030,2023-08,2041.36
C00030,2023-09,2041.36
C00030,2023-10,2041.36
C00030,2023-11,2041.36
C00030,2023-12,2041.36
C00030,2024-01,2041.36
C00030,2024-02,2041.36
C00030,2024-03,2041.36
C00030,2024-04,2041.36
C00030,2024-05,2041.36
C00030,2024-06,2041.36
C00030,2024-07,2041.36
C00030,2024-08,2041.36
C00030,2024-09,2041.36
C00030,2024-10,2041.36
C00030,2024-11,2041.36
C00030,2024-12,2041.36
C00030,2025-01,2041.36
C00030,2025-02,2041.36
C00030,2025-03,2041.36
C00030,2025-04,2041.36
C00030,2025-05,2041.36
C00030,2025-06,2041.36
C00030,2025-07,2041.36
C00030,2025-08,2041.36
C00030,2025-09,2041.36
C00030,2025-10,2041.36
C00030,2025-11,2041.36
C00030,2025-12,2041.36
C00030,2026-01,2041.36
C00030,2026-02,2041.36
C00030,2026-03,2041.36
C00030,2026-04,2041.36
C00030,2026-05,2041.36
C00030,2026-06,2041.36
C00031,2022-03,4873.81
C00031,2022-04,4873.81
C00031,2022-05,4873.81
C00031,2022-06,4873.81
C00031,2022-07,4873.81
C00031,2022-08,4873.81
C00031,2022-09,4873.81
C00031,2022-10,4873.81
C00031,2022-11,4873.81
C00031,2022-12,4873.81
C00031,2023-01,4873.81
C00031,2023-02,4873.81
C00031,2023-03,4873.81
C00031,2023-04,4873.81
C00031,2023-05,4873.81
C00031,2023-06,4873.81
C00031,2023-07,4873.81
C00031,2023-08,4873.81
C00031,2023-09,4873.81
C00031,2023-10,4873.81
C00031,2023-11,4873.81
C00031,2023-12,4873.81
C00031,2024-01,4873.81
C00031,2024-02,4873.81
C00031,2024-03,4873.81
C00031,2024-04,4873.81
C00032,2022-03,42776.32
C00032,2022-04,42776.32
C00032,2022-05,42776.32
C00032,2022-06,42776.32
C00032,2022-07,42776.32
C00032,2022-08,42776.32
C00032,2022-09,42776.32
C00032,2022-10,42776.32
C00032,2022-11,42776.32
C00032,2022-12,42776.32
C00032,2023-01,42776.32
C00032,2023-02,42776.32
C00032,2023-03,42776.32
C00032,2023-04,42776.32
C00032,2023-05,42776.32
C00032,2023-06,42776.32
C00032,2023-07,42776.32
C00032,2023-08,42776.32
C00032,2023-09,42776.32
C00032,2023-10,42776.32
C00032,2023-11,42776.32
C00032,2023-12,42776.32
C00032,2024-01,42776.32
C00032,2024-02,42776.32
C00032,2024-03,42776.32
C00032,2024-04,42776.32
C00032,2024-05,42776.32
C00032,2024-06,42776.32
C00032,2024-07,42776.32
C00032,2024-08,42776.32
C00032,2024-09,42776.32
C00032,2024-10,42776.32
C00032,2024-11,42776.32
C00032,2024-12,42776.32
C00032,2025-01,42776.32
C00032,2025-02,42776.32
C00032,2025-03,42776.32
C00032,2025-04,42776.32
C00032,2025-05,42776.32
C00032,2025-06,42776.32
C00032,2025-07,42776.32
C00032,2025-08,42776.32
C00032,2025-09,42776.32
C00032,2025-10,42776.32
C00032,2025-11,42776.32
C00032,2025-12,42776.32
C00032,2026-01,42776.32
C00032,2026-02,42776.32
C00032,2026-03,42776.32
C00032,2026-04,42776.32
C00032,2026-05,42776.32
C00032,2026-06,42776.32
C00033,2022-04,11440.14
C00033,2022-05,11440.14
C00033,2022-06,11440.14
C00033,2022-07,11440.14
C00033,2022-08,11440.14
C00033,2022-09,11440.14
C00033,2022-10,11440.14
C00033,2022-11,11440.14
C00033,2022-12,11440.14
C00033,2023-01,11440.14
C00033,2023-02,11440.14
C00033,2023-03,11440.14
C00033,2023-04,11440.14
C00033,2023-05,11440.14
C00033,2023-06,11440.14
C00033,2023-07,11440.14
C00033,2023-08,11440.14
C00033,2023-09,11440.14
C00033,2023-10,11440.14
C00033,2023-11,11440.14
C00033,2023-12,11440.14
C00033,2024-01,11440.14
C00033,2024-02,11440.14
C00033,2024-03,11440.14
C00033,2024-04,11440.14
C00033,2024-05,11440.14
C00033,2024-06,11440.14
C00033,2024-07,11440.14
C00033,2024-08,11440.14
C00033,2024-09,11440.14
C00033,2024-10,11440.14
C00033,2024-11,11440.14
C00033,2024-12,11440.14
C00033,2025-01,11440.14
C00033,2025-02,11440.14
C00033,2025-03,11440.14
C00033,2025-04,11440.14
C00033,2025-05,11440.14
C00033,2025-06,11440.14
C00033,2025-07,11440.14
C00033,2025-08,11440.14
C00033,2025-09,11440.14
C00033,2025-10,11440.14
C00033,2025-11,11440.14
C00033,2025-12,11440.14
C00033,2026-01,11440.14
C00033,2026-02,11440.14
C00033,2026-03,11440.14
C00033,2026-04,11440.14
C00033,2026-05,11440.14
C00033,2026-06,11440.14
C00034,2022-04,53878.31
C00034,2022-05,53878.31
C00034,2022-06,53878.31
C00034,2022-07,53878.31
C00034,2022-08,53878.31
C00034,2022-09,53878.31
C00034,2022-10,53878.31
C00034,2022-11,53878.31
C00034,2022-12,68917.56
C00034,2023-01,68917.56
C00034,2023-02,68917.56
C00034,2023-03,68917.56
C00034,2023-04,68917.56
C00034,2023-05,68917.56
C00034,2023-06,68917.56
C00034,2023-07,68917.56
C00034,2023-08,68917.56
C00034,2023-09,68917.56
C00034,2023-10,68917.56
C00034,2023-11,68917.56
C00034,2023-12,68917.56
C00034,2024-01,68917.56
C00034,2024-02,68917.56
C00034,2024-03,68917.56
C00034,2024-04,80093.58
C00034,2024-05,80093.58
C00034,2024-06,80093.58
C00034,2024-07,80093.58
C00034,2024-08,80093.58
C00034,2024-09,80093.58
C00034,2024-10,80093.58
C00034,2024-11,80093.58
C00034,2024-12,80093.58
C00034,2025-01,80093.58
C00034,2025-02,80093.58
C00034,2025-03,80093.58
C00034,2025-04,80093.58
C00034,2025-05,80093.58
C00034,2025-06,80093.58
C00034,2025-07,80093.58
C00034,2025-08,80093.58
C00034,2025-09,80093.58
C00034,2025-10,80093.58
C00034,2025-11,80093.58
C00034,2025-12,80093.58
C00034,2026-01,80093.58
C00034,2026-02,80093.58
C00034,2026-03,80093.58
C00034,2026-04,80093.58
C00034,2026-05,80093.58
C00034,2026-06,80093.58
C00035,2022-04,42023.56
C00035,2022-05,42023.56
C00035,2022-06,42023.56
C00035,2022-07,42023.56
C00035,2022-08,42023.56
C00035,2022-09,42023.56
C00035,2022-10,42023.56
C00035,2022-11,42023.56
C00035,2022-12,42023.56
C00035,2023-01,42023.56
C00035,2023-02,42023.56
C00035,2023-03,42023.56
C00035,2023-04,42023.56
C00035,2023-05,42023.56
C00035,2023-06,42023.56
C00035,2023-07,42023.56
C00035,2023-08,42023.56
C00035,2023-09,42023.56
C00035,2023-10,42023.56
C00035,2023-11,42023.56
C00035,2023-12,42023.56
C00035,2024-01,42023.56
C00035,2024-02,42023.56
C00035,2024-03,42023.56
C00035,2024-04,42023.56
C00035,2024-05,42023.56
C00035,2024-06,42023.56
C00035,2024-07,42023.56
C00035,2024-08,42023.56
C00035,2024-09,42023.56
C00035,2024-10,42023.56
C00035,2024-11,42023.56
C00035,2024-12,42023.56
C00035,2025-01,42023.56
C00035,2025-02,42023.56
C00035,2025-03,42023.56
C00035,2025-04,42023.56
C00035,2025-05,42023.56
C00035,2025-06,42023.56
C00035,2025-07,42023.56
C00035,2025-08,42023.56
C00035,2025-09,42023.56
C00035,2025-10,42023.56
C00035,2025-11,42023.56
C00035,2025-12,42023.56
C00035,2026-01,42023.56
C00035,2026-02,42023.56
C00035,2026-03,42023.56
C00035,2026-04,42023.56
C00035,2026-05,42023.56
C00035,2026-06,42023.56
C00036,2022-04,3738.57
C00036,2022-05,3738.57
C00036,2022-06,3738.57
C00036,2022-07,3738.57
C00036,2022-08,3738.57
C00036,2022-09,3738.57
C00036,2022-10,3738.57
C00036,2022-11,3738.57
C00036,2022-12,3738.57
C00036,2023-01,3738.57
C00036,2023-02,3738.57
C00036,2023-03,3738.57
C00036,2023-04,3738.57
C00036,2023-05,3738.57
C00036,2023-06,3738.57
C00036,2023-07,3738.57
C00036,2023-08,3738.57
C00036,2023-09,3738.57
C00036,2023-10,3738.57
C00036,2023-11,3738.57
C00036,2023-12,3738.57
C00036,2024-01,3738.57
C00036,2024-02,3738.57
C00036,2024-03,3738.57
C00036,2024-04,3738.57
C00036,2024-05,3738.57
C00036,2024-06,3738.57
C00036,2024-07,3738.57
C00036,2024-08,3738.57
C00037,2022-04,50180.8
C00037,2022-05,50180.8
C00037,2022-06,50180.8
C00037,2022-07,50180.8
C00037,2022-08,50180.8
C00037,2022-09,50180.8
C00037,2022-10,50180.8
C00037,2022-11,50180.8
C00037,2022-12,50180.8
C00037,2023-01,50180.8
C00037,2023-02,50180.8
C00037,2023-03,50180.8
C00037,2023-04,50180.8
C00037,2023-05,50180.8
C00037,2023-06,50180.8
C00037,2023-07,50180.8
C00037,2023-08,50180.8
C00037,2023-09,50180.8
C00037,2023-10,50180.8
C00037,2023-11,50180.8
C00037,2023-12,50180.8
C00037,2024-01,50180.8
C00037,2024-02,50180.8
C00037,2024-03,50180.8
C00037,2024-04,50180.8
C00037,2024-05,50180.8
C00037,2024-06,50180.8
C00037,2024-07,50180.8
C00037,2024-08,50180.8
C00037,2024-09,50180.8
C00037,2024-10,50180.8
C00037,2024-11,50180.8
C00037,2024-12,50180.8
C00037,2025-01,50180.8
C00037,2025-02,50180.8
C00037,2025-03,50180.8
C00037,2025-04,50180.8
C00037,2025-05,50180.8
C00037,2025-06,50180.8
C00037,2025-07,50180.8
C00037,2025-08,50180.8
C00037,2025-09,50180.8
C00037,2025-10,50180.8
C00037,2025-11,50180.8
C00037,2025-12,50180.8
C00037,2026-01,50180.8
C00037,2026-02,50180.8
C00037,2026-03,50180.8
C00037,2026-04,50180.8
C00037,2026-05,50180.8
C00037,2026-06,50180.8
C00038,2022-04,4103.78
C00038,2022-05,4103.78
C00038,2022-06,4103.78
C00038,2022-07,4103.78
C00038,2022-08,4103.78
C00038,2022-09,4103.78
C00038,2022-10,4103.78
C00038,2022-11,4103.78
C00038,2022-12,4103.78
C00038,2023-01,4103.78
C00038,2023-02,4103.78
C00039,2022-04,7577.91
C00040,2022-04,6467.77
C00040,2022-05,6467.77
C00041,2022-04,5562.19
C00041,2022-05,5562.19
C00041,2022-06,5562.19
C00041,2022-07,5562.19
C00041,2022-08,5562.19
C00041,2022-09,5562.19
C00041,2022-10,5562.19
C00041,2022-11,5562.19
C00041,2022-12,5562.19
C00042,2022-04,8498.3
C00042,2022-05,8498.3
C00042,2022-06,8498.3
C00042,2022-07,8498.3
C00042,2022-08,8498.3
C00042,2022-09,8498.3
C00042,2022-10,8498.3
C00042,2022-11,8498.3
C00042,2022-12,8498.3
C00042,2023-01,8498.3
C00042,2023-02,8498.3
C00042,2023-03,8498.3
C00042,2023-04,8498.3
C00042,2023-05,8498.3
C00042,2023-06,8498.3
C00042,2023-07,8498.3
C00042,2023-08,8498.3
C00042,2023-09,8498.3
C00042,2023-10,8498.3
C00042,2023-11,8498.3
C00042,2023-12,8498.3
C00042,2024-01,8498.3
C00042,2024-02,8498.3
C00042,2024-03,8498.3
C00042,2024-04,8498.3
C00042,2024-05,8498.3
C00042,2024-06,8498.3
C00042,2024-07,8498.3
C00042,2024-08,8498.3
C00042,2024-09,8498.3
C00042,2024-10,8498.3
C00042,2024-11,8498.3
C00042,2024-12,8498.3
C00042,2025-01,8498.3
C00042,2025-02,8498.3
C00042,2025-03,8498.3
C00042,2025-04,8498.3
C00042,2025-05,8498.3
C00042,2025-06,8498.3
C00043,2022-04,80076.04
C00043,2022-05,80076.04
C00043,2022-06,80076.04
C00043,2022-07,80076.04
C00043,2022-08,80076.04
C00043,2022-09,80076.04
C00043,2022-10,80076.04
C00043,2022-11,80076.04
C00043,2022-12,80076.04
C00043,2023-01,80076.04
C00043,2023-02,80076.04
C00043,2023-03,80076.04
C00043,2023-04,80076.04
C00043,2023-05,80076.04
C00043,2023-06,80076.04
C00043,2023-07,80076.04
C00043,2023-08,80076.04
C00043,2023-09,80076.04
C00043,2023-10,80076.04
C00043,2023-11,80076.04
C00043,2023-12,80076.04
C00043,2024-01,80076.04
C00043,2024-02,80076.04
C00043,2024-03,80076.04
C00043,2024-04,80076.04
C00043,2024-05,80076.04
C00043,2024-06,80076.04
C00043,2024-07,80076.04
C00043,2024-08,80076.04
C00043,2024-09,80076.04
C00043,2024-10,80076.04
C00043,2024-11,80076.04
C00043,2024-12,80076.04
C00043,2025-01,80076.04
C00043,2025-02,80076.04
C00043,2025-03,80076.04
C00043,2025-04,80076.04
C00043,2025-05,80076.04
C00043,2025-06,80076.04
C00043,2025-07,80076.04
C00043,2025-08,80076.04
C00043,2025-09,80076.04
C00043,2025-10,80076.04
C00043,2025-11,80076.04
C00043,2025-12,98978.71
C00043,2026-01,98978.71
C00043,2026-02,98978.71
C00043,2026-03,98978.71
C00043,2026-04,98978.71
C00043,2026-05,98978.71
C00043,2026-06,98978.71
C00044,2022-04,3456.08
C00044,2022-05,3456.08
C00044,2022-06,3456.08
C00044,2022-07,3456.08
C00044,2022-08,3697.74
C00044,2022-09,4897.65
C00044,2022-10,4897.65
C00044,2022-11,4897.65
C00044,2022-12,4897.65
C00044,2023-01,4897.65
C00044,2023-02,4897.65
C00044,2023-03,4897.65
C00044,2023-04,4897.65
C00044,2023-05,4897.65
C00044,2023-06,4897.65
C00044,2023-07,4897.65
C00044,2023-08,4897.65
C00044,2023-09,4897.65
C00044,2023-10,6316.22
C00044,2023-11,6316.22
C00044,2023-12,6316.22
C00044,2024-01,6316.22
C00044,2024-02,6316.22
C00044,2024-03,6316.22
C00044,2024-04,6316.22
C00044,2024-05,6316.22
C00044,2024-06,6316.22
C00044,2024-07,6316.22
C00045,2022-05,6272.33
C00045,2022-06,6272.33
C00045,2022-07,6272.33
C00045,2022-08,6272.33
C00045,2022-09,6272.33
C00045,2022-10,6272.33
C00045,2022-11,6272.33
C00045,2022-12,6272.33
C00045,2023-01,6272.33
C00045,2023-02,6272.33
C00045,2023-03,6272.33
C00045,2023-04,6272.33
C00045,2023-05,6272.33
C00045,2023-06,6272.33
C00045,2023-07,6272.33
C00045,2023-08,6272.33
C00045,2023-09,6272.33
C00045,2023-10,6272.33
C00045,2023-11,6272.33
C00045,2023-12,6272.33
C00045,2024-01,6272.33
C00045,2024-02,6272.33
C00045,2024-03,6272.33
C00045,2024-04,6272.33
C00045,2024-05,6272.33
C00045,2024-06,6272.33
C00045,2024-07,6272.33
C00045,2024-08,6272.33
C00045,2024-09,6272.33
C00045,2024-10,6272.33
C00045,2024-11,6272.33
C00045,2024-12,6272.33
C00045,2025-01,6272.33
C00045,2025-02,6272.33
C00045,2025-03,6272.33
C00045,2025-04,6272.33
C00045,2025-05,4929.56
C00045,2025-06,4929.56
C00045,2025-07,4929.56
C00045,2025-08,4929.56
C00045,2025-09,4929.56
C00045,2025-10,4929.56
C00045,2025-11,4929.56
C00045,2025-12,4929.56
C00045,2026-01,4929.56
C00045,2026-02,4929.56
C00045,2026-03,4929.56
C00045,2026-04,4929.56
C00045,2026-05,4929.56
C00045,2026-06,4929.56
C00046,2022-05,2122.49
C00046,2022-06,2122.49
C00046,2022-07,2122.49
C00046,2022-08,2122.49
C00046,2022-09,2122.49
C00046,2022-10,2122.49
C00046,2022-11,2122.49
C00046,2022-12,2122.49
C00046,2023-01,2122.49
C00046,2023-02,2122.49
C00046,2023-03,2122.49
C00046,2023-04,2122.49
C00046,2023-05,2122.49
C00046,2023-06,2122.49
C00046,2023-07,2122.49
C00046,2023-08,2122.49
C00046,2023-09,2122.49
C00046,2023-10,2122.49
C00046,2023-11,2122.49
C00046,2023-12,2122.49
C00046,2024-01,2122.49
C00046,2024-02,2122.49
C00046,2024-03,2122.49
C00046,2024-04,2122.49
C00046,2024-05,2122.49
C00046,2024-06,2122.49
C00046,2024-07,2122.49
C00046,2024-08,2122.49
C00046,2024-09,2122.49
C00046,2024-10,2122.49
C00046,2024-11,2122.49
C00046,2024-12,2122.49
C00046,2025-01,2122.49
C00046,2025-02,2122.49
C00046,2025-03,2122.49
C00046,2025-04,2122.49
C00046,2025-05,2122.49
C00046,2025-06,2122.49
C00046,2025-07,2122.49
C00046,2025-08,2122.49
C00046,2025-09,2122.49
C00046,2025-10,2122.49
C00046,2025-11,2122.49
C00046,2025-12,2122.49
C00046,2026-01,2122.49
C00046,2026-02,2122.49
C00046,2026-03,2122.49
C00046,2026-04,2122.49
C00046,2026-05,2122.49
C00046,2026-06,2122.49
C00047,2022-05,110287.15
C00047,2022-06,110287.15
C00047,2022-07,110287.15
C00047,2022-08,110287.15
C00047,2022-09,110287.15
C00047,2022-10,110287.15
C00047,2022-11,110287.15
C00047,2022-12,110287.15
C00047,2023-01,110287.15
C00047,2023-02,141774.83
C00047,2023-03,141774.83
C00047,2023-04,141774.83
C00047,2023-05,141774.83
C00047,2023-06,141774.83
C00047,2023-07,141774.83
C00047,2023-08,141774.83
C00047,2023-09,141774.83
C00047,2023-10,141774.83
C00047,2023-11,141774.83
C00047,2023-12,141774.83
C00047,2024-01,141774.83
C00047,2024-02,141774.83
C00047,2024-03,141774.83
C00047,2024-04,141774.83
C00047,2024-05,141774.83
C00047,2024-06,141774.83
C00047,2024-07,141774.83
C00047,2024-08,141774.83
C00047,2024-09,141774.83
C00047,2024-10,141774.83
C00047,2024-11,141774.83
C00047,2024-12,141774.83
C00047,2025-01,141774.83
C00047,2025-02,141774.83
C00047,2025-03,141774.83
C00047,2025-04,156070.75
C00047,2025-05,156070.75
C00047,2025-06,156070.75
C00047,2025-07,156070.75
C00047,2025-08,156070.75
C00047,2025-09,156070.75
C00048,2022-05,30122.75
C00048,2022-06,30122.75
C00048,2022-07,30122.75
C00048,2022-08,30122.75
C00048,2022-09,30122.75
C00048,2022-10,30122.75
C00048,2022-11,30122.75
C00048,2022-12,30122.75
C00048,2023-01,30122.75
C00048,2023-02,30122.75
C00048,2023-03,30122.75
C00048,2023-04,30122.75
C00048,2023-05,30122.75
C00048,2023-06,30122.75
C00048,2023-07,30122.75
C00048,2023-08,30122.75
C00048,2023-09,30122.75
C00048,2023-10,30122.75
C00048,2023-11,30122.75
C00048,2023-12,30122.75
C00048,2024-01,30122.75
C00048,2024-02,30122.75
C00048,2024-03,30122.75
C00048,2024-04,30122.75
C00048,2024-05,30122.75
C00048,2024-06,30122.75
C00048,2024-07,30122.75
C00048,2024-08,30122.75
C00048,2024-09,30122.75
C00048,2024-10,30122.75
C00048,2024-11,30122.75
C00048,2024-12,30122.75
C00048,2025-01,30122.75
C00048,2025-02,30122.75
C00048,2025-03,30122.75
C00048,2025-04,30122.75
C00048,2025-05,30122.75
C00048,2025-06,30122.75
C00048,2025-07,30122.75
C00048,2025-08,30122.75
C00048,2025-09,30122.75
C00048,2025-10,30122.75
C00048,2025-11,30122.75
C00048,2025-12,30122.75
C00048,2026-01,30122.75
C00048,2026-02,30122.75
C00048,2026-03,30122.75
C00048,2026-04,30122.75
C00048,2026-05,30122.75
C00048,2026-06,30122.75
C00049,2022-05,62435.07
C00049,2022-06,62435.07
C00049,2022-07,62435.07
C00049,2022-08,82756.17
C00049,2022-09,82756.17
C00049,2022-10,82756.17
C00049,2022-11,82756.17
C00049,2022-12,82756.17
C00049,2023-01,82756.17
C00049,2023-02,82756.17
C00049,2023-03,82756.17
C00049,2023-04,82756.17
C00049,2023-05,82756.17
C00049,2023-06,82756.17
C00049,2023-07,82756.17
C00049,2023-08,82756.17
C00049,2023-09,82756.17
C00049,2023-10,82756.17
C00049,2023-11,82756.17
C00049,2023-12,82756.17
C00049,2024-01,82756.17
C00049,2024-02,82756.17
C00049,2024-03,82756.17
C00049,2024-04,82756.17
C00049,2024-05,82756.17
C00049,2024-06,82756.17
C00049,2024-07,82756.17
C00049,2024-08,82756.17
C00049,2024-09,82756.17
C00049,2024-10,82756.17
C00049,2024-11,82756.17
C00049,2024-12,82756.17
C00049,2025-01,82756.17
C00049,2025-02,82756.17
C00049,2025-03,82756.17
C00049,2025-04,82756.17
C00049,2025-05,82756.17
C00049,2025-06,82756.17
C00049,2025-07,82756.17
C00049,2025-08,82756.17
C00049,2025-09,82756.17
C00049,2025-10,82756.17
C00049,2025-11,82756.17
C00049,2025-12,82756.17
C00049,2026-01,82756.17
C00049,2026-02,82756.17
C00049,2026-03,82756.17
C00049,2026-04,82756.17
C00049,2026-05,82756.17
C00049,2026-06,82756.17
C00050,2022-05,34835.23
C00050,2022-06,34835.23
C00050,2022-07,34835.23
C00050,2022-08,34835.23
C00051,2022-05,136023.8
C00051,2022-06,136023.8
C00051,2022-07,136023.8
C00051,2022-08,136023.8
C00051,2022-09,136023.8
C00051,2022-10,136023.8
C00051,2022-11,136023.8
C00051,2022-12,136023.8
C00051,2023-01,136023.8
C00051,2023-02,136023.8
C00051,2023-03,136023.8
C00051,2023-04,169358.43
C00051,2023-05,169358.43
C00051,2023-06,169358.43
C00051,2023-07,169358.43
C00051,2023-08,169358.43
C00051,2023-09,169358.43
C00051,2023-10,169358.43
C00052,2022-05,60487.77
C00052,2022-06,60487.77
C00052,2022-07,60487.77
C00052,2022-08,60487.77
C00052,2022-09,60487.77
C00052,2022-10,44137.76
C00052,2022-11,44137.76
C00052,2022-12,44137.76
C00052,2023-01,44137.76
C00052,2023-02,44137.76
C00052,2023-03,44137.76
C00052,2023-04,44137.76
C00052,2023-05,44137.76
C00052,2023-06,44137.76
C00052,2023-07,44137.76
C00052,2023-08,44137.76
C00052,2023-09,44137.76
C00052,2023-10,44137.76
C00052,2023-11,44137.76
C00052,2023-12,44137.76
C00052,2024-01,44137.76
C00052,2024-02,44137.76
C00052,2024-03,44137.76
C00052,2024-04,44137.76
C00052,2024-05,44137.76
C00052,2024-06,44137.76
C00052,2024-07,44137.76
C00052,2024-08,44137.76
C00052,2024-09,44137.76
C00052,2024-10,44137.76
C00052,2024-11,44137.76
C00052,2024-12,44137.76
C00052,2025-01,44137.76
C00052,2025-02,44137.76
C00052,2025-03,44137.76
C00052,2025-04,44137.76
C00052,2025-05,44137.76
C00052,2025-06,44137.76
C00052,2025-07,44137.76
C00052,2025-08,44137.76
C00052,2025-09,44137.76
C00052,2025-10,44137.76
C00052,2025-11,44137.76
C00052,2025-12,44137.76
C00052,2026-01,44137.76
C00052,2026-02,44137.76
C00052,2026-03,44137.76
C00052,2026-04,44137.76
C00052,2026-05,44137.76
C00052,2026-06,44137.76
C00053,2022-05,8103.63
C00053,2022-06,8103.63
C00053,2022-07,8103.63
C00053,2022-08,8103.63
C00054,2022-05,52218.41
C00054,2022-06,52218.41
C00054,2022-07,43047.11
C00054,2022-08,43047.11
C00054,2022-09,43047.11
C00054,2022-10,43047.11
C00054,2022-11,43047.11
C00054,2022-12,43047.11
C00054,2023-01,43047.11
C00054,2023-02,43047.11
C00054,2023-03,43047.11
C00054,2023-04,43047.11
C00054,2023-05,43047.11
C00054,2023-06,43047.11
C00054,2023-07,43047.11
C00054,2023-08,43047.11
C00054,2023-09,43047.11
C00054,2023-10,43047.11
C00054,2023-11,43047.11
C00054,2023-12,43047.11
C00054,2024-01,43047.11
C00054,2024-02,43047.11
C00054,2024-03,43047.11
C00054,2024-04,43047.11
C00054,2024-05,43047.11
C00054,2024-06,43047.11
C00054,2024-07,43047.11
C00054,2024-08,43047.11
C00054,2024-09,43047.11
C00054,2024-10,43047.11
C00054,2024-11,43047.11
C00054,2024-12,43047.11
C00054,2025-01,43047.11
C00054,2025-02,43047.11
C00054,2025-03,43047.11
C00054,2025-04,43047.11
C00054,2025-05,43047.11
C00054,2025-06,43047.11
C00054,2025-07,43047.11
C00054,2025-08,43047.11
C00054,2025-09,43047.11
C00054,2025-10,43047.11
C00054,2025-11,43047.11
C00054,2025-12,43047.11
C00054,2026-01,43047.11
C00054,2026-02,43047.11
C00054,2026-03,43047.11
C00054,2026-04,43047.11
C00054,2026-05,43047.11
C00054,2026-06,43047.11
C00055,2022-05,12223.34
C00055,2022-06,12223.34
C00055,2022-07,12223.34
C00055,2022-08,12223.34
C00055,2022-09,12223.34
C00055,2022-10,12223.34
C00055,2022-11,12223.34
C00055,2022-12,12223.34
C00055,2023-01,12223.34
C00055,2023-02,12223.34
C00055,2023-03,12223.34
C00055,2023-04,12223.34
C00055,2023-05,12223.34
C00055,2023-06,12223.34
C00055,2023-07,12223.34
C00055,2023-08,12223.34
C00055,2023-09,12223.34
C00055,2023-10,12223.34
C00055,2023-11,12223.34
C00055,2023-12,12223.34
C00055,2024-01,12223.34
C00055,2024-02,12223.34
C00055,2024-03,12223.34
C00055,2024-04,12223.34
C00055,2024-05,12223.34
C00055,2024-06,12223.34
C00055,2024-07,12223.34
C00055,2024-08,12223.34
C00055,2024-09,12223.34
C00055,2024-10,12223.34
C00055,2024-11,12223.34
C00055,2024-12,12223.34
C00055,2025-01,12223.34
C00055,2025-02,12223.34
C00056,2022-05,33074.53
C00056,2022-06,33074.53
C00056,2022-07,33074.53
C00056,2022-08,33074.53
C00056,2022-09,33074.53
C00056,2022-10,33074.53
C00056,2022-11,33074.53
C00056,2022-12,33074.53
C00056,2023-01,33074.53
C00056,2023-02,33074.53
C00056,2023-03,33074.53
C00056,2023-04,33074.53
C00056,2023-05,33074.53
C00056,2023-06,33074.53
C00056,2023-07,33074.53
C00056,2023-08,33074.53
C00056,2023-09,33074.53
C00056,2023-10,33074.53
C00056,2023-11,33074.53
C00056,2023-12,33074.53
C00056,2024-01,33074.53
C00056,2024-02,33074.53
C00056,2024-03,33074.53
C00056,2024-04,33074.53
C00056,2024-05,33074.53
C00056,2024-06,33074.53
C00056,2024-07,33074.53
C00056,2024-08,33074.53
C00056,2024-09,33074.53
C00056,2024-10,33074.53
C00056,2024-11,33074.53
C00056,2024-12,33074.53
C00056,2025-01,33074.53
C00056,2025-02,33074.53
C00056,2025-03,33074.53
C00056,2025-04,33074.53
C00056,2025-05,33074.53
C00056,2025-06,33074.53
C00056,2025-07,33074.53
C00056,2025-08,33074.53
C00056,2025-09,33074.53
C00056,2025-10,33074.53
C00056,2025-11,33074.53
C00056,2025-12,33074.53
C00056,2026-01,33074.53
C00056,2026-02,33074.53
C00056,2026-03,33074.53
C00056,2026-04,33074.53
C00056,2026-05,33074.53
C00056,2026-06,33074.53
C00057,2022-06,41672.94
C00057,2022-07,41672.94
C00058,2022-06,26520.88
C00058,2022-07,26520.88
C00058,2022-08,26520.88
C00058,2022-09,26520.88
C00058,2022-10,26520.88
C00058,2022-11,26520.88
C00058,2022-12,26520.88
C00058,2023-01,26520.88
C00058,2023-02,26520.88
C00058,2023-03,26520.88
C00058,2023-04,26520.88
C00058,2023-05,26520.88
C00058,2023-06,26520.88
C00058,2023-07,26520.88
C00058,2023-08,26520.88
C00058,2023-09,26520.88
C00058,2023-10,26520.88
C00058,2023-11,26520.88
C00058,2023-12,26520.88
C00059,2022-06,44595.93
C00059,2022-07,44595.93
C00059,2022-08,44595.93
C00059,2022-09,44595.93
C00059,2022-10,44595.93
C00059,2022-11,44595.93
C00059,2022-12,44595.93
C00059,2023-01,44595.93
C00059,2023-02,44595.93
C00059,2023-03,44595.93
C00059,2023-04,44595.93
C00059,2023-05,44595.93
C00059,2023-06,44595.93
C00059,2023-07,44595.93
C00059,2023-08,44595.93
C00059,2023-09,44595.93
C00059,2023-10,44595.93
C00059,2023-11,44595.93
C00059,2023-12,44595.93
C00059,2024-01,44595.93
C00059,2024-02,44595.93
C00059,2024-03,44595.93
C00059,2024-04,44595.93
C00059,2024-05,44595.93
C00059,2024-06,44595.93
C00059,2024-07,44595.93
C00059,2024-08,44595.93
C00059,2024-09,44595.93
C00059,2024-10,44595.93
C00059,2024-11,44595.93
C00059,2024-12,44595.93
C00060,2022-06,13224.91
C00060,2022-07,13224.91
C00060,2022-08,13224.91
C00060,2022-09,13224.91
C00060,2022-10,13224.91
C00060,2022-11,13224.91
C00060,2022-12,13224.91
C00060,2023-01,13224.91
C00060,2023-02,13224.91
C00060,2023-03,13224.91
C00060,2023-04,13224.91
C00060,2023-05,13224.91
C00060,2023-06,13224.91
C00060,2023-07,13224.91
C00060,2023-08,13224.91
C00060,2023-09,13224.91
C00060,2023-10,13224.91
C00060,2023-11,13224.91
C00060,2023-12,13224.91
C00061,2022-06,3983.38
C00061,2022-07,3983.38
C00061,2022-08,3983.38
C00061,2022-09,3983.38
C00061,2022-10,3983.38
C00061,2022-11,3983.38
C00061,2022-12,3983.38
C00061,2023-01,3983.38
C00061,2023-02,3983.38
C00061,2023-03,3983.38
C00061,2023-04,3983.38
C00061,2023-05,3983.38
C00061,2023-06,3983.38
C00061,2023-07,3983.38
C00061,2023-08,3983.38
C00061,2023-09,3983.38
C00061,2023-10,3983.38
C00061,2023-11,3983.38
C00061,2023-12,3983.38
C00061,2024-01,3983.38
C00062,2022-06,7901.64
C00062,2022-07,7901.64
C00062,2022-08,7901.64
C00062,2022-09,7901.64
C00062,2022-10,7901.64
C00062,2022-11,7901.64
C00063,2022-06,6254.29
C00063,2022-07,6254.29
C00063,2022-08,6254.29
C00063,2022-09,6254.29
C00063,2022-10,6254.29
C00063,2022-11,6254.29
C00063,2022-12,6254.29
C00063,2023-01,6254.29
C00063,2023-02,6254.29
C00063,2023-03,6254.29
C00063,2023-04,6254.29
C00063,2023-05,6254.29
C00063,2023-06,6254.29
C00063,2023-07,6254.29
C00063,2023-08,6254.29
C00063,2023-09,6254.29
C00063,2023-10,6254.29
C00063,2023-11,6254.29
C00063,2023-12,6254.29
C00063,2024-01,6254.29
C00063,2024-02,6254.29
C00063,2024-03,6254.29
C00064,2022-06,4444.88
C00064,2022-07,4444.88
C00064,2022-08,4444.88
C00064,2022-09,4444.88
C00064,2022-10,4444.88
C00064,2022-11,4444.88
C00064,2022-12,4444.88
C00064,2023-01,4444.88
C00064,2023-02,4444.88
C00064,2023-03,4444.88
C00064,2023-04,4444.88
C00064,2023-05,4444.88
C00064,2023-06,4444.88
C00064,2023-07,4444.88
C00064,2023-08,4444.88
C00064,2023-09,4444.88
C00064,2023-10,4444.88
C00064,2023-11,4444.88
C00064,2023-12,4444.88
C00064,2024-01,4444.88
C00064,2024-02,4444.88
C00064,2024-03,4444.88
C00064,2024-04,4444.88
C00064,2024-05,4444.88
C00064,2024-06,4444.88
C00064,2024-07,4444.88
C00064,2024-08,4444.88
C00064,2024-09,4444.88
C00064,2024-10,4005.9
C00064,2024-11,4005.9
C00064,2024-12,4005.9
C00065,2022-06,31166.02
C00065,2022-07,31166.02
C00065,2022-08,31166.02
C00065,2022-09,31166.02
C00065,2022-10,31166.02
C00065,2022-11,31166.02
C00065,2022-12,31166.02
C00065,2023-01,31166.02
C00065,2023-02,31166.02
C00065,2023-03,31166.02
C00065,2023-04,31166.02
C00065,2023-05,31166.02
C00066,2022-06,10573.14
C00066,2022-07,10573.14
C00066,2022-08,10573.14
C00066,2022-09,10573.14
C00066,2022-10,10573.14
C00066,2022-11,10573.14
C00066,2022-12,10573.14
C00066,2023-01,10573.14
C00066,2023-02,10573.14
C00066,2023-03,10573.14
C00066,2023-04,10573.14
C00066,2023-05,10573.14
C00066,2023-06,10573.14
C00066,2023-07,10573.14
C00066,2023-08,10573.14
C00066,2023-09,10573.14
C00066,2023-10,10573.14
C00066,2023-11,10573.14
C00066,2023-12,10573.14
C00066,2024-01,10573.14
C00066,2024-02,10573.14
C00067,2022-06,48432.14
C00067,2022-07,48432.14
C00067,2022-08,48432.14
C00067,2022-09,48432.14
C00067,2022-10,48432.14
C00067,2022-11,48432.14
C00067,2022-12,48432.14
C00067,2023-01,48432.14
C00067,2023-02,48432.14
C00067,2023-03,48432.14
C00067,2023-04,48432.14
C00067,2023-05,48432.14
C00067,2023-06,48432.14
C00067,2023-07,48432.14
C00067,2023-08,48432.14
C00067,2023-09,48432.14
C00067,2023-10,48432.14
C00067,2023-11,48432.14
C00067,2023-12,48432.14
C00067,2024-01,48432.14
C00067,2024-02,48432.14
C00067,2024-03,48432.14
C00067,2024-04,48432.14
C00067,2024-05,48432.14
C00067,2024-06,48432.14
C00067,2024-07,48432.14
C00067,2024-08,48432.14
C00067,2024-09,48432.14
C00067,2024-10,48432.14
C00067,2024-11,48432.14
C00067,2024-12,48432.14
C00067,2025-01,48432.14
C00067,2025-02,48432.14
C00067,2025-03,48432.14
C00067,2025-04,48432.14
C00067,2025-05,48432.14
C00067,2025-06,48432.14
C00067,2025-07,48432.14
C00067,2025-08,48432.14
C00067,2025-09,48432.14
C00067,2025-10,48432.14
C00067,2025-11,48432.14
C00067,2025-12,48432.14
C00067,2026-01,48432.14
C00067,2026-02,48432.14
C00067,2026-03,48432.14
C00067,2026-04,48432.14
C00067,2026-05,48432.14
C00067,2026-06,48432.14
C00068,2022-06,197879.68
C00068,2022-07,197879.68
C00068,2022-08,197879.68
C00068,2022-09,197879.68
C00068,2022-10,197879.68
C00068,2022-11,197879.68
C00068,2022-12,197879.68
C00068,2023-01,197879.68
C00068,2023-02,197879.68
C00068,2023-03,197879.68
C00068,2023-04,197879.68
C00068,2023-05,197879.68
C00068,2023-06,197879.68
C00068,2023-07,197879.68
C00068,2023-08,197879.68
C00068,2023-09,197879.68
C00068,2023-10,197879.68
C00068,2023-11,197879.68
C00068,2023-12,197879.68
C00068,2024-01,197879.68
C00068,2024-02,197879.68
C00068,2024-03,197879.68
C00068,2024-04,197879.68
C00068,2024-05,197879.68
C00068,2024-06,197879.68
C00068,2024-07,197879.68
C00068,2024-08,197879.68
C00068,2024-09,197879.68
C00068,2024-10,197879.68
C00068,2024-11,197879.68
C00068,2024-12,197879.68
C00068,2025-01,197879.68
C00068,2025-02,197879.68
C00068,2025-03,197879.68
C00068,2025-04,197879.68
C00068,2025-05,197879.68
C00068,2025-06,197879.68
C00068,2025-07,197879.68
C00068,2025-08,197879.68
C00068,2025-09,197879.68
C00068,2025-10,197879.68
C00068,2025-11,197879.68
C00068,2025-12,197879.68
C00068,2026-01,197879.68
C00068,2026-02,197879.68
C00068,2026-03,197879.68
C00068,2026-04,197879.68
C00068,2026-05,197879.68
C00068,2026-06,197879.68
C00069,2022-06,22027.29
C00069,2022-07,22027.29
C00069,2022-08,22027.29
C00069,2022-09,22027.29
C00069,2022-10,22027.29
C00069,2022-11,22027.29
C00069,2022-12,22027.29
C00069,2023-01,22027.29
C00069,2023-02,22027.29
C00069,2023-03,22027.29
C00069,2023-04,22027.29
C00069,2023-05,22027.29
C00069,2023-06,22027.29
C00069,2023-07,22027.29
C00069,2023-08,22027.29
C00069,2023-09,22027.29
C00069,2023-10,22027.29
C00069,2023-11,22027.29
C00069,2023-12,22027.29
C00069,2024-01,22027.29
C00069,2024-02,22027.29
C00069,2024-03,22027.29
C00069,2024-04,22027.29
C00069,2024-05,22027.29
C00069,2024-06,22027.29
C00069,2024-07,22027.29
C00069,2024-08,22027.29
C00069,2024-09,22027.29
C00069,2024-10,22027.29
C00069,2024-11,22027.29
C00069,2024-12,22027.29
C00069,2025-01,22027.29
C00069,2025-02,22027.29
C00069,2025-03,22027.29
C00069,2025-04,22027.29
C00069,2025-05,22027.29
C00069,2025-06,22027.29
C00069,2025-07,22027.29
C00069,2025-08,22027.29
C00069,2025-09,22027.29
C00069,2025-10,22027.29
C00069,2025-11,22027.29
C00069,2025-12,25317.88
C00069,2026-01,25317.88
C00069,2026-02,25317.88
C00069,2026-03,25317.88
C00069,2026-04,25317.88
C00069,2026-05,25317.88
C00069,2026-06,25317.88
C00070,2022-07,9837.95
C00070,2022-08,9837.95
C00070,2022-09,9837.95
C00070,2022-10,9837.95
C00070,2022-11,9837.95
C00070,2022-12,9837.95
C00070,2023-01,9837.95
C00070,2023-02,9837.95
C00070,2023-03,9837.95
C00070,2023-04,9837.95
C00070,2023-05,9837.95
C00070,2023-06,9837.95
C00070,2023-07,9837.95
C00070,2023-08,9837.95
C00070,2023-09,9837.95
C00070,2023-10,9837.95
C00070,2023-11,9837.95
C00071,2022-07,6636.72
C00071,2022-08,6636.72
C00071,2022-09,6636.72
C00071,2022-10,6636.72
C00071,2022-11,6636.72
C00071,2022-12,6636.72
C00071,2023-01,6636.72
C00071,2023-02,6636.72
C00071,2023-03,6636.72
C00071,2023-04,6636.72
C00071,2023-05,6636.72
C00071,2023-06,6636.72
C00071,2023-07,6636.72
C00071,2023-08,6636.72
C00071,2023-09,6636.72
C00071,2023-10,6636.72
C00071,2023-11,6636.72
C00071,2023-12,6636.72
C00071,2024-01,6636.72
C00071,2024-02,6636.72
C00071,2024-03,6636.72
C00071,2024-04,6636.72
C00071,2024-05,6636.72
C00071,2024-06,6636.72
C00071,2024-07,6636.72
C00071,2024-08,6636.72
C00071,2024-09,5770.13
C00071,2024-10,5770.13
C00071,2024-11,5770.13
C00071,2024-12,5770.13
C00071,2025-01,5770.13
C00071,2025-02,5770.13
C00071,2025-03,5770.13
C00071,2025-04,5770.13
C00071,2025-05,5770.13
C00071,2025-06,5770.13
C00071,2025-07,5770.13
C00071,2025-08,5770.13
C00072,2022-07,45522.29
C00072,2022-08,45522.29
C00072,2022-09,45522.29
C00072,2022-10,45522.29
C00072,2022-11,45522.29
C00072,2022-12,45522.29
C00072,2023-01,45522.29
C00072,2023-02,45522.29
C00072,2023-03,45522.29
C00072,2023-04,45522.29
C00072,2023-05,45522.29
C00072,2023-06,45522.29
C00072,2023-07,45522.29
C00072,2023-08,45522.29
C00072,2023-09,45522.29
C00072,2023-10,45522.29
C00072,2023-11,45522.29
C00072,2023-12,45522.29
C00072,2024-01,45522.29
C00072,2024-02,45522.29
C00072,2024-03,45522.29
C00072,2024-04,45522.29
C00072,2024-05,45522.29
C00072,2024-06,45522.29
C00072,2024-07,45522.29
C00072,2024-08,45522.29
C00072,2024-09,45522.29
C00072,2024-10,45522.29
C00072,2024-11,45522.29
C00072,2024-12,45522.29
C00073,2022-07,224590.82
C00073,2022-08,224590.82
C00073,2022-09,224590.82
C00073,2022-10,224590.82
C00073,2022-11,224590.82
C00073,2022-12,224590.82
C00073,2023-01,224590.82
C00073,2023-02,224590.82
C00073,2023-03,224590.82
C00073,2023-04,224590.82
C00073,2023-05,224590.82
C00073,2023-06,258791.03
C00073,2023-07,258791.03
C00073,2023-08,258791.03
C00073,2023-09,258791.03
C00073,2023-10,258791.03
C00073,2023-11,258791.03
C00073,2023-12,258791.03
C00073,2024-01,258791.03
C00073,2024-02,258791.03
C00073,2024-03,258791.03
C00073,2024-04,258791.03
C00073,2024-05,258791.03
C00073,2024-06,258791.03
C00073,2024-07,258791.03
C00073,2024-08,258791.03
C00073,2024-09,258791.03
C00073,2024-10,258791.03
C00073,2024-11,258791.03
C00073,2024-12,258791.03
C00073,2025-01,258791.03
C00073,2025-02,258791.03
C00073,2025-03,258791.03
C00073,2025-04,258791.03
C00073,2025-05,258791.03
C00073,2025-06,258791.03
C00073,2025-07,258791.03
C00073,2025-08,258791.03
C00073,2025-09,258791.03
C00073,2025-10,258791.03
C00073,2025-11,258791.03
C00073,2025-12,320660.79
C00073,2026-01,320660.79
C00073,2026-02,320660.79
C00073,2026-03,320660.79
C00073,2026-04,320660.79
C00073,2026-05,320660.79
C00073,2026-06,320660.79
C00074,2022-07,35994.5
C00074,2022-08,35994.5
C00074,2022-09,35994.5
C00074,2022-10,35994.5
C00074,2022-11,35994.5
C00074,2022-12,35994.5
C00074,2023-01,35994.5
C00074,2023-02,35994.5
C00074,2023-03,35994.5
C00074,2023-04,35994.5
C00074,2023-05,35994.5
C00074,2023-06,35994.5
C00074,2023-07,35994.5
C00074,2023-08,35994.5
C00074,2023-09,35994.5
C00074,2023-10,35994.5
C00074,2023-11,35994.5
C00074,2023-12,35994.5
C00074,2024-01,35994.5
C00074,2024-02,35994.5
C00074,2024-03,35994.5
C00074,2024-04,35994.5
C00074,2024-05,35994.5
C00074,2024-06,35994.5
C00074,2024-07,35994.5
C00074,2024-08,35994.5
C00074,2024-09,35994.5
C00074,2024-10,46065.59
C00074,2024-11,46065.59
C00074,2024-12,46065.59
C00074,2025-01,46065.59
C00074,2025-02,46065.59
C00074,2025-03,46065.59
C00074,2025-04,46065.59
C00074,2025-05,46065.59
C00074,2025-06,46065.59
C00074,2025-07,46065.59
C00074,2025-08,46065.59
C00074,2025-09,46065.59
C00074,2025-10,46065.59
C00074,2025-11,46065.59
C00074,2025-12,46065.59
C00074,2026-01,46065.59
C00074,2026-02,46065.59
C00074,2026-03,46065.59
C00074,2026-04,46065.59
C00074,2026-05,46065.59
C00074,2026-06,46065.59
C00075,2022-07,50576.73
C00075,2022-08,50576.73
C00075,2022-09,50576.73
C00075,2022-10,50576.73
C00075,2022-11,50576.73
C00075,2022-12,50576.73
C00075,2023-01,50576.73
C00076,2022-07,43864.76
C00076,2022-08,43864.76
C00076,2022-09,43864.76
C00076,2022-10,43864.76
C00076,2022-11,43864.76
C00076,2022-12,43864.76
C00076,2023-01,43864.76
C00076,2023-02,43864.76
C00076,2023-03,43864.76
C00076,2023-04,43864.76
C00076,2023-05,43864.76
C00076,2023-06,43864.76
C00076,2023-07,43864.76
C00076,2023-08,43864.76
C00076,2023-09,43864.76
C00076,2023-10,43864.76
C00076,2023-11,43864.76
C00076,2023-12,43864.76
C00076,2024-01,43864.76
C00076,2024-02,43864.76
C00076,2024-03,43864.76
C00076,2024-04,43864.76
C00076,2024-05,43864.76
C00076,2024-06,43864.76
C00076,2024-07,43864.76
C00076,2024-08,43864.76
C00076,2024-09,43864.76
C00076,2024-10,43864.76
C00076,2024-11,43864.76
C00076,2024-12,43864.76
C00076,2025-01,43864.76
C00076,2025-02,43864.76
C00076,2025-03,43864.76
C00076,2025-04,43864.76
C00076,2025-05,43864.76
C00076,2025-06,43864.76
C00076,2025-07,43864.76
C00076,2025-08,43864.76
C00076,2025-09,43864.76
C00076,2025-10,43864.76
C00076,2025-11,43864.76
C00076,2025-12,43864.76
C00076,2026-01,43864.76
C00076,2026-02,43864.76
C00076,2026-03,43864.76
C00076,2026-04,43864.76
C00076,2026-05,43864.76
C00076,2026-06,43864.76
C00077,2022-07,47199.45
C00077,2022-08,47199.45
C00077,2022-09,47199.45
C00077,2022-10,47199.45
C00077,2022-11,47199.45
C00077,2022-12,47199.45
C00077,2023-01,36577.19
C00077,2023-02,36577.19
C00077,2023-03,36577.19
C00077,2023-04,36577.19
C00077,2023-05,36577.19
C00077,2023-06,36577.19
C00077,2023-07,36577.19
C00077,2023-08,36577.19
C00077,2023-09,36577.19
C00077,2023-10,36577.19
C00077,2023-11,36577.19
C00077,2023-12,36577.19
C00077,2024-01,36577.19
C00077,2024-02,36577.19
C00077,2024-03,36577.19
C00077,2024-04,36577.19
C00077,2024-05,36577.19
C00077,2024-06,36577.19
C00077,2024-07,36577.19
C00077,2024-08,36577.19
C00077,2024-09,36577.19
C00077,2024-10,36577.19
C00077,2024-11,36577.19
C00077,2024-12,36577.19
C00077,2025-01,36577.19
C00077,2025-02,36577.19
C00077,2025-03,36577.19
C00077,2025-04,36577.19
C00077,2025-05,36577.19
C00077,2025-06,36577.19
C00077,2025-07,36577.19
C00077,2025-08,36577.19
C00077,2025-09,36577.19
C00077,2025-10,36577.19
C00077,2025-11,36577.19
C00077,2025-12,36577.19
C00077,2026-01,36577.19
C00077,2026-02,36577.19
C00077,2026-03,36577.19
C00077,2026-04,36577.19
C00077,2026-05,36577.19
C00077,2026-06,36577.19
C00078,2022-07,4303.48
C00078,2022-08,4303.48
C00078,2022-09,4303.48
C00078,2022-10,4303.48
C00078,2022-11,4303.48
C00078,2022-12,4303.48
C00078,2023-01,4303.48
C00078,2023-02,4303.48
C00078,2023-03,4303.48
C00078,2023-04,4303.48
C00078,2023-05,4303.48
C00078,2023-06,4303.48
C00078,2023-07,4303.48
C00078,2023-08,4303.48
C00078,2023-09,4303.48
C00078,2023-10,4303.48
C00078,2023-11,4303.48
C00078,2023-12,4303.48
C00078,2024-01,4303.48
C00078,2024-02,4303.48
C00078,2024-03,4303.48
C00078,2024-04,4303.48
C00078,2024-05,4303.48
C00078,2024-06,4303.48
C00078,2024-07,4303.48
C00078,2024-08,4303.48
C00078,2024-09,4303.48
C00078,2024-10,4303.48
C00078,2024-11,4303.48
C00078,2024-12,4303.48
C00078,2025-01,4303.48
C00078,2025-02,4303.48
C00078,2025-03,4303.48
C00078,2025-04,4303.48
C00078,2025-05,4303.48
C00078,2025-06,4303.48
C00078,2025-07,4303.48
C00078,2025-08,4303.48
C00078,2025-09,4303.48
C00079,2022-07,118728.08
C00079,2022-08,118728.08
C00079,2022-09,118728.08
C00079,2022-10,118728.08
C00079,2022-11,118728.08
C00079,2022-12,118728.08
C00079,2023-01,118728.08
C00079,2023-02,118728.08
C00079,2023-03,118728.08
C00079,2023-04,118728.08
C00079,2023-05,118728.08
C00079,2023-06,118728.08
C00079,2023-07,118728.08
C00079,2023-08,118728.08
C00079,2023-09,118728.08
C00079,2023-10,118728.08
C00079,2023-11,118728.08
C00079,2023-12,118728.08
C00079,2024-01,118728.08
C00079,2024-02,118728.08
C00079,2024-03,118728.08
C00079,2024-04,118728.08
C00079,2024-05,118728.08
C00079,2024-06,118728.08
C00079,2024-07,118728.08
C00079,2024-08,118728.08
C00080,2022-07,37455.42
C00080,2022-08,37455.42
C00080,2022-09,37455.42
C00080,2022-10,37455.42
C00080,2022-11,37455.42
C00080,2022-12,37455.42
C00080,2023-01,37455.42
C00080,2023-02,37455.42
C00080,2023-03,37455.42
C00081,2022-07,20244.14
C00081,2022-08,20244.14
C00081,2022-09,20244.14
C00081,2022-10,20244.14
C00081,2022-11,20244.14
C00081,2022-12,20244.14
C00081,2023-01,20244.14
C00081,2023-02,20244.14
C00081,2023-03,20244.14
C00081,2023-04,20244.14
C00081,2023-05,20244.14
C00081,2023-06,20244.14
C00081,2023-07,20244.14
C00081,2023-08,20244.14
C00081,2023-09,20244.14
C00081,2023-10,20244.14
C00081,2023-11,20244.14
C00081,2023-12,20244.14
C00081,2024-01,20244.14
C00081,2024-02,20244.14
C00081,2024-03,20244.14
C00081,2024-04,20244.14
C00081,2024-05,20244.14
C00081,2024-06,20244.14
C00081,2024-07,20244.14
C00081,2024-08,20244.14
C00081,2024-09,20244.14
C00081,2024-10,20244.14
C00081,2024-11,20244.14
C00081,2024-12,20244.14
C00081,2025-01,20244.14
C00081,2025-02,20244.14
C00081,2025-03,20244.14
C00081,2025-04,20244.14
C00081,2025-05,20244.14
C00081,2025-06,20244.14
C00081,2025-07,20244.14
C00081,2025-08,20244.14
C00081,2025-09,20244.14
C00081,2025-10,20244.14
C00081,2025-11,20244.14
C00081,2025-12,20244.14
C00081,2026-01,20244.14
C00081,2026-02,20244.14
C00081,2026-03,20244.14
C00081,2026-04,20244.14
C00081,2026-05,20244.14
C00081,2026-06,20244.14
C00082,2022-07,4438.0
C00082,2022-08,4438.0
C00082,2022-09,4438.0
C00082,2022-10,4438.0
C00082,2022-11,4438.0
C00082,2022-12,3296.03
C00082,2023-01,3296.03
C00082,2023-02,3296.03
C00082,2023-03,3296.03
C00082,2023-04,3296.03
C00082,2023-05,3296.03
C00082,2023-06,3296.03
C00082,2023-07,3296.03
C00082,2023-08,3296.03
C00082,2023-09,3296.03
C00082,2023-10,3296.03
C00082,2023-11,3296.03
C00082,2023-12,3296.03
C00082,2024-01,3296.03
C00082,2024-02,3296.03
C00082,2024-03,3296.03
C00082,2024-04,3296.03
C00082,2024-05,3296.03
C00082,2024-06,3296.03
C00082,2024-07,3296.03
C00082,2024-08,3296.03
C00082,2024-09,3296.03
C00082,2024-10,3296.03
C00082,2024-11,3296.03
C00082,2024-12,3296.03
C00082,2025-01,3296.03
C00082,2025-02,3296.03
C00082,2025-03,3296.03
C00082,2025-04,3296.03
C00082,2025-05,3296.03
C00082,2025-06,3296.03
C00082,2025-07,3296.03
C00082,2025-08,3296.03
C00082,2025-09,3296.03
C00082,2025-10,3296.03
C00082,2025-11,3296.03
C00082,2025-12,3296.03
C00082,2026-01,3296.03
C00082,2026-02,3296.03
C00082,2026-03,3296.03
C00082,2026-04,3296.03
C00082,2026-05,3296.03
C00082,2026-06,3296.03
C00083,2022-07,2731.25
C00083,2022-08,2731.25
C00083,2022-09,2731.25
C00083,2022-10,2731.25
C00083,2022-11,3155.15
C00083,2022-12,3155.15
C00083,2023-01,3155.15
C00083,2023-02,3155.15
C00083,2023-03,3155.15
C00083,2023-04,3155.15
C00083,2023-05,3155.15
C00083,2023-06,3155.15
C00083,2023-07,3155.15
C00083,2023-08,3155.15
C00083,2023-09,3155.15
C00083,2023-10,3155.15
C00083,2023-11,3155.15
C00083,2023-12,3155.15
C00083,2024-01,3155.15
C00083,2024-02,3155.15
C00083,2024-03,3155.15
C00083,2024-04,3155.15
C00083,2024-05,3155.15
C00084,2022-08,108668.14
C00084,2022-09,108668.14
C00084,2022-10,108668.14
C00084,2022-11,108668.14
C00084,2022-12,108668.14
C00084,2023-01,108668.14
C00084,2023-02,108668.14
C00084,2023-03,108668.14
C00084,2023-04,108668.14
C00084,2023-05,108668.14
C00084,2023-06,108668.14
C00084,2023-07,108668.14
C00084,2023-08,108668.14
C00084,2023-09,108668.14
C00084,2023-10,108668.14
C00084,2023-11,108668.14
C00084,2023-12,108668.14
C00084,2024-01,108668.14
C00084,2024-02,108668.14
C00084,2024-03,108668.14
C00084,2024-04,108668.14
C00084,2024-05,108668.14
C00084,2024-06,108668.14
C00084,2024-07,108668.14
C00084,2024-08,108668.14
C00084,2024-09,108668.14
C00084,2024-10,108668.14
C00084,2024-11,108668.14
C00084,2024-12,108668.14
C00084,2025-01,108668.14
C00084,2025-02,108668.14
C00084,2025-03,108668.14
C00084,2025-04,108668.14
C00084,2025-05,108668.14
C00084,2025-06,108668.14
C00084,2025-07,108668.14
C00084,2025-08,108668.14
C00084,2025-09,108668.14
C00084,2025-10,108668.14
C00084,2025-11,108668.14
C00084,2025-12,108668.14
C00084,2026-01,108668.14
C00084,2026-02,108668.14
C00084,2026-03,108668.14
C00084,2026-04,108668.14
C00084,2026-05,108668.14
C00084,2026-06,108668.14
C00085,2022-08,9587.02
C00085,2022-09,9587.02
C00085,2022-10,9587.02
C00085,2022-11,9587.02
C00085,2022-12,9587.02
C00085,2023-01,9587.02
C00085,2023-02,9587.02
C00085,2023-03,9587.02
C00085,2023-04,9587.02
C00085,2023-05,9587.02
C00085,2023-06,9587.02
C00085,2023-07,9587.02
C00085,2023-08,9587.02
C00085,2023-09,9587.02
C00085,2023-10,9587.02
C00085,2023-11,9587.02
C00085,2023-12,9587.02
C00085,2024-01,9587.02
C00085,2024-02,9587.02
C00085,2024-03,9587.02
C00085,2024-04,9587.02
C00086,2022-08,11174.35
C00086,2022-09,11174.35
C00086,2022-10,11174.35
C00086,2022-11,11174.35
C00086,2022-12,11174.35
C00086,2023-01,11174.35
C00086,2023-02,11174.35
C00086,2023-03,11174.35
C00086,2023-04,11174.35
C00086,2023-05,11174.35
C00086,2023-06,11174.35
C00086,2023-07,11174.35
C00087,2022-08,4593.31
C00087,2022-09,4593.31
C00087,2022-10,4593.31
C00087,2022-11,4593.31
C00087,2022-12,4593.31
C00087,2023-01,5848.64
C00087,2023-02,5848.64
C00087,2023-03,5848.64
C00087,2023-04,5848.64
C00087,2023-05,5848.64
C00087,2023-06,5848.64
C00087,2023-07,5848.64
C00087,2023-08,5848.64
C00087,2023-09,5848.64
C00087,2023-10,5848.64
C00087,2023-11,5848.64
C00087,2023-12,5848.64
C00087,2024-01,5848.64
C00087,2024-02,5848.64
C00087,2024-03,5848.64
C00087,2024-04,5848.64
C00087,2024-05,5848.64
C00087,2024-06,5848.64
C00087,2024-07,5848.64
C00087,2024-08,5848.64
C00087,2024-09,5848.64
C00087,2024-10,5848.64
C00087,2024-11,5848.64
C00087,2024-12,5848.64
C00087,2025-01,5848.64
C00087,2025-02,5848.64
C00087,2025-03,5848.64
C00087,2025-04,5848.64
C00087,2025-05,5848.64
C00087,2025-06,5848.64
C00087,2025-07,5848.64
C00087,2025-08,5848.64
C00087,2025-09,5848.64
C00087,2025-10,5848.64
C00088,2022-08,9518.13
C00088,2022-09,9518.13
C00088,2022-10,9518.13
C00088,2022-11,9518.13
C00088,2022-12,9518.13
C00088,2023-01,9518.13
C00088,2023-02,9518.13
C00088,2023-03,9518.13
C00089,2022-08,7456.32
C00089,2022-09,7456.32
C00089,2022-10,7456.32
C00089,2022-11,7456.32
C00089,2022-12,7456.32
C00089,2023-01,7456.32
C00089,2023-02,7456.32
C00089,2023-03,7456.32
C00089,2023-04,7456.32
C00090,2022-08,32755.33
C00090,2022-09,32755.33
C00090,2022-10,32755.33
C00090,2022-11,32755.33
C00090,2022-12,32755.33
C00090,2023-01,32755.33
C00090,2023-02,32755.33
C00090,2023-03,32755.33
C00090,2023-04,32755.33
C00090,2023-05,26291.98
C00090,2023-06,23861.11
C00090,2023-07,23861.11
C00090,2023-08,23861.11
C00090,2023-09,23861.11
C00090,2023-10,23861.11
C00090,2023-11,23861.11
C00090,2023-12,23861.11
C00090,2024-01,23861.11
C00090,2024-02,23861.11
C00090,2024-03,23861.11
C00090,2024-04,23861.11
C00090,2024-05,23861.11
C00090,2024-06,23861.11
C00090,2024-07,23861.11
C00090,2024-08,23861.11
C00090,2024-09,23861.11
C00090,2024-10,23861.11
C00090,2024-11,23861.11
C00090,2024-12,23861.11
C00090,2025-01,23861.11
C00090,2025-02,23861.11
C00090,2025-03,23861.11
C00090,2025-04,23861.11
C00090,2025-05,23861.11
C00090,2025-06,23861.11
C00090,2025-07,23861.11
C00090,2025-08,23861.11
C00090,2025-09,23861.11
C00090,2025-10,23861.11
C00090,2025-11,23861.11
C00090,2025-12,23861.11
C00090,2026-01,23861.11
C00090,2026-02,23861.11
C00090,2026-03,23861.11
C00090,2026-04,23861.11
C00091,2022-08,52928.04
C00091,2022-09,52928.04
C00091,2022-10,52928.04
C00091,2022-11,52928.04
C00091,2022-12,52928.04
C00091,2023-01,52928.04
C00091,2023-02,52928.04
C00091,2023-03,52928.04
C00091,2023-04,52928.04
C00091,2023-05,52928.04
C00091,2023-06,52928.04
C00091,2023-07,52928.04
C00091,2023-08,52928.04
C00091,2023-09,52928.04
C00091,2023-10,52928.04
C00091,2023-11,52928.04
C00091,2023-12,52928.04
C00091,2024-01,52928.04
C00091,2024-02,52928.04
C00091,2024-03,52928.04
C00091,2024-04,52928.04
C00091,2024-05,52928.04
C00091,2024-06,52928.04
C00091,2024-07,52928.04
C00091,2024-08,52928.04
C00091,2024-09,52928.04
C00091,2024-10,52928.04
C00091,2024-11,52928.04
C00091,2024-12,52928.04
C00092,2022-08,195801.98
C00092,2022-09,195801.98
C00092,2022-10,195801.98
C00092,2022-11,195801.98
C00092,2022-12,195801.98
C00092,2023-01,195801.98
C00092,2023-02,195801.98
C00092,2023-03,195801.98
C00092,2023-04,195801.98
C00092,2023-05,195801.98
C00092,2023-06,195801.98
C00092,2023-07,195801.98
C00092,2023-08,195801.98
C00092,2023-09,195801.98
C00092,2023-10,195801.98
C00092,2023-11,195801.98
C00092,2023-12,195801.98
C00092,2024-01,195801.98
C00092,2024-02,195801.98
C00092,2024-03,195801.98
C00092,2024-04,195801.98
C00092,2024-05,195801.98
C00092,2024-06,195801.98
C00092,2024-07,195801.98
C00092,2024-08,195801.98
C00092,2024-09,195801.98
C00092,2024-10,195801.98
C00092,2024-11,195801.98
C00092,2024-12,195801.98
C00092,2025-01,195801.98
C00092,2025-02,195801.98
C00092,2025-03,195801.98
C00092,2025-04,195801.98
C00092,2025-05,195801.98
C00092,2025-06,195801.98
C00092,2025-07,195801.98
C00092,2025-08,195801.98
C00092,2025-09,195801.98
C00092,2025-10,195801.98
C00092,2025-11,195801.98
C00092,2025-12,195801.98
C00092,2026-01,195801.98
C00092,2026-02,195801.98
C00092,2026-03,195801.98
C00092,2026-04,195801.98
C00092,2026-05,195801.98
C00092,2026-06,195801.98
C00093,2022-08,93006.59
C00093,2022-09,93006.59
C00093,2022-10,93006.59
C00093,2022-11,93006.59
C00093,2022-12,93006.59
C00093,2023-01,93006.59
C00093,2023-02,93006.59
C00093,2023-03,93006.59
C00093,2023-04,93006.59
C00093,2023-05,93006.59
C00093,2023-06,93006.59
C00093,2023-07,93006.59
C00093,2023-08,93006.59
C00093,2023-09,93006.59
C00093,2023-10,93006.59
C00093,2023-11,93006.59
C00093,2023-12,93006.59
C00093,2024-01,93006.59
C00093,2024-02,93006.59
C00093,2024-03,93006.59
C00093,2024-04,93006.59
C00093,2024-05,93006.59
C00093,2024-06,93006.59
C00093,2024-07,93006.59
C00093,2024-08,93006.59
C00093,2024-09,93006.59
C00093,2024-10,93006.59
C00093,2024-11,93006.59
C00093,2024-12,93006.59
C00093,2025-01,93006.59
C00093,2025-02,93006.59
C00093,2025-03,93006.59
C00093,2025-04,93006.59
C00093,2025-05,93006.59
C00093,2025-06,93006.59
C00093,2025-07,93006.59
C00093,2025-08,93006.59
C00093,2025-09,93006.59
C00093,2025-10,93006.59
C00093,2025-11,93006.59
C00093,2025-12,93006.59
C00093,2026-01,93006.59
C00093,2026-02,93006.59
C00093,2026-03,93006.59
C00093,2026-04,93006.59
C00093,2026-05,93006.59
C00093,2026-06,93006.59
C00094,2022-08,17190.81
C00094,2022-09,17190.81
C00094,2022-10,17190.81
C00094,2022-11,17190.81
C00094,2022-12,17190.81
C00094,2023-01,17190.81
C00094,2023-02,17190.81
C00094,2023-03,17190.81
C00094,2023-04,17190.81
C00094,2023-05,17190.81
C00094,2023-06,17190.81
C00094,2023-07,17190.81
C00094,2023-08,17190.81
C00094,2023-09,17190.81
C00094,2023-10,17190.81
C00094,2023-11,17190.81
C00094,2023-12,17190.81
C00094,2024-01,20539.57
C00094,2024-02,20539.57
C00094,2024-03,20539.57
C00094,2024-04,20539.57
C00094,2024-05,20539.57
C00094,2024-06,20539.57
C00094,2024-07,20539.57
C00094,2024-08,20539.57
C00094,2024-09,20539.57
C00094,2024-10,20539.57
C00094,2024-11,20539.57
C00094,2024-12,20539.57
C00094,2025-01,20539.57
C00094,2025-02,20539.57
C00094,2025-03,20539.57
C00094,2025-04,20539.57
C00094,2025-05,20539.57
C00094,2025-06,20539.57
C00094,2025-07,20539.57
C00094,2025-08,20539.57
C00094,2025-09,20539.57
C00094,2025-10,20539.57
C00094,2025-11,20539.57
C00094,2025-12,20539.57
C00094,2026-01,20539.57
C00094,2026-02,20539.57
C00094,2026-03,20539.57
C00094,2026-04,20539.57
C00094,2026-05,20539.57
C00094,2026-06,20539.57
C00095,2022-08,5042.01
C00095,2022-09,5042.01
C00095,2022-10,5042.01
C00095,2022-11,5042.01
C00096,2022-08,190960.23
C00096,2022-09,190960.23
C00096,2022-10,190960.23
C00096,2022-11,190960.23
C00096,2022-12,190960.23
C00096,2023-01,190960.23
C00096,2023-02,190960.23
C00096,2023-03,190960.23
C00096,2023-04,190960.23
C00096,2023-05,190960.23
C00096,2023-06,190960.23
C00096,2023-07,190960.23
C00096,2023-08,190960.23
C00096,2023-09,190960.23
C00096,2023-10,190960.23
C00096,2023-11,190960.23
C00096,2023-12,190960.23
C00096,2024-01,190960.23
C00096,2024-02,190960.23
C00096,2024-03,190960.23
C00096,2024-04,190960.23
C00096,2024-05,190960.23
C00096,2024-06,190960.23
C00096,2024-07,190960.23
C00096,2024-08,190960.23
C00096,2024-09,190960.23
C00096,2024-10,190960.23
C00096,2024-11,190960.23
C00096,2024-12,190960.23
C00096,2025-01,190960.23
C00096,2025-02,190960.23
C00096,2025-03,190960.23
C00096,2025-04,190960.23
C00096,2025-05,190960.23
C00096,2025-06,190960.23
C00096,2025-07,190960.23
C00096,2025-08,190960.23
C00096,2025-09,190960.23
C00096,2025-10,190960.23
C00096,2025-11,190960.23
C00096,2025-12,190960.23
C00096,2026-01,190960.23
C00096,2026-02,190960.23
C00096,2026-03,190960.23
C00096,2026-04,190960.23
C00096,2026-05,190960.23
C00096,2026-06,190960.23
C00097,2022-08,33960.4
C00098,2022-08,18602.48
C00098,2022-09,18602.48
C00098,2022-10,18602.48
C00098,2022-11,18602.48
C00098,2022-12,18602.48
C00098,2023-01,18602.48
C00098,2023-02,18602.48
C00098,2023-03,18602.48
C00098,2023-04,18602.48
C00098,2023-05,18602.48
C00098,2023-06,18602.48
C00098,2023-07,18602.48
C00098,2023-08,18602.48
C00098,2023-09,18602.48
C00098,2023-10,18602.48
C00098,2023-11,18602.48
C00098,2023-12,18602.48
C00098,2024-01,18602.48
C00098,2024-02,18602.48
C00098,2024-03,18602.48
C00098,2024-04,18602.48
C00098,2024-05,18602.48
C00098,2024-06,18602.48
C00098,2024-07,18602.48
C00098,2024-08,18602.48
C00098,2024-09,18602.48
C00098,2024-10,18602.48
C00098,2024-11,18602.48
C00098,2024-12,18602.48
C00098,2025-01,18602.48
C00098,2025-02,18602.48
C00098,2025-03,18602.48
C00098,2025-04,18602.48
C00098,2025-05,18602.48
C00098,2025-06,18602.48
C00098,2025-07,18602.48
C00098,2025-08,18602.48
C00098,2025-09,18602.48
C00098,2025-10,18602.48
C00098,2025-11,18602.48
C00098,2025-12,18602.48
C00098,2026-01,18602.48
C00098,2026-02,18602.48
C00098,2026-03,18602.48
C00098,2026-04,18602.48
C00098,2026-05,18602.48
C00098,2026-06,18602.48
C00099,2022-09,24048.9
C00099,2022-10,24048.9
C00099,2022-11,24048.9
C00099,2022-12,24048.9
C00099,2023-01,24048.9
C00099,2023-02,24048.9
C00099,2023-03,24048.9
C00099,2023-04,24048.9
C00099,2023-05,24048.9
C00099,2023-06,24048.9
C00099,2023-07,24048.9
C00099,2023-08,24048.9
C00099,2023-09,24048.9
C00099,2023-10,24048.9
C00099,2023-11,24048.9
C00099,2023-12,24048.9
C00099,2024-01,24048.9
C00099,2024-02,24048.9
C00099,2024-03,24048.9
C00099,2024-04,24048.9
C00099,2024-05,24048.9
C00099,2024-06,24048.9
C00099,2024-07,24048.9
C00099,2024-08,24048.9
C00099,2024-09,24048.9
C00099,2024-10,24048.9
C00099,2024-11,24048.9
C00099,2024-12,24048.9
C00099,2025-01,24048.9
C00099,2025-02,24048.9
C00099,2025-03,24048.9
C00099,2025-04,24048.9
C00099,2025-05,24048.9
C00099,2025-06,24048.9
C00099,2025-07,24048.9
C00099,2025-08,24048.9
C00099,2025-09,24048.9
C00099,2025-10,24048.9
C00099,2025-11,24048.9
C00099,2025-12,24048.9
C00099,2026-01,24048.9
C00099,2026-02,24048.9
C00099,2026-03,24048.9
C00099,2026-04,24048.9
C00099,2026-05,24048.9
C00099,2026-06,24048.9
C00100,2022-09,6823.54
C00100,2022-10,6823.54
C00100,2022-11,6823.54
C00100,2022-12,6823.54
C00100,2023-01,6823.54
C00100,2023-02,6823.54
C00100,2023-03,6823.54
C00100,2023-04,6823.54
C00100,2023-05,6823.54
C00100,2023-06,6823.54
C00100,2023-07,6823.54
C00100,2023-08,6823.54
C00100,2023-09,6823.54
C00100,2023-10,6823.54
C00100,2023-11,6823.54
C00100,2023-12,6823.54
C00100,2024-01,6823.54
C00100,2024-02,6823.54
C00100,2024-03,6823.54
C00100,2024-04,6823.54
C00100,2024-05,6823.54
C00100,2024-06,6823.54
C00100,2024-07,6823.54
C00100,2024-08,6823.54
C00100,2024-09,6823.54
C00100,2024-10,6823.54
C00100,2024-11,6823.54
C00100,2024-12,6823.54
C00100,2025-01,6823.54
C00100,2025-02,6823.54
C00100,2025-03,6823.54
C00100,2025-04,6823.54
C00100,2025-05,6823.54
C00100,2025-06,6823.54
C00100,2025-07,6823.54
C00100,2025-08,6823.54
C00100,2025-09,6823.54
C00100,2025-10,6823.54
C00100,2025-11,6823.54
C00100,2025-12,6823.54
C00100,2026-01,6823.54
C00100,2026-02,6823.54
C00100,2026-03,6823.54
C00100,2026-04,6823.54
C00100,2026-05,6823.54
C00100,2026-06,6823.54
C00101,2022-09,22837.54
C00101,2022-10,22837.54
C00101,2022-11,22837.54
C00101,2022-12,22837.54
C00101,2023-01,22837.54
C00101,2023-02,22837.54
C00101,2023-03,22837.54
C00101,2023-04,22837.54
C00101,2023-05,22837.54
C00101,2023-06,22837.54
C00101,2023-07,22837.54
C00101,2023-08,22837.54
C00101,2023-09,22837.54
C00101,2023-10,22837.54
C00101,2023-11,22837.54
C00101,2023-12,22837.54
C00101,2024-01,22837.54
C00101,2024-02,22837.54
C00101,2024-03,22837.54
C00101,2024-04,22837.54
C00101,2024-05,22837.54
C00101,2024-06,22837.54
C00101,2024-07,22837.54
C00101,2024-08,22837.54
C00101,2024-09,22837.54
C00101,2024-10,22837.54
C00101,2024-11,22837.54
C00101,2024-12,22837.54
C00101,2025-01,22837.54
C00102,2022-09,101458.33
C00102,2022-10,101458.33
C00102,2022-11,101458.33
C00102,2022-12,101458.33
C00102,2023-01,101458.33
C00102,2023-02,101458.33
C00102,2023-03,101458.33
C00102,2023-04,101458.33
C00102,2023-05,101458.33
C00102,2023-06,101458.33
C00102,2023-07,101458.33
C00102,2023-08,101458.33
C00102,2023-09,101458.33
C00102,2023-10,101458.33
C00102,2023-11,101458.33
C00102,2023-12,101458.33
C00102,2024-01,101458.33
C00102,2024-02,101458.33
C00102,2024-03,101458.33
C00102,2024-04,101458.33
C00102,2024-05,101458.33
C00102,2024-06,101458.33
C00102,2024-07,101458.33
C00102,2024-08,101458.33
C00102,2024-09,101458.33
C00102,2024-10,101458.33
C00102,2024-11,101458.33
C00102,2024-12,101458.33
C00102,2025-01,101458.33
C00102,2025-02,101458.33
C00102,2025-03,101458.33
C00102,2025-04,101458.33
C00102,2025-05,101458.33
C00102,2025-06,101458.33
C00102,2025-07,101458.33
C00102,2025-08,101458.33
C00102,2025-09,101458.33
C00102,2025-10,101458.33
C00102,2025-11,101458.33
C00102,2025-12,101458.33
C00102,2026-01,101458.33
C00102,2026-02,101458.33
C00102,2026-03,101458.33
C00102,2026-04,101458.33
C00102,2026-05,101458.33
C00102,2026-06,101458.33
C00103,2022-09,4583.73
C00103,2022-10,4583.73
C00103,2022-11,4583.73
C00103,2022-12,4583.73
C00103,2023-01,4583.73
C00103,2023-02,4583.73
C00103,2023-03,4583.73
C00103,2023-04,4583.73
C00103,2023-05,4583.73
C00103,2023-06,4583.73
C00103,2023-07,4583.73
C00103,2023-08,4583.73
C00103,2023-09,4583.73
C00103,2023-10,4583.73
C00103,2023-11,4583.73
C00103,2023-12,4583.73
C00103,2024-01,4583.73
C00103,2024-02,4583.73
C00103,2024-03,4583.73
C00103,2024-04,4583.73
C00103,2024-05,3483.6
C00103,2024-06,3483.6
C00103,2024-07,3483.6
C00103,2024-08,3483.6
C00103,2024-09,3483.6
C00103,2024-10,3483.6
C00103,2024-11,3483.6
C00103,2024-12,3483.6
C00103,2025-01,3483.6
C00103,2025-02,3483.6
C00103,2025-03,3483.6
C00103,2025-04,3483.6
C00103,2025-05,3483.6
C00103,2025-06,3483.6
C00103,2025-07,3483.6
C00103,2025-08,3483.6
C00103,2025-09,3483.6
C00103,2025-10,3987.34
C00103,2025-11,3987.34
C00103,2025-12,3987.34
C00103,2026-01,3987.34
C00103,2026-02,3987.34
C00103,2026-03,3987.34
C00103,2026-04,3987.34
C00103,2026-05,3987.34
C00103,2026-06,3987.34
C00104,2022-09,5557.62
C00104,2022-10,5557.62
C00104,2022-11,5557.62
C00104,2022-12,5557.62
C00104,2023-01,5557.62
C00104,2023-02,5557.62
C00104,2023-03,5557.62
C00104,2023-04,5557.62
C00104,2023-05,5557.62
C00104,2023-06,5557.62
C00104,2023-07,5557.62
C00104,2023-08,5557.62
C00104,2023-09,5557.62
C00104,2023-10,5557.62
C00104,2023-11,5557.62
C00104,2023-12,5557.62
C00104,2024-01,5557.62
C00104,2024-02,5557.62
C00104,2024-03,5557.62
C00104,2024-04,5557.62
C00104,2024-05,5557.62
C00104,2024-06,5557.62
C00104,2024-07,5557.62
C00104,2024-08,5557.62
C00104,2024-09,5557.62
C00104,2024-10,5557.62
C00104,2024-11,5557.62
C00104,2024-12,5557.62
C00104,2025-01,5557.62
C00104,2025-02,5557.62
C00104,2025-03,5557.62
C00104,2025-04,5557.62
C00104,2025-05,5557.62
C00104,2025-06,5557.62
C00104,2025-07,5557.62
C00104,2025-08,5557.62
C00104,2025-09,5557.62
C00104,2025-10,5557.62
C00104,2025-11,5557.62
C00104,2025-12,5557.62
C00104,2026-01,5557.62
C00104,2026-02,5557.62
C00104,2026-03,5557.62
C00104,2026-04,5557.62
C00104,2026-05,5557.62
C00104,2026-06,5557.62
C00105,2022-09,70866.14
C00105,2022-10,70866.14
C00105,2022-11,70866.14
C00105,2022-12,70866.14
C00105,2023-01,70866.14
C00105,2023-02,70866.14
C00105,2023-03,70866.14
C00105,2023-04,70866.14
C00105,2023-05,70866.14
C00105,2023-06,70866.14
C00105,2023-07,70866.14
C00105,2023-08,70866.14
C00105,2023-09,70866.14
C00105,2023-10,70866.14
C00105,2023-11,70866.14
C00105,2023-12,70866.14
C00105,2024-01,70866.14
C00105,2024-02,70866.14
C00105,2024-03,70866.14
C00105,2024-04,70866.14
C00105,2024-05,70866.14
C00105,2024-06,70866.14
C00105,2024-07,70866.14
C00105,2024-08,70866.14
C00105,2024-09,70866.14
C00105,2024-10,70866.14
C00105,2024-11,70866.14
C00105,2024-12,70866.14
C00105,2025-01,70866.14
C00105,2025-02,70866.14
C00105,2025-03,70866.14
C00105,2025-04,70866.14
C00105,2025-05,70866.14
C00105,2025-06,70866.14
C00105,2025-07,70866.14
C00105,2025-08,70866.14
C00105,2025-09,70866.14
C00105,2025-10,70866.14
C00105,2025-11,70866.14
C00105,2025-12,70866.14
C00105,2026-01,70866.14
C00105,2026-02,70866.14
C00105,2026-03,70866.14
C00105,2026-04,70866.14
C00105,2026-05,70866.14
C00105,2026-06,70866.14
C00106,2022-09,40467.49
C00106,2022-10,40467.49
C00106,2022-11,40467.49
C00106,2022-12,40467.49
C00106,2023-01,40467.49
C00106,2023-02,40467.49
C00106,2023-03,40467.49
C00106,2023-04,40467.49
C00106,2023-05,40467.49
C00106,2023-06,40467.49
C00106,2023-07,40467.49
C00106,2023-08,40467.49
C00106,2023-09,40467.49
C00106,2023-10,40467.49
C00106,2023-11,40467.49
C00106,2023-12,40467.49
C00106,2024-01,40467.49
C00106,2024-02,40467.49
C00106,2024-03,40467.49
C00106,2024-04,40467.49
C00106,2024-05,40467.49
C00106,2024-06,40467.49
C00106,2024-07,40467.49
C00106,2024-08,40467.49
C00106,2024-09,40467.49
C00106,2024-10,40467.49
C00106,2024-11,40467.49
C00106,2024-12,40467.49
C00106,2025-01,40467.49
C00106,2025-02,40467.49
C00106,2025-03,40467.49
C00106,2025-04,40467.49
C00106,2025-05,40467.49
C00106,2025-06,40467.49
C00106,2025-07,40467.49
C00106,2025-08,40467.49
C00106,2025-09,40467.49
C00106,2025-10,40467.49
C00107,2022-09,20842.73
C00107,2022-10,20842.73
C00107,2022-11,20842.73
C00107,2022-12,20842.73
C00107,2023-01,20842.73
C00107,2023-02,20842.73
C00107,2023-03,20842.73
C00107,2023-04,20842.73
C00107,2023-05,20842.73
C00107,2023-06,20842.73
C00107,2023-07,20842.73
C00107,2023-08,20842.73
C00107,2023-09,20842.73
C00107,2023-10,20842.73
C00107,2023-11,20842.73
C00107,2023-12,20842.73
C00107,2024-01,20842.73
C00107,2024-02,20842.73
C00107,2024-03,20842.73
C00107,2024-04,20842.73
C00107,2024-05,20842.73
C00107,2024-06,20842.73
C00107,2024-07,20842.73
C00107,2024-08,20842.73
C00107,2024-09,20842.73
C00107,2024-10,20842.73
C00107,2024-11,20842.73
C00107,2024-12,20842.73
C00107,2025-01,20842.73
C00107,2025-02,20842.73
C00107,2025-03,20842.73
C00107,2025-04,20842.73
C00107,2025-05,20842.73
C00107,2025-06,20842.73
C00107,2025-07,20842.73
C00107,2025-08,20842.73
C00107,2025-09,20842.73
C00107,2025-10,20842.73
C00107,2025-11,20842.73
C00107,2025-12,20842.73
C00107,2026-01,22853.93
C00107,2026-02,22853.93
C00107,2026-03,22853.93
C00107,2026-04,22853.93
C00107,2026-05,22853.93
C00107,2026-06,22853.93
C00108,2022-09,10705.33
C00108,2022-10,10705.33
C00108,2022-11,10705.33
C00108,2022-12,10705.33
C00108,2023-01,10705.33
C00108,2023-02,10705.33
C00108,2023-03,10705.33
C00108,2023-04,10705.33
C00108,2023-05,10705.33
C00108,2023-06,10705.33
C00108,2023-07,10705.33
C00108,2023-08,10705.33
C00108,2023-09,10705.33
C00108,2023-10,10705.33
C00109,2022-09,33590.49
C00109,2022-10,33590.49
C00109,2022-11,33590.49
C00109,2022-12,33590.49
C00109,2023-01,33590.49
C00109,2023-02,33590.49
C00109,2023-03,33590.49
C00109,2023-04,33590.49
C00109,2023-05,33590.49
C00109,2023-06,33590.49
C00109,2023-07,33590.49
C00109,2023-08,33590.49
C00109,2023-09,33590.49
C00109,2023-10,33590.49
C00109,2023-11,33590.49
C00109,2023-12,33590.49
C00109,2024-01,33590.49
C00109,2024-02,33590.49
C00109,2024-03,33590.49
C00109,2024-04,33590.49
C00109,2024-05,33590.49
C00109,2024-06,33590.49
C00109,2024-07,33590.49
C00109,2024-08,33590.49
C00109,2024-09,33590.49
C00109,2024-10,33590.49
C00109,2024-11,33590.49
C00109,2024-12,33590.49
C00109,2025-01,33590.49
C00109,2025-02,33590.49
C00109,2025-03,33590.49
C00109,2025-04,33590.49
C00109,2025-05,33590.49
C00109,2025-06,33590.49
C00109,2025-07,33590.49
C00109,2025-08,33590.49
C00109,2025-09,33590.49
C00109,2025-10,33590.49
C00109,2025-11,33590.49
C00109,2025-12,33590.49
C00109,2026-01,33590.49
C00109,2026-02,33590.49
C00109,2026-03,33590.49
C00109,2026-04,33590.49
C00109,2026-05,33590.49
C00110,2022-09,8240.67
C00110,2022-10,8240.67
C00110,2022-11,8240.67
C00110,2022-12,8240.67
C00110,2023-01,8240.67
C00110,2023-02,8240.67
C00110,2023-03,8240.67
C00110,2023-04,8240.67
C00110,2023-05,8240.67
C00110,2023-06,8240.67
C00110,2023-07,8240.67
C00110,2023-08,8240.67
C00110,2023-09,8240.67
C00110,2023-10,8240.67
C00110,2023-11,8240.67
C00110,2023-12,8240.67
C00110,2024-01,8240.67
C00110,2024-02,8240.67
C00110,2024-03,8240.67
C00110,2024-04,8240.67
C00110,2024-05,8240.67
C00110,2024-06,8240.67
C00110,2024-07,8240.67
C00110,2024-08,8240.67
C00110,2024-09,8240.67
C00110,2024-10,8240.67
C00110,2024-11,8240.67
C00110,2024-12,8240.67
C00110,2025-01,8240.67
C00110,2025-02,8240.67
C00110,2025-03,8240.67
C00110,2025-04,8240.67
C00110,2025-05,8240.67
C00110,2025-06,8240.67
C00110,2025-07,8240.67
C00110,2025-08,8240.67
C00110,2025-09,8240.67
C00111,2022-09,56006.4
C00111,2022-10,56006.4
C00111,2022-11,56006.4
C00111,2022-12,56006.4
C00111,2023-01,56006.4
C00111,2023-02,56006.4
C00111,2023-03,56006.4
C00111,2023-04,56006.4
C00111,2023-05,56006.4
C00111,2023-06,56006.4
C00111,2023-07,56006.4
C00111,2023-08,56006.4
C00111,2023-09,56006.4
C00111,2023-10,56006.4
C00111,2023-11,56006.4
C00111,2023-12,56006.4
C00111,2024-01,56006.4
C00111,2024-02,56006.4
C00111,2024-03,56006.4
C00111,2024-04,56006.4
C00111,2024-05,56006.4
C00111,2024-06,56006.4
C00111,2024-07,56006.4
C00111,2024-08,56006.4
C00111,2024-09,56006.4
C00111,2024-10,56006.4
C00112,2022-10,36835.85
C00112,2022-11,36835.85
C00112,2022-12,36835.85
C00112,2023-01,36835.85
C00112,2023-02,36835.85
C00112,2023-03,36835.85
C00112,2023-04,36835.85
C00112,2023-05,36835.85
C00112,2023-06,36835.85
C00112,2023-07,36835.85
C00112,2023-08,36835.85
C00112,2023-09,36835.85
C00112,2023-10,36835.85
C00112,2023-11,36835.85
C00112,2023-12,36835.85
C00112,2024-01,36835.85
C00112,2024-02,36835.85
C00112,2024-03,36835.85
C00112,2024-04,29194.28
C00112,2024-05,29194.28
C00112,2024-06,29194.28
C00112,2024-07,29194.28
C00112,2024-08,29194.28
C00112,2024-09,29194.28
C00112,2024-10,29194.28
C00112,2024-11,29194.28
C00112,2024-12,29194.28
C00112,2025-01,29194.28
C00112,2025-02,29194.28
C00112,2025-03,29194.28
C00112,2025-04,29194.28
C00112,2025-05,29194.28
C00112,2025-06,29194.28
C00112,2025-07,29194.28
C00112,2025-08,29194.28
C00112,2025-09,29194.28
C00112,2025-10,29194.28
C00112,2025-11,29194.28
C00112,2025-12,29194.28
C00112,2026-01,29194.28
C00112,2026-02,29194.28
C00112,2026-03,29194.28
C00112,2026-04,29194.28
C00112,2026-05,29194.28
C00112,2026-06,29194.28
C00113,2022-10,4502.48
C00113,2022-11,4502.48
C00113,2022-12,4502.48
C00113,2023-01,4502.48
C00113,2023-02,4502.48
C00113,2023-03,4502.48
C00113,2023-04,4502.48
C00113,2023-05,4502.48
C00113,2023-06,4502.48
C00113,2023-07,4502.48
C00113,2023-08,4502.48
C00113,2023-09,4502.48
C00113,2023-10,4502.48
C00113,2023-11,4502.48
C00113,2023-12,4502.48
C00113,2024-01,4502.48
C00114,2022-10,6286.03
C00114,2022-11,6286.03
C00114,2022-12,6286.03
C00114,2023-01,6286.03
C00114,2023-02,6286.03
C00114,2023-03,6286.03
C00114,2023-04,6286.03
C00114,2023-05,6286.03
C00114,2023-06,6286.03
C00114,2023-07,5446.97
C00114,2023-08,5446.97
C00114,2023-09,5446.97
C00114,2023-10,5446.97
C00114,2023-11,5446.97
C00115,2022-10,19405.3
C00115,2022-11,19405.3
C00115,2022-12,19405.3
C00115,2023-01,19405.3
C00115,2023-02,19405.3
C00116,2022-10,11734.93
C00116,2022-11,11734.93
C00116,2022-12,11734.93
C00116,2023-01,11734.93
C00116,2023-02,11734.93
C00116,2023-03,11734.93
C00116,2023-04,11734.93
C00116,2023-05,11734.93
C00116,2023-06,11734.93
C00116,2023-07,11734.93
C00116,2023-08,11734.93
C00116,2023-09,11734.93
C00116,2023-10,11734.93
C00116,2023-11,11734.93
C00116,2023-12,11734.93
C00116,2024-01,11734.93
C00116,2024-02,11734.93
C00116,2024-03,11734.93
C00116,2024-04,11734.93
C00116,2024-05,11734.93
C00116,2024-06,11734.93
C00116,2024-07,11734.93
C00116,2024-08,11734.93
C00116,2024-09,11734.93
C00116,2024-10,11734.93
C00117,2022-10,4249.62
C00117,2022-11,4249.62
C00117,2022-12,4249.62
C00117,2023-01,4249.62
C00117,2023-02,4249.62
C00117,2023-03,4249.62
C00117,2023-04,4249.62
C00117,2023-05,4249.62
C00117,2023-06,4249.62
C00117,2023-07,4249.62
C00117,2023-08,4249.62
C00117,2023-09,4249.62
C00117,2023-10,4249.62
C00117,2023-11,4249.62
C00117,2023-12,4249.62
C00117,2024-01,4249.62
C00117,2024-02,4249.62
C00117,2024-03,4249.62
C00117,2024-04,4249.62
C00117,2024-05,4249.62
C00117,2024-06,4249.62
C00117,2024-07,4249.62
C00117,2024-08,4249.62
C00117,2024-09,4249.62
C00117,2024-10,4249.62
C00117,2024-11,4249.62
C00117,2024-12,4249.62
C00117,2025-01,4249.62
C00117,2025-02,4249.62
C00117,2025-03,4249.62
C00117,2025-04,4249.62
C00117,2025-05,4249.62
C00117,2025-06,4249.62
C00117,2025-07,4249.62
C00117,2025-08,4249.62
C00117,2025-09,4249.62
C00117,2025-10,4249.62
C00117,2025-11,4249.62
C00117,2025-12,4249.62
C00117,2026-01,4249.62
C00117,2026-02,4249.62
C00117,2026-03,4249.62
C00117,2026-04,4249.62
C00117,2026-05,4249.62
C00117,2026-06,4249.62
C00118,2022-10,41359.76
C00118,2022-11,41359.76
C00118,2022-12,41359.76
C00118,2023-01,41359.76
C00118,2023-02,41359.76
C00118,2023-03,41359.76
C00118,2023-04,41359.76
C00118,2023-05,41359.76
C00118,2023-06,41359.76
C00118,2023-07,41359.76
C00118,2023-08,41359.76
C00118,2023-09,41359.76
C00118,2023-10,41359.76
C00118,2023-11,41359.76
C00118,2023-12,41359.76
C00118,2024-01,41359.76
C00118,2024-02,41359.76
C00118,2024-03,41359.76
C00118,2024-04,41359.76
C00118,2024-05,41359.76
C00118,2024-06,41359.76
C00118,2024-07,41359.76
C00118,2024-08,41359.76
C00118,2024-09,41359.76
C00118,2024-10,41359.76
C00118,2024-11,41359.76
C00118,2024-12,41359.76
C00118,2025-01,41359.76
C00118,2025-02,41359.76
C00118,2025-03,41359.76
C00118,2025-04,36026.76
C00118,2025-05,36026.76
C00118,2025-06,36026.76
C00118,2025-07,36026.76
C00118,2025-08,36026.76
C00118,2025-09,36026.76
C00118,2025-10,36026.76
C00118,2025-11,28854.56
C00118,2025-12,28854.56
C00118,2026-01,28854.56
C00118,2026-02,28854.56
C00118,2026-03,28854.56
C00118,2026-04,28854.56
C00118,2026-05,28854.56
C00118,2026-06,28854.56
C00119,2022-10,35923.47
C00119,2022-11,35923.47
C00119,2022-12,35923.47
C00119,2023-01,35923.47
C00119,2023-02,35923.47
C00119,2023-03,35923.47
C00119,2023-04,35923.47
C00119,2023-05,35923.47
C00119,2023-06,35923.47
C00119,2023-07,35923.47
C00119,2023-08,35923.47
C00119,2023-09,35923.47
C00119,2023-10,35923.47
C00119,2023-11,35923.47
C00119,2023-12,35923.47
C00119,2024-01,35923.47
C00119,2024-02,35923.47
C00119,2024-03,35923.47
C00119,2024-04,35923.47
C00119,2024-05,35923.47
C00119,2024-06,35923.47
C00119,2024-07,35923.47
C00119,2024-08,35923.47
C00119,2024-09,35923.47
C00119,2024-10,35923.47
C00119,2024-11,35923.47
C00119,2024-12,35923.47
C00119,2025-01,35923.47
C00119,2025-02,35923.47
C00119,2025-03,35923.47
C00119,2025-04,35923.47
C00119,2025-05,35923.47
C00119,2025-06,35923.47
C00119,2025-07,35923.47
C00119,2025-08,35923.47
C00119,2025-09,35923.47
C00119,2025-10,35923.47
C00119,2025-11,35923.47
C00119,2025-12,35923.47
C00119,2026-01,35923.47
C00119,2026-02,35923.47
C00119,2026-03,35923.47
C00119,2026-04,35923.47
C00119,2026-05,35923.47
C00119,2026-06,35923.47
C00120,2022-10,59821.93
C00120,2022-11,59821.93
C00120,2022-12,59821.93
C00120,2023-01,59821.93
C00120,2023-02,59821.93
C00120,2023-03,59821.93
C00120,2023-04,59821.93
C00120,2023-05,59821.93
C00120,2023-06,59821.93
C00120,2023-07,59821.93
C00120,2023-08,59821.93
C00120,2023-09,59821.93
C00120,2023-10,59821.93
C00120,2023-11,59821.93
C00120,2023-12,59821.93
C00120,2024-01,59821.93
C00120,2024-02,59821.93
C00120,2024-03,59821.93
C00120,2024-04,59821.93
C00120,2024-05,59821.93
C00120,2024-06,59821.93
C00120,2024-07,59821.93
C00120,2024-08,59821.93
C00120,2024-09,59821.93
C00120,2024-10,59821.93
C00120,2024-11,59821.93
C00120,2024-12,59821.93
C00120,2025-01,59821.93
C00120,2025-02,59821.93
C00120,2025-03,59821.93
C00120,2025-04,59821.93
C00120,2025-05,59821.93
C00120,2025-06,59821.93
C00120,2025-07,59821.93
C00120,2025-08,59821.93
C00120,2025-09,59821.93
C00120,2025-10,59821.93
C00120,2025-11,59821.93
C00120,2025-12,59821.93
C00120,2026-01,59821.93
C00120,2026-02,59821.93
C00120,2026-03,59821.93
C00120,2026-04,59821.93
C00120,2026-05,59821.93
C00120,2026-06,59821.93
C00121,2022-10,7714.94
C00121,2022-11,7714.94
C00122,2022-10,188434.55
C00122,2022-11,188434.55
C00122,2022-12,188434.55
C00122,2023-01,188434.55
C00122,2023-02,188434.55
C00122,2023-03,188434.55
C00122,2023-04,188434.55
C00122,2023-05,188434.55
C00122,2023-06,188434.55
C00122,2023-07,188434.55
C00122,2023-08,188434.55
C00122,2023-09,188434.55
C00122,2023-10,188434.55
C00123,2022-10,23849.21
C00123,2022-11,23849.21
C00123,2022-12,23849.21
C00123,2023-01,23849.21
C00123,2023-02,23849.21
C00123,2023-03,23849.21
C00123,2023-04,23849.21
C00123,2023-05,23849.21
C00123,2023-06,23849.21
C00123,2023-07,23849.21
C00123,2023-08,23849.21
C00123,2023-09,23849.21
C00123,2023-10,17188.66
C00123,2023-11,17188.66
C00123,2023-12,17188.66
C00123,2024-01,17188.66
C00123,2024-02,17188.66
C00123,2024-03,17188.66
C00123,2024-04,17188.66
C00123,2024-05,17188.66
C00123,2024-06,17188.66
C00123,2024-07,17188.66
C00123,2024-08,17188.66
C00123,2024-09,17188.66
C00123,2024-10,17188.66
C00123,2024-11,17188.66
C00123,2024-12,17188.66
C00123,2025-01,17188.66
C00123,2025-02,17188.66
C00123,2025-03,17188.66
C00123,2025-04,17188.66
C00123,2025-05,17188.66
C00123,2025-06,17188.66
C00123,2025-07,17188.66
C00123,2025-08,17188.66
C00123,2025-09,17188.66
C00123,2025-10,17188.66
C00123,2025-11,17188.66
C00123,2025-12,17188.66
C00123,2026-01,17188.66
C00123,2026-02,17188.66
C00123,2026-03,17188.66
C00123,2026-04,17188.66
C00123,2026-05,17188.66
C00123,2026-06,17188.66
C00124,2022-10,41895.28
C00124,2022-11,41895.28
C00124,2022-12,41895.28
C00124,2023-01,41895.28
C00124,2023-02,41895.28
C00124,2023-03,41895.28
C00124,2023-04,41895.28
C00124,2023-05,41895.28
C00124,2023-06,41895.28
C00124,2023-07,41895.28
C00124,2023-08,41895.28
C00124,2023-09,41895.28
C00125,2022-10,91931.55
C00125,2022-11,91931.55
C00125,2022-12,91931.55
C00125,2023-01,91931.55
C00125,2023-02,91931.55
C00125,2023-03,91931.55
C00125,2023-04,91931.55
C00125,2023-05,91931.55
C00125,2023-06,91931.55
C00125,2023-07,91931.55
C00125,2023-08,91931.55
C00125,2023-09,91931.55
C00125,2023-10,91931.55
C00125,2023-11,91931.55
C00125,2023-12,91931.55
C00125,2024-01,91931.55
C00125,2024-02,91931.55
C00125,2024-03,91931.55
C00125,2024-04,91931.55
C00125,2024-05,91931.55
C00125,2024-06,91931.55
C00125,2024-07,91931.55
C00125,2024-08,91931.55
C00125,2024-09,91931.55
C00125,2024-10,91931.55
C00125,2024-11,91931.55
C00125,2024-12,91931.55
C00125,2025-01,91931.55
C00125,2025-02,91931.55
C00125,2025-03,103576.59
C00125,2025-04,103576.59
C00125,2025-05,103576.59
C00125,2025-06,103576.59
C00125,2025-07,103576.59
C00125,2025-08,103576.59
C00125,2025-09,103576.59
C00125,2025-10,103576.59
C00125,2025-11,103576.59
C00125,2025-12,103576.59
C00125,2026-01,103576.59
C00125,2026-02,103576.59
C00125,2026-03,103576.59
C00125,2026-04,103576.59
C00125,2026-05,103576.59
C00125,2026-06,103576.59
C00126,2022-10,54178.64
C00126,2022-11,54178.64
C00126,2022-12,54178.64
C00126,2023-01,54178.64
C00126,2023-02,54178.64
C00126,2023-03,54178.64
C00126,2023-04,54178.64
C00126,2023-05,54178.64
C00126,2023-06,54178.64
C00126,2023-07,54178.64
C00126,2023-08,54178.64
C00126,2023-09,54178.64
C00126,2023-10,54178.64
C00126,2023-11,54178.64
C00126,2023-12,54178.64
C00126,2024-01,54178.64
C00126,2024-02,54178.64
C00126,2024-03,54178.64
C00126,2024-04,54178.64
C00126,2024-05,54178.64
C00126,2024-06,54178.64
C00126,2024-07,54178.64
C00126,2024-08,54178.64
C00126,2024-09,54178.64
C00126,2024-10,54178.64
C00126,2024-11,54178.64
C00126,2024-12,54178.64
C00126,2025-01,54178.64
C00126,2025-02,54178.64
C00126,2025-03,54178.64
C00126,2025-04,54178.64
C00126,2025-05,54178.64
C00126,2025-06,54178.64
C00126,2025-07,54178.64
C00126,2025-08,54178.64
C00126,2025-09,54178.64
C00126,2025-10,54178.64
C00126,2025-11,54178.64
C00126,2025-12,54178.64
C00126,2026-01,54178.64
C00126,2026-02,54178.64
C00126,2026-03,54178.64
C00126,2026-04,54178.64
C00126,2026-05,54178.64
C00126,2026-06,54178.64
C00127,2022-10,47476.54
C00127,2022-11,47476.54
C00128,2022-11,25958.75
C00128,2022-12,25958.75
C00128,2023-01,25958.75
C00128,2023-02,25958.75
C00128,2023-03,25958.75
C00128,2023-04,25958.75
C00128,2023-05,25958.75
C00128,2023-06,25958.75
C00128,2023-07,25958.75
C00128,2023-08,25958.75
C00128,2023-09,25958.75
C00128,2023-10,25958.75
C00128,2023-11,25958.75
C00128,2023-12,25958.75
C00128,2024-01,25958.75
C00128,2024-02,25958.75
C00128,2024-03,25958.75
C00128,2024-04,25958.75
C00128,2024-05,25958.75
C00128,2024-06,25958.75
C00128,2024-07,25958.75
C00128,2024-08,25958.75
C00128,2024-09,25958.75
C00128,2024-10,25958.75
C00128,2024-11,25958.75
C00128,2024-12,25958.75
C00128,2025-01,28123.02
C00128,2025-02,28123.02
C00128,2025-03,28123.02
C00128,2025-04,28123.02
C00128,2025-05,28123.02
C00128,2025-06,28123.02
C00128,2025-07,28123.02
C00128,2025-08,28123.02
C00128,2025-09,28123.02
C00128,2025-10,28123.02
C00128,2025-11,28123.02
C00128,2025-12,28123.02
C00128,2026-01,28123.02
C00128,2026-02,28123.02
C00128,2026-03,28123.02
C00128,2026-04,28123.02
C00128,2026-05,28123.02
C00128,2026-06,28123.02
C00129,2022-11,169824.17
C00129,2022-12,169824.17
C00129,2023-01,169824.17
C00129,2023-02,169824.17
C00129,2023-03,169824.17
C00129,2023-04,169824.17
C00129,2023-05,169824.17
C00129,2023-06,169824.17
C00129,2023-07,169824.17
C00129,2023-08,169824.17
C00129,2023-09,169824.17
C00129,2023-10,169824.17
C00129,2023-11,169824.17
C00129,2023-12,169824.17
C00129,2024-01,169824.17
C00129,2024-02,169824.17
C00129,2024-03,169824.17
C00129,2024-04,169824.17
C00129,2024-05,169824.17
C00129,2024-06,169824.17
C00129,2024-07,169824.17
C00129,2024-08,169824.17
C00129,2024-09,169824.17
C00129,2024-10,169824.17
C00129,2024-11,169824.17
C00129,2024-12,169824.17
C00129,2025-01,169824.17
C00129,2025-02,169824.17
C00129,2025-03,169824.17
C00129,2025-04,169824.17
C00129,2025-05,169824.17
C00129,2025-06,169824.17
C00129,2025-07,169824.17
C00129,2025-08,169824.17
C00129,2025-09,169824.17
C00129,2025-10,169824.17
C00129,2025-11,169824.17
C00129,2025-12,169824.17
C00129,2026-01,169824.17
C00129,2026-02,169824.17
C00129,2026-03,169824.17
C00129,2026-04,169824.17
C00129,2026-05,169824.17
C00129,2026-06,169824.17
C00130,2022-11,49085.8
C00130,2022-12,49085.8
C00130,2023-01,49085.8
C00130,2023-02,49085.8
C00130,2023-03,49085.8
C00130,2023-04,49085.8
C00130,2023-05,49085.8
C00130,2023-06,49085.8
C00130,2023-07,49085.8
C00130,2023-08,49085.8
C00130,2023-09,49085.8
C00131,2022-11,16906.19
C00131,2022-12,16906.19
C00131,2023-01,16906.19
C00131,2023-02,16906.19
C00131,2023-03,16906.19
C00131,2023-04,16906.19
C00131,2023-05,16906.19
C00131,2023-06,16906.19
C00131,2023-07,16906.19
C00131,2023-08,16906.19
C00131,2023-09,16906.19
C00131,2023-10,16906.19
C00131,2023-11,16906.19
C00131,2023-12,16906.19
C00131,2024-01,16906.19
C00131,2024-02,16906.19
C00131,2024-03,16906.19
C00131,2024-04,16906.19
C00131,2024-05,16906.19
C00131,2024-06,16906.19
C00131,2024-07,16906.19
C00131,2024-08,16906.19
C00131,2024-09,16906.19
C00131,2024-10,16906.19
C00131,2024-11,16906.19
C00131,2024-12,16906.19
C00131,2025-01,16906.19
C00131,2025-02,16906.19
C00131,2025-03,16906.19
C00131,2025-04,16906.19
C00131,2025-05,16906.19
C00131,2025-06,16906.19
C00131,2025-07,16906.19
C00131,2025-08,16906.19
C00131,2025-09,16906.19
C00131,2025-10,16906.19
C00131,2025-11,16906.19
C00131,2025-12,16906.19
C00131,2026-01,16906.19
C00131,2026-02,16906.19
C00131,2026-03,16906.19
C00131,2026-04,16906.19
C00131,2026-05,16906.19
C00131,2026-06,16906.19
C00132,2022-11,2714.64
C00132,2022-12,2714.64
C00132,2023-01,2714.64
C00132,2023-02,2714.64
C00132,2023-03,2714.64
C00132,2023-04,2714.64
C00132,2023-05,2714.64
C00132,2023-06,2714.64
C00132,2023-07,2714.64
C00132,2023-08,2714.64
C00132,2023-09,2714.64
C00132,2023-10,2714.64
C00133,2022-11,176912.09
C00133,2022-12,176912.09
C00133,2023-01,176912.09
C00133,2023-02,176912.09
C00133,2023-03,176912.09
C00133,2023-04,176912.09
C00133,2023-05,176912.09
C00133,2023-06,176912.09
C00133,2023-07,176912.09
C00133,2023-08,176912.09
C00133,2023-09,176912.09
C00133,2023-10,176912.09
C00133,2023-11,176912.09
C00133,2023-12,176912.09
C00133,2024-01,176912.09
C00133,2024-02,176912.09
C00133,2024-03,176912.09
C00133,2024-04,176912.09
C00133,2024-05,176912.09
C00133,2024-06,176912.09
C00133,2024-07,176912.09
C00133,2024-08,176912.09
C00133,2024-09,176912.09
C00133,2024-10,176912.09
C00133,2024-11,176912.09
C00133,2024-12,176912.09
C00133,2025-01,176912.09
C00133,2025-02,176912.09
C00133,2025-03,176912.09
C00133,2025-04,176912.09
C00133,2025-05,176912.09
C00133,2025-06,176912.09
C00133,2025-07,176912.09
C00133,2025-08,176912.09
C00133,2025-09,176912.09
C00133,2025-10,176912.09
C00133,2025-11,176912.09
C00133,2025-12,176912.09
C00133,2026-01,176912.09
C00133,2026-02,176912.09
C00133,2026-03,176912.09
C00133,2026-04,176912.09
C00133,2026-05,176912.09
C00133,2026-06,176912.09
C00134,2022-11,5299.98
C00134,2022-12,5299.98
C00134,2023-01,5299.98
C00134,2023-02,5299.98
C00134,2023-03,5299.98
C00134,2023-04,5299.98
C00134,2023-05,5299.98
C00134,2023-06,5299.98
C00134,2023-07,5299.98
C00134,2023-08,5299.98
C00134,2023-09,5299.98
C00135,2022-11,10576.02
C00135,2022-12,10576.02
C00135,2023-01,10576.02
C00135,2023-02,10576.02
C00135,2023-03,10576.02
C00135,2023-04,10576.02
C00135,2023-05,10576.02
C00135,2023-06,10576.02
C00135,2023-07,10576.02
C00135,2023-08,10576.02
C00135,2023-09,10576.02
C00135,2023-10,10576.02
C00135,2023-11,10576.02
C00135,2023-12,10576.02
C00135,2024-01,10576.02
C00135,2024-02,10576.02
C00135,2024-03,10576.02
C00135,2024-04,10576.02
C00135,2024-05,10576.02
C00135,2024-06,10576.02
C00135,2024-07,10576.02
C00135,2024-08,10576.02
C00135,2024-09,10576.02
C00135,2024-10,10576.02
C00135,2024-11,10576.02
C00135,2024-12,10576.02
C00135,2025-01,10576.02
C00135,2025-02,10576.02
C00135,2025-03,10576.02
C00135,2025-04,10576.02
C00135,2025-05,10576.02
C00135,2025-06,10576.02
C00135,2025-07,10576.02
C00135,2025-08,10576.02
C00135,2025-09,10576.02
C00135,2025-10,10576.02
C00135,2025-11,10576.02
C00135,2025-12,10576.02
C00135,2026-01,10576.02
C00135,2026-02,10576.02
C00135,2026-03,10576.02
C00135,2026-04,10576.02
C00135,2026-05,10576.02
C00135,2026-06,10576.02
C00136,2022-11,192514.14
C00136,2022-12,192514.14
C00136,2023-01,192514.14
C00136,2023-02,192514.14
C00136,2023-03,192514.14
C00136,2023-04,192514.14
C00136,2023-05,192514.14
C00136,2023-06,192514.14
C00136,2023-07,192514.14
C00136,2023-08,192514.14
C00136,2023-09,192514.14
C00136,2023-10,192514.14
C00136,2023-11,192514.14
C00136,2023-12,192514.14
C00136,2024-01,192514.14
C00136,2024-02,192514.14
C00136,2024-03,192514.14
C00136,2024-04,192514.14
C00136,2024-05,192514.14
C00136,2024-06,192514.14
C00136,2024-07,192514.14
C00136,2024-08,192514.14
C00136,2024-09,192514.14
C00136,2024-10,192514.14
C00136,2024-11,256288.03
C00136,2024-12,256288.03
C00136,2025-01,256288.03
C00136,2025-02,256288.03
C00136,2025-03,256288.03
C00136,2025-04,256288.03
C00136,2025-05,256288.03
C00136,2025-06,256288.03
C00136,2025-07,256288.03
C00137,2022-11,7474.59
C00137,2022-12,7474.59
C00137,2023-01,7474.59
C00137,2023-02,7474.59
C00137,2023-03,7474.59
C00137,2023-04,7474.59
C00137,2023-05,7474.59
C00137,2023-06,7474.59
C00137,2023-07,6079.23
C00137,2023-08,6079.23
C00137,2023-09,6079.23
C00137,2023-10,6079.23
C00137,2023-11,6079.23
C00137,2023-12,6079.23
C00137,2024-01,6079.23
C00137,2024-02,6079.23
C00137,2024-03,6079.23
C00137,2024-04,6079.23
C00137,2024-05,6079.23
C00137,2024-06,6079.23
C00137,2024-07,6079.23
C00137,2024-08,6079.23
C00137,2024-09,6079.23
C00137,2024-10,6079.23
C00137,2024-11,6079.23
C00137,2024-12,6079.23
C00137,2025-01,4436.72
C00138,2022-11,9866.86
C00138,2022-12,9866.86
C00138,2023-01,9866.86
C00138,2023-02,9866.86
C00138,2023-03,9866.86
C00138,2023-04,9866.86
C00138,2023-05,9866.86
C00138,2023-06,9866.86
C00138,2023-07,9866.86
C00138,2023-08,9866.86
C00138,2023-09,9866.86
C00139,2022-11,56219.94
C00139,2022-12,56219.94
C00139,2023-01,56219.94
C00140,2022-11,18452.5
C00140,2022-12,18452.5
C00140,2023-01,18452.5
C00140,2023-02,18452.5
C00140,2023-03,18452.5
C00140,2023-04,18452.5
C00140,2023-05,18452.5
C00140,2023-06,18452.5
C00140,2023-07,18452.5
C00140,2023-08,18452.5
C00140,2023-09,18452.5
C00140,2023-10,18452.5
C00140,2023-11,18452.5
C00140,2023-12,18452.5
C00140,2024-01,18452.5
C00140,2024-02,18452.5
C00140,2024-03,18452.5
C00140,2024-04,18452.5
C00140,2024-05,18452.5
C00140,2024-06,18452.5
C00140,2024-07,18452.5
C00140,2024-08,18452.5
C00140,2024-09,16585.75
C00140,2024-10,16585.75
C00140,2024-11,16585.75
C00140,2024-12,16585.75
C00140,2025-01,16585.75
C00140,2025-02,16585.75
C00140,2025-03,16585.75
C00140,2025-04,16585.75
C00140,2025-05,20756.01
C00140,2025-06,20756.01
C00140,2025-07,20756.01
C00140,2025-08,20756.01
C00140,2025-09,20756.01
C00140,2025-10,20756.01
C00140,2025-11,20756.01
C00140,2025-12,20756.01
C00140,2026-01,20756.01
C00140,2026-02,20756.01
C00140,2026-03,20756.01
C00140,2026-04,20756.01
C00140,2026-05,20756.01
C00140,2026-06,20756.01
C00141,2022-11,2368.16
C00141,2022-12,2368.16
C00141,2023-01,2368.16
C00141,2023-02,2368.16
C00141,2023-03,2368.16
C00141,2023-04,2368.16
C00141,2023-05,2368.16
C00141,2023-06,2368.16
C00141,2023-07,2368.16
C00141,2023-08,2368.16
C00141,2023-09,2368.16
C00141,2023-10,2368.16
C00141,2023-11,2368.16
C00141,2023-12,2368.16
C00141,2024-01,2368.16
C00141,2024-02,2368.16
C00141,2024-03,2368.16
C00141,2024-04,2368.16
C00141,2024-05,2368.16
C00141,2024-06,2368.16
C00141,2024-07,2368.16
C00141,2024-08,2368.16
C00141,2024-09,2368.16
C00141,2024-10,2368.16
C00141,2024-11,2368.16
C00141,2024-12,2368.16
C00141,2025-01,2368.16
C00141,2025-02,2368.16
C00141,2025-03,2368.16
C00141,2025-04,2368.16
C00141,2025-05,2368.16
C00141,2025-06,2368.16
C00141,2025-07,2368.16
C00141,2025-08,2368.16
C00141,2025-09,2368.16
C00141,2025-10,2368.16
C00141,2025-11,2368.16
C00141,2025-12,2368.16
C00141,2026-01,2368.16
C00141,2026-02,2368.16
C00141,2026-03,2368.16
C00141,2026-04,2368.16
C00141,2026-05,2368.16
C00141,2026-06,2368.16
C00142,2022-11,2580.2
C00142,2022-12,2580.2
C00142,2023-01,2580.2
C00142,2023-02,2580.2
C00142,2023-03,2580.2
C00142,2023-04,2580.2
C00142,2023-05,2580.2
C00142,2023-06,2580.2
C00142,2023-07,2580.2
C00142,2023-08,2580.2
C00142,2023-09,2580.2
C00142,2023-10,2580.2
C00142,2023-11,2580.2
C00142,2023-12,2580.2
C00142,2024-01,2580.2
C00142,2024-02,2580.2
C00142,2024-03,2580.2
C00142,2024-04,2580.2
C00142,2024-05,2580.2
C00142,2024-06,2580.2
C00142,2024-07,2580.2
C00142,2024-08,2580.2
C00142,2024-09,2580.2
C00142,2024-10,2580.2
C00142,2024-11,2580.2
C00142,2024-12,2580.2
C00142,2025-01,2580.2
C00142,2025-02,2580.2
C00142,2025-03,2580.2
C00142,2025-04,2580.2
C00142,2025-05,2580.2
C00142,2025-06,2580.2
C00142,2025-07,3070.06
C00142,2025-08,3070.06
C00142,2025-09,3070.06
C00142,2025-10,3070.06
C00143,2022-11,227130.29
C00143,2022-12,227130.29
C00143,2023-01,227130.29
C00143,2023-02,227130.29
C00143,2023-03,227130.29
C00143,2023-04,249661.97
C00143,2023-05,249661.97
C00143,2023-06,249661.97
C00143,2023-07,295620.82
C00143,2023-08,295620.82
C00143,2023-09,295620.82
C00143,2023-10,295620.82
C00143,2023-11,295620.82
C00144,2022-12,3104.64
C00144,2023-01,3104.64
C00144,2023-02,3104.64
C00144,2023-03,3104.64
C00145,2022-12,45471.59
C00145,2023-01,45471.59
C00145,2023-02,45471.59
C00145,2023-03,45471.59
C00145,2023-04,45471.59
C00145,2023-05,45471.59
C00145,2023-06,45471.59
C00145,2023-07,45471.59
C00145,2023-08,45471.59
C00145,2023-09,48154.93
C00145,2023-10,48154.93
C00145,2023-11,48154.93
C00145,2023-12,48154.93
C00145,2024-01,48154.93
C00145,2024-02,48154.93
C00146,2022-12,185366.93
C00146,2023-01,185366.93
C00146,2023-02,185366.93
C00146,2023-03,185366.93
C00146,2023-04,185366.93
C00146,2023-05,185366.93
C00146,2023-06,185366.93
C00146,2023-07,185366.93
C00146,2023-08,185366.93
C00146,2023-09,185366.93
C00146,2023-10,185366.93
C00147,2022-12,63591.34
C00147,2023-01,63591.34
C00147,2023-02,63591.34
C00147,2023-03,63591.34
C00147,2023-04,63591.34
C00147,2023-05,63591.34
C00147,2023-06,63591.34
C00147,2023-07,63591.34
C00147,2023-08,63591.34
C00147,2023-09,63591.34
C00147,2023-10,63591.34
C00147,2023-11,63591.34
C00147,2023-12,63591.34
C00147,2024-01,63591.34
C00147,2024-02,63591.34
C00147,2024-03,63591.34
C00147,2024-04,63591.34
C00147,2024-05,63591.34
C00147,2024-06,63591.34
C00147,2024-07,63591.34
C00147,2024-08,63591.34
C00147,2024-09,63591.34
C00147,2024-10,63591.34
C00147,2024-11,63591.34
C00147,2024-12,63591.34
C00147,2025-01,63591.34
C00147,2025-02,63591.34
C00147,2025-03,63591.34
C00147,2025-04,63591.34
C00147,2025-05,63591.34
C00147,2025-06,63591.34
C00147,2025-07,63591.34
C00147,2025-08,63591.34
C00147,2025-09,63591.34
C00147,2025-10,63591.34
C00147,2025-11,74818.41
C00147,2025-12,74818.41
C00147,2026-01,74818.41
C00147,2026-02,74818.41
C00147,2026-03,74818.41
C00147,2026-04,74818.41
C00147,2026-05,74818.41
C00147,2026-06,74818.41
C00148,2022-12,54749.29
C00148,2023-01,54749.29
C00148,2023-02,54749.29
C00148,2023-03,54749.29
C00148,2023-04,54749.29
C00148,2023-05,54749.29
C00148,2023-06,54749.29
C00148,2023-07,54749.29
C00148,2023-08,54749.29
C00148,2023-09,54749.29
C00148,2023-10,54749.29
C00148,2023-11,54749.29
C00148,2023-12,54749.29
C00148,2024-01,54749.29
C00148,2024-02,54749.29
C00148,2024-03,54749.29
C00148,2024-04,54749.29
C00148,2024-05,54749.29
C00148,2024-06,54749.29
C00148,2024-07,54749.29
C00148,2024-08,54749.29
C00148,2024-09,54749.29
C00148,2024-10,54749.29
C00148,2024-11,54749.29
C00148,2024-12,54749.29
C00148,2025-01,54749.29
C00148,2025-02,54749.29
C00148,2025-03,54749.29
C00148,2025-04,54749.29
C00148,2025-05,54749.29
C00148,2025-06,54749.29
C00148,2025-07,54749.29
C00148,2025-08,54749.29
C00148,2025-09,54749.29
C00148,2025-10,54749.29
C00148,2025-11,54749.29
C00148,2025-12,54749.29
C00148,2026-01,54749.29
C00148,2026-02,54749.29
C00148,2026-03,54749.29
C00148,2026-04,54749.29
C00148,2026-05,54749.29
C00148,2026-06,54749.29
C00149,2022-12,36449.33
C00149,2023-01,36449.33
C00149,2023-02,36449.33
C00149,2023-03,36449.33
C00149,2023-04,36449.33
C00149,2023-05,36449.33
C00149,2023-06,36449.33
C00149,2023-07,36449.33
C00149,2023-08,36449.33
C00149,2023-09,36449.33
C00149,2023-10,36449.33
C00149,2023-11,36449.33
C00149,2023-12,36449.33
C00149,2024-01,36449.33
C00149,2024-02,36449.33
C00149,2024-03,36449.33
C00150,2022-12,5644.44
C00150,2023-01,5644.44
C00150,2023-02,5644.44
C00150,2023-03,5644.44
C00150,2023-04,5644.44
C00150,2023-05,5644.44
C00150,2023-06,5644.44
C00150,2023-07,5644.44
C00150,2023-08,5644.44
C00150,2023-09,5644.44
C00150,2023-10,5644.44
C00150,2023-11,5644.44
C00150,2023-12,5644.44
C00150,2024-01,5644.44
C00150,2024-02,5644.44
C00150,2024-03,5644.44
C00150,2024-04,5644.44
C00151,2022-12,3359.6
C00151,2023-01,3359.6
C00151,2023-02,3359.6
C00151,2023-03,3359.6
C00151,2023-04,3359.6
C00151,2023-05,3359.6
C00151,2023-06,3359.6
C00151,2023-07,3359.6
C00151,2023-08,3359.6
C00151,2023-09,3359.6
C00151,2023-10,3359.6
C00151,2023-11,3359.6
C00152,2022-12,11394.69
C00152,2023-01,11394.69
C00152,2023-02,11394.69
C00152,2023-03,11394.69
C00153,2022-12,5534.66
C00153,2023-01,5534.66
C00153,2023-02,5534.66
C00153,2023-03,5534.66
C00153,2023-04,5534.66
C00153,2023-05,5534.66
C00153,2023-06,5534.66
C00153,2023-07,5534.66
C00153,2023-08,5534.66
C00153,2023-09,5534.66
C00153,2023-10,5534.66
C00153,2023-11,5534.66
C00153,2023-12,5534.66
C00153,2024-01,5534.66
C00153,2024-02,5534.66
C00153,2024-03,5534.66
C00153,2024-04,5534.66
C00153,2024-05,5534.66
C00154,2022-12,3495.17
C00154,2023-01,3495.17
C00154,2023-02,3495.17
C00154,2023-03,3495.17
C00154,2023-04,3495.17
C00154,2023-05,3495.17
C00154,2023-06,3495.17
C00154,2023-07,3495.17
C00154,2023-08,3495.17
C00154,2023-09,3495.17
C00154,2023-10,3495.17
C00154,2023-11,3495.17
C00154,2023-12,3495.17
C00154,2024-01,3495.17
C00154,2024-02,3495.17
C00154,2024-03,3495.17
C00154,2024-04,3495.17
C00154,2024-05,3495.17
C00154,2024-06,3495.17
C00154,2024-07,3495.17
C00154,2024-08,3495.17
C00154,2024-09,3495.17
C00154,2024-10,3495.17
C00154,2024-11,3495.17
C00154,2024-12,3495.17
C00154,2025-01,3495.17
C00154,2025-02,3495.17
C00154,2025-03,3495.17
C00154,2025-04,3495.17
C00154,2025-05,3495.17
C00154,2025-06,3495.17
C00154,2025-07,3495.17
C00154,2025-08,3495.17
C00154,2025-09,3495.17
C00154,2025-10,3495.17
C00154,2025-11,3495.17
C00154,2025-12,3495.17
C00154,2026-01,3495.17
C00154,2026-02,3495.17
C00155,2022-12,55781.06
C00155,2023-01,55781.06
C00155,2023-02,55781.06
C00155,2023-03,55781.06
C00155,2023-04,55781.06
C00155,2023-05,55781.06
C00155,2023-06,55781.06
C00155,2023-07,55781.06
C00155,2023-08,55781.06
C00155,2023-09,55781.06
C00155,2023-10,55781.06
C00155,2023-11,55781.06
C00155,2023-12,55781.06
C00155,2024-01,55781.06
C00155,2024-02,55781.06
C00155,2024-03,55781.06
C00155,2024-04,55781.06
C00155,2024-05,55781.06
C00155,2024-06,55781.06
C00155,2024-07,61955.08
C00155,2024-08,61955.08
C00155,2024-09,69012.31
C00155,2024-10,69012.31
C00155,2024-11,69012.31
C00155,2024-12,69012.31
C00155,2025-01,69012.31
C00155,2025-02,69012.31
C00155,2025-03,69012.31
C00155,2025-04,69012.31
C00155,2025-05,69012.31
C00155,2025-06,69012.31
C00155,2025-07,69012.31
C00155,2025-08,69012.31
C00155,2025-09,69012.31
C00155,2025-10,69012.31
C00155,2025-11,69012.31
C00155,2025-12,69012.31
C00155,2026-01,69012.31
C00155,2026-02,69012.31
C00155,2026-03,69012.31
C00155,2026-04,69012.31
C00155,2026-05,69012.31
C00155,2026-06,69012.31
C00156,2022-12,9788.97
C00156,2023-01,9788.97
C00156,2023-02,9788.97
C00156,2023-03,9788.97
C00157,2022-12,208919.97
C00157,2023-01,208919.97
C00157,2023-02,208919.97
C00157,2023-03,208919.97
C00157,2023-04,208919.97
C00157,2023-05,208919.97
C00157,2023-06,208919.97
C00157,2023-07,208919.97
C00157,2023-08,208919.97
C00157,2023-09,208919.97
C00157,2023-10,208919.97
C00157,2023-11,208919.97
C00157,2023-12,208919.97
C00157,2024-01,208919.97
C00157,2024-02,208919.97
C00157,2024-03,208919.97
C00157,2024-04,208919.97
C00157,2024-05,208919.97
C00157,2024-06,208919.97
C00157,2024-07,208919.97
C00157,2024-08,208919.97
C00157,2024-09,208919.97
C00157,2024-10,208919.97
C00157,2024-11,208919.97
C00157,2024-12,208919.97
C00157,2025-01,208919.97
C00157,2025-02,208919.97
C00157,2025-03,208919.97
C00157,2025-04,208919.97
C00157,2025-05,208919.97
C00157,2025-06,208919.97
C00157,2025-07,208919.97
C00157,2025-08,208919.97
C00157,2025-09,208919.97
C00157,2025-10,208919.97
C00157,2025-11,208919.97
C00157,2025-12,208919.97
C00157,2026-01,208919.97
C00157,2026-02,208919.97
C00157,2026-03,208919.97
C00157,2026-04,208919.97
C00157,2026-05,208919.97
C00157,2026-06,208919.97
C00158,2022-12,53450.75
C00158,2023-01,53450.75
C00158,2023-02,53450.75
C00158,2023-03,53450.75
C00158,2023-04,53450.75
C00158,2023-05,53450.75
C00158,2023-06,53450.75
C00158,2023-07,53450.75
C00158,2023-08,53450.75
C00159,2023-01,137159.95
C00159,2023-02,137159.95
C00159,2023-03,137159.95
C00159,2023-04,137159.95
C00159,2023-05,137159.95
C00159,2023-06,137159.95
C00159,2023-07,137159.95
C00159,2023-08,137159.95
C00159,2023-09,137159.95
C00159,2023-10,137159.95
C00159,2023-11,137159.95
C00159,2023-12,137159.95
C00159,2024-01,137159.95
C00159,2024-02,137159.95
C00159,2024-03,137159.95
C00159,2024-04,137159.95
C00159,2024-05,137159.95
C00159,2024-06,137159.95
C00159,2024-07,137159.95
C00159,2024-08,137159.95
C00159,2024-09,137159.95
C00159,2024-10,137159.95
C00159,2024-11,137159.95
C00159,2024-12,137159.95
C00159,2025-01,137159.95
C00159,2025-02,137159.95
C00159,2025-03,137159.95
C00159,2025-04,137159.95
C00159,2025-05,137159.95
C00159,2025-06,137159.95
C00159,2025-07,137159.95
C00159,2025-08,137159.95
C00159,2025-09,137159.95
C00159,2025-10,137159.95
C00159,2025-11,137159.95
C00159,2025-12,137159.95
C00159,2026-01,137159.95
C00159,2026-02,137159.95
C00159,2026-03,137159.95
C00159,2026-04,137159.95
C00159,2026-05,137159.95
C00159,2026-06,137159.95
C00160,2023-01,5217.4
C00160,2023-02,5217.4
C00161,2023-01,4059.26
C00161,2023-02,4059.26
C00161,2023-03,4059.26
C00161,2023-04,4059.26
C00161,2023-05,4059.26
C00161,2023-06,4059.26
C00161,2023-07,4059.26
C00161,2023-08,4059.26
C00161,2023-09,4059.26
C00161,2023-10,4059.26
C00161,2023-11,4059.26
C00161,2023-12,4059.26
C00161,2024-01,4059.26
C00161,2024-02,4059.26
C00161,2024-03,4059.26
C00161,2024-04,4059.26
C00161,2024-05,4059.26
C00161,2024-06,4059.26
C00161,2024-07,4059.26
C00161,2024-08,4059.26
C00161,2024-09,4711.57
C00161,2024-10,4711.57
C00161,2024-11,4711.57
C00161,2024-12,4711.57
C00161,2025-01,4711.57
C00161,2025-02,4711.57
C00161,2025-03,4711.57
C00161,2025-04,4711.57
C00161,2025-05,4711.57
C00161,2025-06,4711.57
C00161,2025-07,4711.57
C00161,2025-08,4711.57
C00161,2025-09,4711.57
C00161,2025-10,4711.57
C00161,2025-11,4711.57
C00161,2025-12,4711.57
C00161,2026-01,4711.57
C00161,2026-02,4711.57
C00161,2026-03,4711.57
C00161,2026-04,4711.57
C00161,2026-05,4711.57
C00161,2026-06,4711.57
C00162,2023-01,4899.05
C00162,2023-02,4899.05
C00162,2023-03,4899.05
C00162,2023-04,4899.05
C00162,2023-05,4899.05
C00162,2023-06,4899.05
C00162,2023-07,4899.05
C00162,2023-08,4899.05
C00162,2023-09,4899.05
C00162,2023-10,4899.05
C00162,2023-11,4899.05
C00163,2023-01,58338.06
C00163,2023-02,43760.16
C00163,2023-03,43760.16
C00163,2023-04,43760.16
C00163,2023-05,43760.16
C00163,2023-06,43760.16
C00163,2023-07,43760.16
C00163,2023-08,43760.16
C00163,2023-09,43760.16
C00163,2023-10,43760.16
C00163,2023-11,43760.16
C00163,2023-12,43760.16
C00163,2024-01,43760.16
C00163,2024-02,43760.16
C00163,2024-03,43760.16
C00163,2024-04,43760.16
C00163,2024-05,43760.16
C00163,2024-06,43760.16
C00163,2024-07,43760.16
C00163,2024-08,43760.16
C00163,2024-09,43760.16
C00163,2024-10,43760.16
C00163,2024-11,43760.16
C00163,2024-12,43760.16
C00163,2025-01,43760.16
C00163,2025-02,43760.16
C00163,2025-03,43760.16
C00163,2025-04,33069.74
C00163,2025-05,33069.74
C00163,2025-06,37406.44
C00163,2025-07,37406.44
C00163,2025-08,37406.44
C00163,2025-09,37406.44
C00163,2025-10,37406.44
C00163,2025-11,37406.44
C00163,2025-12,37406.44
C00163,2026-01,37406.44
C00163,2026-02,37406.44
C00163,2026-03,37406.44
C00163,2026-04,37406.44
C00163,2026-05,37406.44
C00163,2026-06,37406.44
C00164,2023-01,121547.86
C00164,2023-02,121547.86
C00164,2023-03,121547.86
C00164,2023-04,121547.86
C00164,2023-05,121547.86
C00164,2023-06,121547.86
C00164,2023-07,121547.86
C00164,2023-08,121547.86
C00164,2023-09,121547.86
C00164,2023-10,121547.86
C00164,2023-11,121547.86
C00164,2023-12,121547.86
C00164,2024-01,121547.86
C00164,2024-02,121547.86
C00164,2024-03,121547.86
C00164,2024-04,121547.86
C00164,2024-05,121547.86
C00164,2024-06,121547.86
C00164,2024-07,121547.86
C00164,2024-08,121547.86
C00164,2024-09,121547.86
C00164,2024-10,121547.86
C00164,2024-11,121547.86
C00165,2023-01,4749.15
C00165,2023-02,4749.15
C00165,2023-03,4749.15
C00165,2023-04,4749.15
C00165,2023-05,4749.15
C00165,2023-06,4749.15
C00165,2023-07,4749.15
C00165,2023-08,4749.15
C00165,2023-09,4749.15
C00165,2023-10,4749.15
C00165,2023-11,4749.15
C00165,2023-12,4749.15
C00165,2024-01,4749.15
C00165,2024-02,4749.15
C00165,2024-03,4749.15
C00165,2024-04,4749.15
C00165,2024-05,4749.15
C00165,2024-06,4749.15
C00165,2024-07,4749.15
C00165,2024-08,4749.15
C00165,2024-09,4749.15
C00165,2024-10,4749.15
C00165,2024-11,4749.15
C00165,2024-12,4749.15
C00165,2025-01,4749.15
C00165,2025-02,4749.15
C00165,2025-03,4749.15
C00165,2025-04,4749.15
C00165,2025-05,4749.15
C00165,2025-06,4749.15
C00165,2025-07,4749.15
C00165,2025-08,4749.15
C00165,2025-09,4749.15
C00165,2025-10,4749.15
C00165,2025-11,4749.15
C00165,2025-12,4749.15
C00165,2026-01,4749.15
C00165,2026-02,4749.15
C00165,2026-03,4749.15
C00165,2026-04,4749.15
C00165,2026-05,4749.15
C00165,2026-06,4749.15
C00166,2023-01,3080.35
C00166,2023-02,3080.35
C00166,2023-03,3080.35
C00166,2023-04,3080.35
C00166,2023-05,3080.35
C00166,2023-06,3080.35
C00166,2023-07,3080.35
C00166,2023-08,3080.35
C00166,2023-09,3080.35
C00166,2023-10,3080.35
C00167,2023-01,39544.51
C00167,2023-02,39544.51
C00167,2023-03,39544.51
C00167,2023-04,39544.51
C00167,2023-05,39544.51
C00167,2023-06,39544.51
C00167,2023-07,39544.51
C00167,2023-08,39544.51
C00167,2023-09,39544.51
C00167,2023-10,39544.51
C00167,2023-11,39544.51
C00167,2023-12,39544.51
C00167,2024-01,39544.51
C00167,2024-02,39544.51
C00167,2024-03,39544.51
C00167,2024-04,39544.51
C00167,2024-05,39544.51
C00167,2024-06,39544.51
C00167,2024-07,39544.51
C00167,2024-08,39544.51
C00167,2024-09,39544.51
C00167,2024-10,39544.51
C00167,2024-11,39544.51
C00167,2024-12,39544.51
C00167,2025-01,39544.51
C00167,2025-02,39544.51
C00167,2025-03,39544.51
C00167,2025-04,39544.51
C00167,2025-05,39544.51
C00167,2025-06,39544.51
C00167,2025-07,39544.51
C00168,2023-01,8707.34
C00168,2023-02,8707.34
C00169,2023-01,200010.76
C00169,2023-02,200010.76
C00169,2023-03,200010.76
C00169,2023-04,200010.76
C00169,2023-05,200010.76
C00169,2023-06,200010.76
C00169,2023-07,200010.76
C00169,2023-08,200010.76
C00169,2023-09,200010.76
C00169,2023-10,200010.76
C00169,2023-11,200010.76
C00169,2023-12,200010.76
C00169,2024-01,200010.76
C00169,2024-02,200010.76
C00169,2024-03,269423.73
C00169,2024-04,269423.73
C00169,2024-05,269423.73
C00169,2024-06,269423.73
C00169,2024-07,269423.73
C00169,2024-08,269423.73
C00169,2024-09,269423.73
C00169,2024-10,269423.73
C00169,2024-11,269423.73
C00169,2024-12,269423.73
C00169,2025-01,269423.73
C00169,2025-02,269423.73
C00169,2025-03,269423.73
C00169,2025-04,269423.73
C00169,2025-05,269423.73
C00169,2025-06,269423.73
C00169,2025-07,269423.73
C00169,2025-08,269423.73
C00169,2025-09,330736.39
C00169,2025-10,330736.39
C00169,2025-11,330736.39
C00169,2025-12,330736.39
C00169,2026-01,330736.39
C00169,2026-02,330736.39
C00169,2026-03,330736.39
C00169,2026-04,330736.39
C00169,2026-05,330736.39
C00169,2026-06,330736.39
C00170,2023-01,50361.53
C00170,2023-02,50361.53
C00170,2023-03,50361.53
C00170,2023-04,50361.53
C00170,2023-05,50361.53
C00170,2023-06,50361.53
C00170,2023-07,50361.53
C00170,2023-08,50361.53
C00170,2023-09,50361.53
C00170,2023-10,50361.53
C00170,2023-11,50361.53
C00170,2023-12,50361.53
C00170,2024-01,50361.53
C00170,2024-02,50361.53
C00170,2024-03,50361.53
C00170,2024-04,50361.53
C00170,2024-05,50361.53
C00170,2024-06,50361.53
C00170,2024-07,50361.53
C00170,2024-08,50361.53
C00170,2024-09,50361.53
C00170,2024-10,50361.53
C00170,2024-11,50361.53
C00170,2024-12,50361.53
C00170,2025-01,50361.53
C00170,2025-02,50361.53
C00170,2025-03,50361.53
C00170,2025-04,50361.53
C00170,2025-05,50361.53
C00170,2025-06,50361.53
C00170,2025-07,50361.53
C00170,2025-08,50361.53
C00170,2025-09,50361.53
C00170,2025-10,38618.12
C00170,2025-11,38618.12
C00170,2025-12,38618.12
C00170,2026-01,38618.12
C00170,2026-02,38618.12
C00170,2026-03,38618.12
C00170,2026-04,38618.12
C00170,2026-05,38618.12
C00170,2026-06,38618.12
C00171,2023-01,4662.55
C00172,2023-01,20730.08
C00172,2023-02,20730.08
C00172,2023-03,20730.08
C00172,2023-04,20730.08
C00172,2023-05,20730.08
C00172,2023-06,20730.08
C00172,2023-07,20730.08
C00172,2023-08,20730.08
C00172,2023-09,20730.08
C00172,2023-10,20730.08
C00172,2023-11,20730.08
C00172,2023-12,20730.08
C00172,2024-01,20730.08
C00172,2024-02,20730.08
C00172,2024-03,20730.08
C00172,2024-04,20730.08
C00172,2024-05,20730.08
C00172,2024-06,20730.08
C00172,2024-07,20730.08
C00172,2024-08,20730.08
C00172,2024-09,20730.08
C00172,2024-10,20730.08
C00172,2024-11,20730.08
C00172,2024-12,20730.08
C00172,2025-01,20730.08
C00172,2025-02,20730.08
C00172,2025-03,20730.08
C00172,2025-04,20730.08
C00172,2025-05,20730.08
C00172,2025-06,20730.08
C00172,2025-07,20730.08
C00172,2025-08,20730.08
C00172,2025-09,20730.08
C00172,2025-10,20730.08
C00172,2025-11,20730.08
C00172,2025-12,20730.08
C00172,2026-01,20730.08
C00172,2026-02,20730.08
C00172,2026-03,20730.08
C00172,2026-04,20730.08
C00172,2026-05,20730.08
C00172,2026-06,20730.08
C00173,2023-01,42392.72
C00173,2023-02,42392.72
C00173,2023-03,42392.72
C00173,2023-04,42392.72
C00173,2023-05,42392.72
C00173,2023-06,42392.72
C00173,2023-07,42392.72
C00173,2023-08,42392.72
C00173,2023-09,42392.72
C00173,2023-10,42392.72
C00173,2023-11,42392.72
C00173,2023-12,42392.72
C00173,2024-01,42392.72
C00173,2024-02,42392.72
C00173,2024-03,42392.72
C00173,2024-04,42392.72
C00173,2024-05,42392.72
C00173,2024-06,42392.72
C00173,2024-07,42392.72
C00173,2024-08,42392.72
C00173,2024-09,42392.72
C00173,2024-10,42392.72
C00173,2024-11,42392.72
C00173,2024-12,42392.72
C00173,2025-01,42392.72
C00173,2025-02,42392.72
C00173,2025-03,42392.72
C00173,2025-04,42392.72
C00173,2025-05,42392.72
C00173,2025-06,42392.72
C00173,2025-07,42392.72
C00173,2025-08,42392.72
C00173,2025-09,42392.72
C00173,2025-10,42392.72
C00173,2025-11,42392.72
C00173,2025-12,42392.72
C00173,2026-01,42392.72
C00173,2026-02,42392.72
C00173,2026-03,42392.72
C00173,2026-04,42392.72
C00173,2026-05,42392.72
C00173,2026-06,42392.72
C00174,2023-01,53055.52
C00174,2023-02,53055.52
C00174,2023-03,53055.52
C00174,2023-04,53055.52
C00174,2023-05,53055.52
C00174,2023-06,61300.58
C00174,2023-07,61300.58
C00174,2023-08,61300.58
C00174,2023-09,61300.58
C00174,2023-10,61300.58
C00174,2023-11,61300.58
C00174,2023-12,61300.58
C00174,2024-01,61300.58
C00174,2024-02,61300.58
C00174,2024-03,61300.58
C00174,2024-04,44371.58
C00174,2024-05,44371.58
C00174,2024-06,44371.58
C00174,2024-07,44371.58
C00174,2024-08,44371.58
C00174,2024-09,44371.58
C00174,2024-10,44371.58
C00174,2024-11,44371.58
C00174,2024-12,44371.58
C00174,2025-01,44371.58
C00175,2023-01,18551.96
C00175,2023-02,18551.96
C00175,2023-03,18551.96
C00175,2023-04,18551.96
C00175,2023-05,18551.96
C00175,2023-06,18551.96
C00175,2023-07,18551.96
C00175,2023-08,18551.96
C00175,2023-09,18551.96
C00175,2023-10,18551.96
C00175,2023-11,18551.96
C00175,2023-12,18551.96
C00175,2024-01,18551.96
C00175,2024-02,18551.96
C00175,2024-03,18551.96
C00175,2024-04,18551.96
C00175,2024-05,18551.96
C00175,2024-06,18551.96
C00175,2024-07,18551.96
C00175,2024-08,18551.96
C00175,2024-09,18551.96
C00175,2024-10,18551.96
C00175,2024-11,18551.96
C00175,2024-12,18551.96
C00175,2025-01,18551.96
C00175,2025-02,18551.96
C00175,2025-03,18551.96
C00175,2025-04,18551.96
C00175,2025-05,18551.96
C00175,2025-06,18551.96
C00175,2025-07,18551.96
C00175,2025-08,18551.96
C00175,2025-09,18551.96
C00175,2025-10,18551.96
C00175,2025-11,18551.96
C00175,2025-12,18551.96
C00175,2026-01,18551.96
C00175,2026-02,18551.96
C00176,2023-02,223492.68
C00176,2023-03,223492.68
C00176,2023-04,223492.68
C00176,2023-05,223492.68
C00176,2023-06,223492.68
C00176,2023-07,223492.68
C00176,2023-08,223492.68
C00176,2023-09,223492.68
C00176,2023-10,223492.68
C00176,2023-11,223492.68
C00176,2023-12,223492.68
C00176,2024-01,223492.68
C00176,2024-02,223492.68
C00176,2024-03,223492.68
C00176,2024-04,223492.68
C00176,2024-05,223492.68
C00176,2024-06,223492.68
C00176,2024-07,223492.68
C00176,2024-08,223492.68
C00176,2024-09,223492.68
C00176,2024-10,223492.68
C00176,2024-11,223492.68
C00176,2024-12,223492.68
C00176,2025-01,223492.68
C00176,2025-02,223492.68
C00176,2025-03,223492.68
C00176,2025-04,283450.41
C00176,2025-05,283450.41
C00176,2025-06,283450.41
C00176,2025-07,283450.41
C00176,2025-08,283450.41
C00176,2025-09,283450.41
C00176,2025-10,283450.41
C00176,2025-11,283450.41
C00176,2025-12,283450.41
C00176,2026-01,283450.41
C00176,2026-02,283450.41
C00176,2026-03,283450.41
C00176,2026-04,283450.41
C00176,2026-05,283450.41
C00176,2026-06,283450.41
C00177,2023-02,5123.64
C00177,2023-03,5123.64
C00177,2023-04,5123.64
C00177,2023-05,5123.64
C00177,2023-06,5123.64
C00177,2023-07,5123.64
C00177,2023-08,5123.64
C00177,2023-09,5123.64
C00177,2023-10,5123.64
C00177,2023-11,5123.64
C00177,2023-12,5123.64
C00177,2024-01,5123.64
C00177,2024-02,5123.64
C00177,2024-03,5123.64
C00177,2024-04,4499.24
C00177,2024-05,4499.24
C00177,2024-06,4499.24
C00177,2024-07,4499.24
C00177,2024-08,4499.24
C00177,2024-09,4499.24
C00177,2024-10,4499.24
C00177,2024-11,4499.24
C00177,2024-12,4499.24
C00177,2025-01,4499.24
C00177,2025-02,4499.24
C00177,2025-03,4499.24
C00177,2025-04,4499.24
C00177,2025-05,4499.24
C00177,2025-06,4499.24
C00177,2025-07,4499.24
C00177,2025-08,4499.24
C00178,2023-02,35063.26
C00178,2023-03,35063.26
C00178,2023-04,35063.26
C00178,2023-05,35063.26
C00178,2023-06,35063.26
C00178,2023-07,35063.26
C00178,2023-08,35063.26
C00178,2023-09,35063.26
C00178,2023-10,35063.26
C00178,2023-11,35063.26
C00178,2023-12,35063.26
C00178,2024-01,35063.26
C00178,2024-02,35063.26
C00178,2024-03,35063.26
C00178,2024-04,35063.26
C00178,2024-05,35063.26
C00178,2024-06,35063.26
C00178,2024-07,35063.26
C00178,2024-08,35063.26
C00178,2024-09,35063.26
C00178,2024-10,35063.26
C00178,2024-11,35063.26
C00178,2024-12,35063.26
C00178,2025-01,35063.26
C00178,2025-02,35063.26
C00178,2025-03,35063.26
C00178,2025-04,35063.26
C00178,2025-05,35063.26
C00178,2025-06,35063.26
C00178,2025-07,35063.26
C00178,2025-08,35063.26
C00178,2025-09,35063.26
C00178,2025-10,35063.26
C00178,2025-11,35063.26
C00178,2025-12,35063.26
C00178,2026-01,35063.26
C00178,2026-02,35063.26
C00178,2026-03,35063.26
C00178,2026-04,35063.26
C00178,2026-05,35063.26
C00178,2026-06,35063.26
C00179,2023-02,9350.69
C00179,2023-03,9350.69
C00180,2023-02,3977.9
C00180,2023-03,3977.9
C00181,2023-02,57657.09
C00181,2023-03,57657.09
C00181,2023-04,73936.45
C00181,2023-05,73936.45
C00181,2023-06,73936.45
C00181,2023-07,73936.45
C00181,2023-08,73936.45
C00181,2023-09,73936.45
C00181,2023-10,73936.45
C00181,2023-11,73936.45
C00181,2023-12,73936.45
C00181,2024-01,73936.45
C00181,2024-02,73936.45
C00181,2024-03,73936.45
C00181,2024-04,73936.45
C00181,2024-05,73936.45
C00181,2024-06,73936.45
C00181,2024-07,73936.45
C00181,2024-08,73936.45
C00181,2024-09,73936.45
C00181,2024-10,73936.45
C00181,2024-11,73936.45
C00181,2024-12,73936.45
C00181,2025-01,73936.45
C00181,2025-02,73936.45
C00181,2025-03,73936.45
C00181,2025-04,73936.45
C00181,2025-05,73936.45
C00181,2025-06,62779.7
C00181,2025-07,62779.7
C00181,2025-08,62779.7
C00181,2025-09,62779.7
C00181,2025-10,62779.7
C00181,2025-11,62779.7
C00181,2025-12,62779.7
C00181,2026-01,62779.7
C00181,2026-02,62779.7
C00181,2026-03,62779.7
C00181,2026-04,62779.7
C00181,2026-05,62779.7
C00181,2026-06,62779.7
C00182,2023-02,7244.61
C00182,2023-03,7244.61
C00182,2023-04,7244.61
C00182,2023-05,7244.61
C00182,2023-06,7244.61
C00182,2023-07,7244.61
C00182,2023-08,7244.61
C00182,2023-09,7244.61
C00182,2023-10,7244.61
C00182,2023-11,7244.61
C00182,2023-12,7244.61
C00182,2024-01,7244.61
C00182,2024-02,7244.61
C00182,2024-03,7244.61
C00182,2024-04,7244.61
C00182,2024-05,7244.61
C00182,2024-06,7244.61
C00182,2024-07,7244.61
C00182,2024-08,7244.61
C00182,2024-09,7244.61
C00182,2024-10,7244.61
C00182,2024-11,7244.61
C00182,2024-12,7244.61
C00182,2025-01,7244.61
C00182,2025-02,7244.61
C00182,2025-03,7244.61
C00182,2025-04,7244.61
C00182,2025-05,7244.61
C00182,2025-06,7244.61
C00182,2025-07,7244.61
C00182,2025-08,7244.61
C00182,2025-09,7244.61
C00182,2025-10,7244.61
C00182,2025-11,7244.61
C00182,2025-12,7244.61
C00182,2026-01,7244.61
C00182,2026-02,7244.61
C00182,2026-03,7244.61
C00182,2026-04,7244.61
C00182,2026-05,7244.61
C00182,2026-06,7244.61
C00183,2023-02,45579.0
C00183,2023-03,45579.0
C00183,2023-04,45579.0
C00183,2023-05,45579.0
C00183,2023-06,45579.0
C00183,2023-07,45579.0
C00183,2023-08,45579.0
C00183,2023-09,45579.0
C00183,2023-10,45579.0
C00183,2023-11,45579.0
C00183,2023-12,45579.0
C00183,2024-01,45579.0
C00183,2024-02,45579.0
C00183,2024-03,45579.0
C00183,2024-04,45579.0
C00183,2024-05,45579.0
C00183,2024-06,45579.0
C00183,2024-07,45579.0
C00183,2024-08,45579.0
C00183,2024-09,45579.0
C00183,2024-10,45579.0
C00183,2024-11,45579.0
C00183,2024-12,45579.0
C00183,2025-01,45579.0
C00183,2025-02,45579.0
C00183,2025-03,45579.0
C00183,2025-04,45579.0
C00183,2025-05,45579.0
C00183,2025-06,45579.0
C00183,2025-07,45579.0
C00183,2025-08,45579.0
C00183,2025-09,45579.0
C00183,2025-10,45579.0
C00183,2025-11,45579.0
C00183,2025-12,45579.0
C00183,2026-01,45579.0
C00183,2026-02,45579.0
C00183,2026-03,45579.0
C00183,2026-04,45579.0
C00183,2026-05,45579.0
C00183,2026-06,45579.0
C00184,2023-02,139943.92
C00184,2023-03,139943.92
C00184,2023-04,139943.92
C00184,2023-05,139943.92
C00184,2023-06,139943.92
C00184,2023-07,172015.72
C00184,2023-08,172015.72
C00184,2023-09,172015.72
C00184,2023-10,172015.72
C00184,2023-11,172015.72
C00184,2023-12,172015.72
C00184,2024-01,172015.72
C00184,2024-02,172015.72
C00184,2024-03,172015.72
C00184,2024-04,172015.72
C00184,2024-05,172015.72
C00184,2024-06,172015.72
C00184,2024-07,172015.72
C00184,2024-08,172015.72
C00184,2024-09,172015.72
C00184,2024-10,172015.72
C00184,2024-11,172015.72
C00184,2024-12,172015.72
C00184,2025-01,172015.72
C00184,2025-02,172015.72
C00184,2025-03,172015.72
C00184,2025-04,172015.72
C00184,2025-05,172015.72
C00184,2025-06,172015.72
C00184,2025-07,172015.72
C00184,2025-08,172015.72
C00184,2025-09,172015.72
C00184,2025-10,172015.72
C00184,2025-11,172015.72
C00184,2025-12,172015.72
C00184,2026-01,172015.72
C00184,2026-02,172015.72
C00184,2026-03,172015.72
C00184,2026-04,172015.72
C00184,2026-05,172015.72
C00184,2026-06,172015.72
C00185,2023-02,44583.03
C00185,2023-03,44583.03
C00185,2023-04,44583.03
C00185,2023-05,44583.03
C00185,2023-06,44583.03
C00185,2023-07,44583.03
C00185,2023-08,44583.03
C00185,2023-09,44583.03
C00185,2023-10,44583.03
C00185,2023-11,44583.03
C00185,2023-12,44583.03
C00185,2024-01,44583.03
C00185,2024-02,44583.03
C00185,2024-03,44583.03
C00185,2024-04,44583.03
C00185,2024-05,44583.03
C00185,2024-06,44583.03
C00185,2024-07,44583.03
C00185,2024-08,44583.03
C00185,2024-09,44583.03
C00185,2024-10,44583.03
C00185,2024-11,44583.03
C00185,2024-12,44583.03
C00185,2025-01,44583.03
C00185,2025-02,44583.03
C00185,2025-03,44583.03
C00185,2025-04,44583.03
C00185,2025-05,44583.03
C00185,2025-06,44583.03
C00185,2025-07,44583.03
C00185,2025-08,44583.03
C00185,2025-09,44583.03
C00185,2025-10,44583.03
C00185,2025-11,44583.03
C00185,2025-12,44583.03
C00185,2026-01,44583.03
C00185,2026-02,44583.03
C00185,2026-03,44583.03
C00185,2026-04,44583.03
C00185,2026-05,44583.03
C00185,2026-06,35870.58
C00186,2023-02,37716.57
C00186,2023-03,37716.57
C00186,2023-04,37716.57
C00186,2023-05,37716.57
C00186,2023-06,37716.57
C00186,2023-07,37716.57
C00186,2023-08,37716.57
C00186,2023-09,37716.57
C00186,2023-10,37716.57
C00186,2023-11,37716.57
C00186,2023-12,37716.57
C00187,2023-02,2738.89
C00187,2023-03,2738.89
C00187,2023-04,2738.89
C00187,2023-05,2738.89
C00187,2023-06,2738.89
C00187,2023-07,2738.89
C00187,2023-08,2738.89
C00187,2023-09,2738.89
C00187,2023-10,2738.89
C00187,2023-11,2738.89
C00187,2023-12,3076.34
C00187,2024-01,3076.34
C00187,2024-02,3076.34
C00187,2024-03,3076.34
C00187,2024-04,3076.34
C00187,2024-05,3076.34
C00187,2024-06,3076.34
C00187,2024-07,3076.34
C00187,2024-08,3076.34
C00187,2024-09,3076.34
C00187,2024-10,3076.34
C00187,2024-11,3076.34
C00187,2024-12,3076.34
C00187,2025-01,3076.34
C00187,2025-02,3076.34
C00187,2025-03,3076.34
C00187,2025-04,3076.34
C00188,2023-02,55997.72
C00188,2023-03,55997.72
C00188,2023-04,55997.72
C00188,2023-05,55997.72
C00188,2023-06,55997.72
C00188,2023-07,55997.72
C00188,2023-08,55997.72
C00188,2023-09,55997.72
C00188,2023-10,55997.72
C00188,2023-11,55997.72
C00188,2023-12,55997.72
C00188,2024-01,55997.72
C00188,2024-02,55997.72
C00188,2024-03,55997.72
C00188,2024-04,55997.72
C00188,2024-05,55997.72
C00188,2024-06,50928.96
C00188,2024-07,50928.96
C00188,2024-08,50928.96
C00188,2024-09,50928.96
C00188,2024-10,50928.96
C00188,2024-11,50928.96
C00188,2024-12,50928.96
C00188,2025-01,50928.96
C00188,2025-02,50928.96
C00188,2025-03,50928.96
C00188,2025-04,50928.96
C00188,2025-05,50928.96
C00188,2025-06,50928.96
C00188,2025-07,50928.96
C00188,2025-08,50928.96
C00189,2023-02,52197.02
C00189,2023-03,52197.02
C00189,2023-04,52197.02
C00189,2023-05,52197.02
C00189,2023-06,52197.02
C00189,2023-07,52197.02
C00189,2023-08,52197.02
C00189,2023-09,52197.02
C00189,2023-10,52197.02
C00189,2023-11,52197.02
C00189,2023-12,52197.02
C00189,2024-01,52197.02
C00189,2024-02,52197.02
C00189,2024-03,52197.02
C00189,2024-04,52197.02
C00189,2024-05,52197.02
C00189,2024-06,52197.02
C00189,2024-07,52197.02
C00189,2024-08,52197.02
C00189,2024-09,52197.02
C00189,2024-10,52197.02
C00189,2024-11,52197.02
C00189,2024-12,52197.02
C00189,2025-01,52197.02
C00189,2025-02,52197.02
C00189,2025-03,52197.02
C00189,2025-04,52197.02
C00189,2025-05,52197.02
C00189,2025-06,52197.02
C00189,2025-07,52197.02
C00189,2025-08,52197.02
C00189,2025-09,52197.02
C00189,2025-10,52197.02
C00189,2025-11,64078.56
C00189,2025-12,64078.56
C00189,2026-01,64078.56
C00189,2026-02,64078.56
C00189,2026-03,64078.56
C00189,2026-04,64078.56
C00189,2026-05,64078.56
C00189,2026-06,64078.56
C00190,2023-02,9211.12
C00190,2023-03,9211.12
C00190,2023-04,9211.12
C00190,2023-05,9211.12
C00190,2023-06,9211.12
C00190,2023-07,9211.12
C00190,2023-08,9211.12
C00190,2023-09,9211.12
C00190,2023-10,9211.12
C00190,2023-11,9211.12
C00190,2023-12,9211.12
C00190,2024-01,9211.12
C00190,2024-02,9211.12
C00190,2024-03,9211.12
C00190,2024-04,9211.12
C00190,2024-05,9211.12
C00190,2024-06,9211.12
C00190,2024-07,9211.12
C00190,2024-08,9211.12
C00190,2024-09,9211.12
C00190,2024-10,9211.12
C00190,2024-11,9211.12
C00190,2024-12,9211.12
C00190,2025-01,9211.12
C00190,2025-02,9211.12
C00191,2023-02,19504.38
C00191,2023-03,19504.38
C00191,2023-04,19504.38
C00191,2023-05,19504.38
C00191,2023-06,19504.38
C00191,2023-07,19504.38
C00191,2023-08,19504.38
C00191,2023-09,19504.38
C00191,2023-10,19504.38
C00191,2023-11,19504.38
C00191,2023-12,19504.38
C00191,2024-01,19504.38
C00191,2024-02,19504.38
C00191,2024-03,19504.38
C00191,2024-04,19504.38
C00191,2024-05,19504.38
C00191,2024-06,19504.38
C00191,2024-07,19504.38
C00191,2024-08,19504.38
C00191,2024-09,19504.38
C00191,2024-10,19504.38
C00191,2024-11,19504.38
C00191,2024-12,19504.38
C00191,2025-01,19504.38
C00191,2025-02,19504.38
C00191,2025-03,19504.38
C00191,2025-04,19504.38
C00191,2025-05,19504.38
C00191,2025-06,19504.38
C00191,2025-07,19504.38
C00191,2025-08,19504.38
C00191,2025-09,19504.38
C00191,2025-10,19504.38
C00191,2025-11,19504.38
C00191,2025-12,19504.38
C00191,2026-01,19504.38
C00191,2026-02,19504.38
C00191,2026-03,19504.38
C00191,2026-04,19504.38
C00191,2026-05,19504.38
C00191,2026-06,19504.38
C00192,2023-02,83825.74
C00192,2023-03,59001.07
C00192,2023-04,59001.07
C00192,2023-05,59001.07
C00192,2023-06,59001.07
C00192,2023-07,59001.07
C00192,2023-08,59001.07
C00192,2023-09,59001.07
C00192,2023-10,59001.07
C00192,2023-11,59001.07
C00192,2023-12,59001.07
C00192,2024-01,59001.07
C00192,2024-02,59001.07
C00192,2024-03,59001.07
C00192,2024-04,59001.07
C00192,2024-05,63057.67
C00192,2024-06,63057.67
C00192,2024-07,63057.67
C00192,2024-08,63057.67
C00192,2024-09,63057.67
C00192,2024-10,63057.67
C00192,2024-11,63057.67
C00192,2024-12,63057.67
C00192,2025-01,63057.67
C00192,2025-02,63057.67
C00192,2025-03,63057.67
C00192,2025-04,63057.67
C00192,2025-05,63057.67
C00192,2025-06,63057.67
C00192,2025-07,63057.67
C00192,2025-08,63057.67
C00192,2025-09,63057.67
C00192,2025-10,63057.67
C00192,2025-11,63057.67
C00192,2025-12,63057.67
C00192,2026-01,63057.67
C00192,2026-02,63057.67
C00192,2026-03,63057.67
C00192,2026-04,63057.67
C00192,2026-05,63057.67
C00192,2026-06,63057.67
C00193,2023-02,5365.17
C00193,2023-03,5365.17
C00193,2023-04,5365.17
C00193,2023-05,5365.17
C00193,2023-06,5365.17
C00193,2023-07,5365.17
C00193,2023-08,5365.17
C00193,2023-09,5365.17
C00193,2023-10,5365.17
C00193,2023-11,5365.17
C00193,2023-12,5365.17
C00193,2024-01,5365.17
C00193,2024-02,5365.17
C00193,2024-03,5365.17
C00193,2024-04,5365.17
C00193,2024-05,5365.17
C00193,2024-06,5365.17
C00193,2024-07,5365.17
C00193,2024-08,5365.17
C00193,2024-09,5365.17
C00193,2024-10,5365.17
C00193,2024-11,5365.17
C00193,2024-12,5365.17
C00193,2025-01,5365.17
C00194,2023-02,84173.48
C00194,2023-03,84173.48
C00194,2023-04,84173.48
C00194,2023-05,84173.48
C00194,2023-06,84173.48
C00194,2023-07,84173.48
C00194,2023-08,84173.48
C00194,2023-09,84173.48
C00194,2023-10,84173.48
C00194,2023-11,84173.48
C00194,2023-12,84173.48
C00194,2024-01,84173.48
C00194,2024-02,84173.48
C00194,2024-03,84173.48
C00194,2024-04,84173.48
C00194,2024-05,84173.48
C00194,2024-06,84173.48
C00194,2024-07,84173.48
C00194,2024-08,84173.48
C00194,2024-09,84173.48
C00194,2024-10,84173.48
C00194,2024-11,84173.48
C00194,2024-12,84173.48
C00194,2025-01,84173.48
C00194,2025-02,84173.48
C00194,2025-03,84173.48
C00194,2025-04,84173.48
C00194,2025-05,84173.48
C00194,2025-06,84173.48
C00194,2025-07,84173.48
C00194,2025-08,84173.48
C00194,2025-09,84173.48
C00194,2025-10,84173.48
C00194,2025-11,84173.48
C00194,2025-12,84173.48
C00194,2026-01,84173.48
C00194,2026-02,84173.48
C00194,2026-03,84173.48
C00194,2026-04,84173.48
C00194,2026-05,84173.48
C00194,2026-06,84173.48
C00195,2023-03,1845.03
C00195,2023-04,1845.03
C00195,2023-05,1845.03
C00195,2023-06,1845.03
C00195,2023-07,1845.03
C00195,2023-08,1845.03
C00195,2023-09,1845.03
C00195,2023-10,1845.03
C00195,2023-11,1845.03
C00195,2023-12,1845.03
C00195,2024-01,1845.03
C00195,2024-02,1845.03
C00195,2024-03,1845.03
C00195,2024-04,1845.03
C00195,2024-05,1845.03
C00195,2024-06,1845.03
C00195,2024-07,1845.03
C00195,2024-08,1845.03
C00195,2024-09,1845.03
C00195,2024-10,1845.03
C00195,2024-11,1845.03
C00195,2024-12,1845.03
C00195,2025-01,1845.03
C00195,2025-02,1845.03
C00195,2025-03,1845.03
C00195,2025-04,1845.03
C00195,2025-05,1845.03
C00195,2025-06,1845.03
C00195,2025-07,1845.03
C00195,2025-08,1845.03
C00195,2025-09,1845.03
C00195,2025-10,1845.03
C00195,2025-11,1845.03
C00195,2025-12,1845.03
C00195,2026-01,1845.03
C00195,2026-02,1845.03
C00195,2026-03,1845.03
C00195,2026-04,1845.03
C00195,2026-05,1845.03
C00195,2026-06,1845.03
C00196,2023-03,4479.75
C00196,2023-04,4479.75
C00196,2023-05,4479.75
C00196,2023-06,4479.75
C00196,2023-07,4479.75
C00196,2023-08,4479.75
C00196,2023-09,4479.75
C00196,2023-10,4479.75
C00196,2023-11,4479.75
C00196,2023-12,4479.75
C00196,2024-01,4479.75
C00196,2024-02,4479.75
C00196,2024-03,4479.75
C00196,2024-04,4479.75
C00196,2024-05,3301.99
C00196,2024-06,3301.99
C00196,2024-07,3301.99
C00196,2024-08,3301.99
C00196,2024-09,3301.99
C00196,2024-10,3301.99
C00196,2024-11,3301.99
C00196,2024-12,3301.99
C00196,2025-01,3301.99
C00197,2023-03,6320.79
C00197,2023-04,6320.79
C00197,2023-05,6320.79
C00197,2023-06,6320.79
C00197,2023-07,6320.79
C00197,2023-08,6320.79
C00197,2023-09,6320.79
C00197,2023-10,6320.79
C00197,2023-11,6320.79
C00197,2023-12,6320.79
C00197,2024-01,6320.79
C00197,2024-02,6320.79
C00197,2024-03,6320.79
C00197,2024-04,6320.79
C00197,2024-05,6320.79
C00198,2023-03,9188.0
C00198,2023-04,9188.0
C00198,2023-05,9188.0
C00198,2023-06,9188.0
C00198,2023-07,9188.0
C00198,2023-08,9188.0
C00198,2023-09,9188.0
C00199,2023-03,6907.79
C00199,2023-04,6907.79
C00199,2023-05,6907.79
C00199,2023-06,6907.79
C00199,2023-07,6907.79
C00199,2023-08,6907.79
C00199,2023-09,6907.79
C00199,2023-10,6907.79
C00199,2023-11,6907.79
C00199,2023-12,6907.79
C00199,2024-01,6907.79
C00199,2024-02,6907.79
C00199,2024-03,6907.79
C00199,2024-04,6907.79
C00199,2024-05,6907.79
C00199,2024-06,6907.79
C00199,2024-07,6907.79
C00199,2024-08,6907.79
C00199,2024-09,6907.79
C00199,2024-10,6907.79
C00199,2024-11,6907.79
C00199,2024-12,6907.79
C00199,2025-01,6907.79
C00199,2025-02,6907.79
C00199,2025-03,6907.79
C00199,2025-04,6907.79
C00199,2025-05,6907.79
C00199,2025-06,6907.79
C00199,2025-07,6907.79
C00199,2025-08,6907.79
C00199,2025-09,6907.79
C00199,2025-10,6907.79
C00199,2025-11,6907.79
C00199,2025-12,6907.79
C00199,2026-01,6907.79
C00199,2026-02,6907.79
C00199,2026-03,6907.79
C00199,2026-04,6907.79
C00199,2026-05,6907.79
C00199,2026-06,6907.79
C00200,2023-03,47956.11
C00200,2023-04,47956.11
C00200,2023-05,47956.11
C00200,2023-06,47956.11
C00200,2023-07,47956.11
C00200,2023-08,47956.11
C00200,2023-09,47956.11
C00200,2023-10,47956.11
C00200,2023-11,47956.11
C00200,2023-12,47956.11
C00200,2024-01,47956.11
C00200,2024-02,47956.11
C00200,2024-03,47956.11
C00200,2024-04,47956.11
C00200,2024-05,47956.11
C00200,2024-06,47956.11
C00200,2024-07,47956.11
C00200,2024-08,47956.11
C00200,2024-09,47956.11
C00200,2024-10,47956.11
C00200,2024-11,47956.11
C00200,2024-12,47956.11
C00200,2025-01,47956.11
C00200,2025-02,47956.11
C00200,2025-03,47956.11
C00200,2025-04,47956.11
C00200,2025-05,47956.11
C00200,2025-06,47956.11
C00200,2025-07,47956.11
C00200,2025-08,47956.11
C00200,2025-09,47956.11
C00200,2025-10,47956.11
C00200,2025-11,47956.11
C00200,2025-12,47956.11
C00200,2026-01,47956.11
C00200,2026-02,47956.11
C00200,2026-03,47956.11
C00200,2026-04,47956.11
C00200,2026-05,47956.11
C00200,2026-06,47956.11
C00201,2023-03,4495.84
C00201,2023-04,4495.84
C00201,2023-05,4495.84
C00201,2023-06,4495.84
C00201,2023-07,4495.84
C00201,2023-08,4495.84
C00201,2023-09,4495.84
C00201,2023-10,4495.84
C00201,2023-11,4495.84
C00201,2023-12,4495.84
C00201,2024-01,4495.84
C00201,2024-02,4495.84
C00201,2024-03,4495.84
C00201,2024-04,4495.84
C00201,2024-05,4495.84
C00201,2024-06,4495.84
C00201,2024-07,4495.84
C00201,2024-08,4495.84
C00201,2024-09,4495.84
C00201,2024-10,4495.84
C00201,2024-11,4495.84
C00201,2024-12,4495.84
C00201,2025-01,4495.84
C00201,2025-02,4495.84
C00202,2023-03,40289.59
C00202,2023-04,40289.59
C00202,2023-05,40289.59
C00202,2023-06,40289.59
C00202,2023-07,40289.59
C00202,2023-08,40289.59
C00202,2023-09,40289.59
C00202,2023-10,40289.59
C00202,2023-11,40289.59
C00202,2023-12,40289.59
C00202,2024-01,40289.59
C00202,2024-02,40289.59
C00202,2024-03,40289.59
C00202,2024-04,40289.59
C00202,2024-05,40289.59
C00202,2024-06,40289.59
C00202,2024-07,40289.59
C00202,2024-08,40289.59
C00202,2024-09,40289.59
C00202,2024-10,40289.59
C00202,2024-11,40289.59
C00202,2024-12,40289.59
C00202,2025-01,40289.59
C00202,2025-02,40289.59
C00202,2025-03,40289.59
C00202,2025-04,40289.59
C00202,2025-05,40289.59
C00202,2025-06,40289.59
C00202,2025-07,40289.59
C00202,2025-08,40289.59
C00202,2025-09,40289.59
C00202,2025-10,40289.59
C00203,2023-03,50214.86
C00203,2023-04,50214.86
C00203,2023-05,50214.86
C00203,2023-06,50214.86
C00204,2023-03,162857.07
C00204,2023-04,162857.07
C00204,2023-05,162857.07
C00204,2023-06,162857.07
C00204,2023-07,162857.07
C00204,2023-08,162857.07
C00204,2023-09,162857.07
C00204,2023-10,162857.07
C00204,2023-11,162857.07
C00204,2023-12,162857.07
C00204,2024-01,162857.07
C00205,2023-03,10850.37
C00205,2023-04,10850.37
C00205,2023-05,10850.37
C00205,2023-06,10850.37
C00205,2023-07,10850.37
C00205,2023-08,10850.37
C00205,2023-09,10850.37
C00205,2023-10,10850.37
C00205,2023-11,10850.37
C00205,2023-12,10850.37
C00206,2023-03,47807.62
C00207,2023-03,46803.19
C00207,2023-04,46803.19
C00207,2023-05,46803.19
C00207,2023-06,46803.19
C00207,2023-07,46803.19
C00207,2023-08,46803.19
C00207,2023-09,46803.19
C00207,2023-10,46803.19
C00207,2023-11,46803.19
C00207,2023-12,55423.62
C00207,2024-01,55423.62
C00207,2024-02,55423.62
C00207,2024-03,55423.62
C00207,2024-04,55423.62
C00207,2024-05,55423.62
C00207,2024-06,55423.62
C00208,2023-03,142167.48
C00208,2023-04,142167.48
C00208,2023-05,142167.48
C00208,2023-06,142167.48
C00208,2023-07,142167.48
C00208,2023-08,142167.48
C00208,2023-09,142167.48
C00208,2023-10,142167.48
C00208,2023-11,142167.48
C00208,2023-12,142167.48
C00208,2024-01,142167.48
C00208,2024-02,142167.48
C00208,2024-03,142167.48
C00208,2024-04,142167.48
C00208,2024-05,127918.94
C00208,2024-06,127918.94
C00208,2024-07,127918.94
C00208,2024-08,127918.94
C00208,2024-09,127918.94
C00208,2024-10,127918.94
C00208,2024-11,127918.94
C00208,2024-12,127918.94
C00208,2025-01,127918.94
C00208,2025-02,127918.94
C00208,2025-03,127918.94
C00208,2025-04,127918.94
C00208,2025-05,127918.94
C00208,2025-06,127918.94
C00208,2025-07,167921.99
C00208,2025-08,167921.99
C00208,2025-09,167921.99
C00208,2025-10,167921.99
C00208,2025-11,167921.99
C00208,2025-12,167921.99
C00208,2026-01,167921.99
C00208,2026-02,167921.99
C00208,2026-03,167921.99
C00208,2026-04,167921.99
C00208,2026-05,167921.99
C00208,2026-06,167921.99
C00209,2023-03,40319.45
C00209,2023-04,40319.45
C00209,2023-05,40319.45
C00209,2023-06,40319.45
C00209,2023-07,40319.45
C00209,2023-08,40319.45
C00209,2023-09,40319.45
C00209,2023-10,40319.45
C00209,2023-11,40319.45
C00209,2023-12,40319.45
C00209,2024-01,40319.45
C00209,2024-02,40319.45
C00209,2024-03,40319.45
C00209,2024-04,40319.45
C00209,2024-05,40319.45
C00209,2024-06,40319.45
C00209,2024-07,40319.45
C00209,2024-08,40319.45
C00209,2024-09,40319.45
C00209,2024-10,40319.45
C00209,2024-11,40319.45
C00209,2024-12,40319.45
C00209,2025-01,40319.45
C00209,2025-02,40319.45
C00209,2025-03,40319.45
C00209,2025-04,40319.45
C00209,2025-05,40319.45
C00209,2025-06,40319.45
C00209,2025-07,40319.45
C00209,2025-08,40319.45
C00209,2025-09,40319.45
C00209,2025-10,40319.45
C00209,2025-11,40319.45
C00209,2025-12,40319.45
C00209,2026-01,40319.45
C00209,2026-02,40319.45
C00209,2026-03,40319.45
C00209,2026-04,40319.45
C00209,2026-05,40319.45
C00209,2026-06,40319.45
C00210,2023-03,5502.09
C00210,2023-04,5502.09
C00210,2023-05,5502.09
C00210,2023-06,5502.09
C00210,2023-07,5502.09
C00210,2023-08,5502.09
C00210,2023-09,5502.09
C00210,2023-10,5502.09
C00210,2023-11,5502.09
C00210,2023-12,5502.09
C00210,2024-01,5502.09
C00210,2024-02,5502.09
C00210,2024-03,5502.09
C00210,2024-04,5502.09
C00210,2024-05,5502.09
C00210,2024-06,5502.09
C00210,2024-07,5502.09
C00210,2024-08,5502.09
C00210,2024-09,5502.09
C00210,2024-10,5502.09
C00211,2023-03,3871.6
C00211,2023-04,3871.6
C00211,2023-05,3871.6
C00211,2023-06,3871.6
C00211,2023-07,3871.6
C00212,2023-04,8402.5
C00212,2023-05,8402.5
C00212,2023-06,8402.5
C00212,2023-07,8402.5
C00212,2023-08,8402.5
C00212,2023-09,8402.5
C00212,2023-10,8402.5
C00212,2023-11,8402.5
C00212,2023-12,8402.5
C00212,2024-01,8402.5
C00212,2024-02,8402.5
C00212,2024-03,8402.5
C00212,2024-04,8402.5
C00212,2024-05,8402.5
C00212,2024-06,8402.5
C00212,2024-07,8402.5
C00212,2024-08,8402.5
C00212,2024-09,8402.5
C00212,2024-10,8402.5
C00212,2024-11,8402.5
C00212,2024-12,8402.5
C00212,2025-01,8402.5
C00212,2025-02,8402.5
C00212,2025-03,8402.5
C00212,2025-04,8402.5
C00212,2025-05,8402.5
C00212,2025-06,8402.5
C00212,2025-07,8402.5
C00212,2025-08,8402.5
C00212,2025-09,8402.5
C00212,2025-10,8402.5
C00212,2025-11,8402.5
C00212,2025-12,8402.5
C00212,2026-01,8402.5
C00212,2026-02,8402.5
C00212,2026-03,8402.5
C00212,2026-04,8402.5
C00212,2026-05,8402.5
C00212,2026-06,8402.5
C00213,2023-04,76687.82
C00213,2023-05,76687.82
C00213,2023-06,76687.82
C00213,2023-07,76687.82
C00213,2023-08,76687.82
C00213,2023-09,76687.82
C00213,2023-10,76687.82
C00213,2023-11,76687.82
C00213,2023-12,76687.82
C00213,2024-01,76687.82
C00213,2024-02,76687.82
C00213,2024-03,76687.82
C00213,2024-04,76687.82
C00213,2024-05,76687.82
C00213,2024-06,76687.82
C00213,2024-07,76687.82
C00213,2024-08,76687.82
C00213,2024-09,76687.82
C00213,2024-10,76687.82
C00213,2024-11,76687.82
C00213,2024-12,76687.82
C00213,2025-01,76687.82
C00213,2025-02,76687.82
C00213,2025-03,76687.82
C00213,2025-04,76687.82
C00213,2025-05,76687.82
C00213,2025-06,76687.82
C00213,2025-07,76687.82
C00213,2025-08,76687.82
C00213,2025-09,76687.82
C00213,2025-10,76687.82
C00213,2025-11,76687.82
C00213,2025-12,76687.82
C00213,2026-01,76687.82
C00213,2026-02,76687.82
C00213,2026-03,76687.82
C00213,2026-04,76687.82
C00213,2026-05,76687.82
C00213,2026-06,76687.82
C00214,2023-04,42402.1
C00214,2023-05,42402.1
C00214,2023-06,42402.1
C00214,2023-07,42402.1
C00214,2023-08,42402.1
C00214,2023-09,42402.1
C00214,2023-10,42402.1
C00214,2023-11,42402.1
C00214,2023-12,42402.1
C00214,2024-01,42402.1
C00214,2024-02,42402.1
C00214,2024-03,42402.1
C00214,2024-04,42402.1
C00214,2024-05,42402.1
C00214,2024-06,42402.1
C00214,2024-07,42402.1
C00214,2024-08,42402.1
C00214,2024-09,42402.1
C00214,2024-10,42402.1
C00214,2024-11,42402.1
C00214,2024-12,42402.1
C00214,2025-01,42402.1
C00214,2025-02,42402.1
C00214,2025-03,42402.1
C00214,2025-04,42402.1
C00214,2025-05,42402.1
C00214,2025-06,42402.1
C00214,2025-07,42402.1
C00214,2025-08,42402.1
C00214,2025-09,42402.1
C00214,2025-10,42402.1
C00214,2025-11,42402.1
C00214,2025-12,42402.1
C00214,2026-01,42402.1
C00214,2026-02,42402.1
C00214,2026-03,42402.1
C00214,2026-04,42402.1
C00214,2026-05,42402.1
C00214,2026-06,42402.1
C00215,2023-04,10494.46
C00215,2023-05,10494.46
C00215,2023-06,10494.46
C00215,2023-07,10494.46
C00215,2023-08,10494.46
C00215,2023-09,10494.46
C00215,2023-10,10494.46
C00215,2023-11,10494.46
C00215,2023-12,10494.46
C00215,2024-01,10494.46
C00215,2024-02,10494.46
C00215,2024-03,10494.46
C00215,2024-04,10494.46
C00215,2024-05,10494.46
C00215,2024-06,10494.46
C00215,2024-07,10494.46
C00215,2024-08,10494.46
C00215,2024-09,10494.46
C00215,2024-10,10494.46
C00215,2024-11,10494.46
C00215,2024-12,10494.46
C00215,2025-01,10494.46
C00215,2025-02,10494.46
C00215,2025-03,10494.46
C00215,2025-04,10494.46
C00215,2025-05,10494.46
C00215,2025-06,10494.46
C00215,2025-07,10494.46
C00215,2025-08,10494.46
C00215,2025-09,10494.46
C00215,2025-10,10494.46
C00215,2025-11,10494.46
C00215,2025-12,10494.46
C00215,2026-01,10494.46
C00215,2026-02,10494.46
C00215,2026-03,10494.46
C00215,2026-04,10494.46
C00215,2026-05,10494.46
C00215,2026-06,10494.46
C00216,2023-04,57270.66
C00216,2023-05,57270.66
C00216,2023-06,57270.66
C00216,2023-07,57270.66
C00216,2023-08,57270.66
C00216,2023-09,57270.66
C00216,2023-10,57270.66
C00216,2023-11,57270.66
C00216,2023-12,57270.66
C00216,2024-01,57270.66
C00216,2024-02,57270.66
C00216,2024-03,57270.66
C00216,2024-04,57270.66
C00216,2024-05,57270.66
C00216,2024-06,57270.66
C00216,2024-07,57270.66
C00216,2024-08,57270.66
C00216,2024-09,57270.66
C00216,2024-10,57270.66
C00216,2024-11,57270.66
C00216,2024-12,57270.66
C00216,2025-01,57270.66
C00216,2025-02,57270.66
C00216,2025-03,57270.66
C00216,2025-04,57270.66
C00216,2025-05,57270.66
C00216,2025-06,57270.66
C00216,2025-07,57270.66
C00216,2025-08,57270.66
C00216,2025-09,57270.66
C00216,2025-10,57270.66
C00216,2025-11,57270.66
C00216,2025-12,57270.66
C00216,2026-01,57270.66
C00216,2026-02,57270.66
C00216,2026-03,57270.66
C00216,2026-04,57270.66
C00216,2026-05,57270.66
C00216,2026-06,57270.66
C00217,2023-04,7175.41
C00217,2023-05,7175.41
C00217,2023-06,7175.41
C00217,2023-07,7175.41
C00217,2023-08,7175.41
C00217,2023-09,7175.41
C00217,2023-10,7175.41
C00217,2023-11,7175.41
C00217,2023-12,7175.41
C00217,2024-01,7175.41
C00217,2024-02,7175.41
C00217,2024-03,7175.41
C00217,2024-04,7175.41
C00217,2024-05,7175.41
C00217,2024-06,7175.41
C00217,2024-07,7175.41
C00217,2024-08,7175.41
C00218,2023-04,193370.22
C00218,2023-05,193370.22
C00218,2023-06,193370.22
C00218,2023-07,193370.22
C00218,2023-08,193370.22
C00218,2023-09,193370.22
C00218,2023-10,193370.22
C00218,2023-11,193370.22
C00218,2023-12,193370.22
C00218,2024-01,193370.22
C00218,2024-02,193370.22
C00218,2024-03,193370.22
C00218,2024-04,193370.22
C00218,2024-05,193370.22
C00218,2024-06,193370.22
C00218,2024-07,193370.22
C00218,2024-08,193370.22
C00218,2024-09,193370.22
C00218,2024-10,193370.22
C00218,2024-11,193370.22
C00218,2024-12,193370.22
C00218,2025-01,193370.22
C00218,2025-02,193370.22
C00218,2025-03,193370.22
C00218,2025-04,193370.22
C00218,2025-05,193370.22
C00218,2025-06,193370.22
C00218,2025-07,193370.22
C00218,2025-08,193370.22
C00218,2025-09,193370.22
C00218,2025-10,193370.22
C00218,2025-11,193370.22
C00218,2025-12,193370.22
C00218,2026-01,193370.22
C00218,2026-02,193370.22
C00218,2026-03,193370.22
C00218,2026-04,193370.22
C00218,2026-05,193370.22
C00218,2026-06,193370.22
C00219,2023-04,3373.0
C00219,2023-05,3373.0
C00219,2023-06,3373.0
C00219,2023-07,3373.0
C00219,2023-08,3373.0
C00219,2023-09,3373.0
C00219,2023-10,3373.0
C00219,2023-11,3373.0
C00219,2023-12,3373.0
C00219,2024-01,3373.0
C00219,2024-02,3373.0
C00219,2024-03,3373.0
C00219,2024-04,3373.0
C00219,2024-05,3373.0
C00219,2024-06,3373.0
C00219,2024-07,3373.0
C00219,2024-08,3373.0
C00219,2024-09,3373.0
C00220,2023-04,11084.2
C00220,2023-05,11084.2
C00220,2023-06,11084.2
C00220,2023-07,11084.2
C00220,2023-08,11084.2
C00220,2023-09,11084.2
C00220,2023-10,11084.2
C00220,2023-11,11084.2
C00220,2023-12,11084.2
C00220,2024-01,11084.2
C00220,2024-02,11084.2
C00220,2024-03,11084.2
C00220,2024-04,11084.2
C00220,2024-05,11084.2
C00220,2024-06,11084.2
C00220,2024-07,11084.2
C00220,2024-08,11084.2
C00220,2024-09,11084.2
C00220,2024-10,11084.2
C00220,2024-11,11084.2
C00220,2024-12,11084.2
C00220,2025-01,11084.2
C00220,2025-02,11084.2
C00220,2025-03,11084.2
C00220,2025-04,11084.2
C00220,2025-05,11084.2
C00220,2025-06,11084.2
C00221,2023-04,9102.81
C00221,2023-05,9102.81
C00221,2023-06,9102.81
C00221,2023-07,9102.81
C00221,2023-08,9102.81
C00221,2023-09,9102.81
C00221,2023-10,9102.81
C00221,2023-11,9102.81
C00221,2023-12,9102.81
C00221,2024-01,9102.81
C00221,2024-02,9102.81
C00221,2024-03,9102.81
C00221,2024-04,9102.81
C00221,2024-05,9102.81
C00221,2024-06,9102.81
C00221,2024-07,9102.81
C00221,2024-08,9102.81
C00221,2024-09,9102.81
C00221,2024-10,9102.81
C00221,2024-11,9102.81
C00221,2024-12,9102.81
C00221,2025-01,9102.81
C00221,2025-02,9102.81
C00221,2025-03,9102.81
C00221,2025-04,9102.81
C00221,2025-05,9102.81
C00221,2025-06,9102.81
C00221,2025-07,9102.81
C00221,2025-08,9102.81
C00221,2025-09,9102.81
C00221,2025-10,9102.81
C00221,2025-11,9102.81
C00221,2025-12,9102.81
C00221,2026-01,9102.81
C00221,2026-02,9102.81
C00221,2026-03,9102.81
C00221,2026-04,9102.81
C00221,2026-05,9102.81
C00221,2026-06,9102.81
C00222,2023-04,34547.11
C00222,2023-05,34547.11
C00222,2023-06,34547.11
C00222,2023-07,34547.11
C00222,2023-08,24619.52
C00222,2023-09,24619.52
C00222,2023-10,24619.52
C00222,2023-11,24619.52
C00222,2023-12,24619.52
C00222,2024-01,24619.52
C00222,2024-02,24619.52
C00222,2024-03,24619.52
C00222,2024-04,24619.52
C00222,2024-05,24619.52
C00222,2024-06,24619.52
C00222,2024-07,24619.52
C00222,2024-08,24619.52
C00222,2024-09,24619.52
C00222,2024-10,24619.52
C00222,2024-11,24619.52
C00222,2024-12,24619.52
C00223,2023-04,9911.88
C00223,2023-05,9911.88
C00223,2023-06,9911.88
C00223,2023-07,9911.88
C00223,2023-08,9911.88
C00223,2023-09,9911.88
C00223,2023-10,9911.88
C00223,2023-11,9911.88
C00223,2023-12,9911.88
C00223,2024-01,9911.88
C00223,2024-02,9911.88
C00223,2024-03,9911.88
C00223,2024-04,9911.88
C00223,2024-05,9911.88
C00223,2024-06,9911.88
C00223,2024-07,9911.88
C00223,2024-08,9911.88
C00223,2024-09,9911.88
C00223,2024-10,9911.88
C00223,2024-11,9911.88
C00223,2024-12,9911.88
C00223,2025-01,9911.88
C00223,2025-02,9911.88
C00223,2025-03,9911.88
C00223,2025-04,9911.88
C00223,2025-05,9911.88
C00223,2025-06,9911.88
C00223,2025-07,9911.88
C00223,2025-08,9911.88
C00223,2025-09,9911.88
C00223,2025-10,9911.88
C00223,2025-11,9911.88
C00223,2025-12,9911.88
C00223,2026-01,9911.88
C00223,2026-02,9911.88
C00223,2026-03,9911.88
C00223,2026-04,9911.88
C00223,2026-05,9911.88
C00223,2026-06,9911.88
C00224,2023-04,56733.5
C00224,2023-05,56733.5
C00224,2023-06,56733.5
C00224,2023-07,56733.5
C00224,2023-08,56733.5
C00224,2023-09,56733.5
C00224,2023-10,56733.5
C00224,2023-11,56733.5
C00224,2023-12,56733.5
C00225,2023-04,7135.63
C00225,2023-05,7135.63
C00225,2023-06,7135.63
C00225,2023-07,7135.63
C00225,2023-08,7135.63
C00225,2023-09,7135.63
C00225,2023-10,7135.63
C00225,2023-11,7135.63
C00225,2023-12,7135.63
C00225,2024-01,7135.63
C00225,2024-02,7135.63
C00225,2024-03,7135.63
C00225,2024-04,7135.63
C00225,2024-05,5776.25
C00225,2024-06,5776.25
C00225,2024-07,5776.25
C00225,2024-08,5776.25
C00225,2024-09,5776.25
C00225,2024-10,5776.25
C00225,2024-11,5776.25
C00225,2024-12,5776.25
C00225,2025-01,5776.25
C00225,2025-02,5776.25
C00225,2025-03,5776.25
C00225,2025-04,5776.25
C00225,2025-05,5776.25
C00225,2025-06,5776.25
C00225,2025-07,5776.25
C00225,2025-08,5776.25
C00225,2025-09,5776.25
C00225,2025-10,5776.25
C00225,2025-11,5776.25
C00225,2025-12,5776.25
C00225,2026-01,5776.25
C00225,2026-02,5776.25
C00225,2026-03,5776.25
C00225,2026-04,5776.25
C00225,2026-05,5776.25
C00226,2023-04,2872.87
C00226,2023-05,2872.87
C00226,2023-06,2872.87
C00226,2023-07,2872.87
C00227,2023-04,3707.23
C00227,2023-05,3707.23
C00227,2023-06,3707.23
C00227,2023-07,3707.23
C00227,2023-08,3707.23
C00227,2023-09,3707.23
C00227,2023-10,3707.23
C00227,2023-11,3707.23
C00227,2023-12,3707.23
C00227,2024-01,3707.23
C00227,2024-02,3707.23
C00227,2024-03,3707.23
C00227,2024-04,3707.23
C00227,2024-05,3707.23
C00227,2024-06,3707.23
C00227,2024-07,3707.23
C00227,2024-08,3707.23
C00227,2024-09,3707.23
C00227,2024-10,3707.23
C00227,2024-11,3707.23
C00227,2024-12,3707.23
C00227,2025-01,3707.23
C00227,2025-02,3707.23
C00227,2025-03,3707.23
C00227,2025-04,3707.23
C00227,2025-05,3707.23
C00227,2025-06,3707.23
C00227,2025-07,3707.23
C00227,2025-08,3707.23
C00227,2025-09,3707.23
C00227,2025-10,3707.23
C00227,2025-11,3707.23
C00227,2025-12,3707.23
C00227,2026-01,3707.23
C00227,2026-02,3707.23
C00227,2026-03,3707.23
C00227,2026-04,3707.23
C00227,2026-05,3707.23
C00227,2026-06,3707.23
C00228,2023-04,7058.34
C00228,2023-05,7058.34
C00228,2023-06,7058.34
C00228,2023-07,7058.34
C00228,2023-08,7058.34
C00228,2023-09,7058.34
C00228,2023-10,7058.34
C00228,2023-11,7058.34
C00228,2023-12,7058.34
C00228,2024-01,7058.34
C00228,2024-02,7058.34
C00228,2024-03,7058.34
C00228,2024-04,7058.34
C00228,2024-05,7058.34
C00228,2024-06,6058.4
C00228,2024-07,6058.4
C00228,2024-08,6058.4
C00228,2024-09,6058.4
C00228,2024-10,6058.4
C00228,2024-11,6058.4
C00229,2023-05,39880.87
C00229,2023-06,39880.87
C00229,2023-07,39880.87
C00229,2023-08,39880.87
C00229,2023-09,39880.87
C00229,2023-10,39880.87
C00229,2023-11,39880.87
C00229,2023-12,39880.87
C00229,2024-01,39880.87
C00229,2024-02,39880.87
C00230,2023-05,56853.95
C00230,2023-06,56853.95
C00230,2023-07,56853.95
C00230,2023-08,56853.95
C00230,2023-09,56853.95
C00230,2023-10,56853.95
C00230,2023-11,56853.95
C00230,2023-12,56853.95
C00230,2024-01,56853.95
C00230,2024-02,56853.95
C00230,2024-03,56853.95
C00230,2024-04,56853.95
C00230,2024-05,56853.95
C00230,2024-06,56853.95
C00230,2024-07,56853.95
C00230,2024-08,56853.95
C00230,2024-09,56853.95
C00230,2024-10,56853.95
C00230,2024-11,56853.95
C00230,2024-12,56853.95
C00230,2025-01,56853.95
C00230,2025-02,56853.95
C00230,2025-03,56853.95
C00230,2025-04,56853.95
C00230,2025-05,56853.95
C00230,2025-06,56853.95
C00230,2025-07,56853.95
C00230,2025-08,56853.95
C00230,2025-09,56853.95
C00230,2025-10,56853.95
C00230,2025-11,56853.95
C00230,2025-12,56853.95
C00230,2026-01,56853.95
C00230,2026-02,56853.95
C00230,2026-03,56853.95
C00230,2026-04,56853.95
C00230,2026-05,56853.95
C00230,2026-06,56853.95
C00231,2023-05,35528.63
C00231,2023-06,35528.63
C00231,2023-07,35528.63
C00231,2023-08,35528.63
C00231,2023-09,35528.63
C00231,2023-10,35528.63
C00231,2023-11,35528.63
C00231,2023-12,35528.63
C00231,2024-01,35528.63
C00231,2024-02,35528.63
C00231,2024-03,35528.63
C00231,2024-04,35528.63
C00231,2024-05,35528.63
C00231,2024-06,35528.63
C00231,2024-07,35528.63
C00231,2024-08,35528.63
C00231,2024-09,46847.07
C00231,2024-10,46847.07
C00231,2024-11,46847.07
C00231,2024-12,46847.07
C00231,2025-01,46847.07
C00231,2025-02,46847.07
C00231,2025-03,46847.07
C00231,2025-04,46847.07
C00231,2025-05,46847.07
C00231,2025-06,46847.07
C00231,2025-07,46847.07
C00231,2025-08,46847.07
C00231,2025-09,46847.07
C00231,2025-10,46847.07
C00231,2025-11,46847.07
C00231,2025-12,46847.07
C00231,2026-01,46847.07
C00231,2026-02,46847.07
C00231,2026-03,46847.07
C00231,2026-04,46847.07
C00231,2026-05,46847.07
C00231,2026-06,46847.07
C00232,2023-05,48176.16
C00232,2023-06,36087.95
C00232,2023-07,36087.95
C00232,2023-08,36087.95
C00233,2023-05,159724.5
C00233,2023-06,159724.5
C00233,2023-07,159724.5
C00233,2023-08,159724.5
C00233,2023-09,159724.5
C00233,2023-10,159724.5
C00233,2023-11,159724.5
C00233,2023-12,159724.5
C00233,2024-01,159724.5
C00233,2024-02,159724.5
C00233,2024-03,159724.5
C00233,2024-04,159724.5
C00233,2024-05,159724.5
C00233,2024-06,159724.5
C00233,2024-07,159724.5
C00233,2024-08,197531.03
C00233,2024-09,197531.03
C00233,2024-10,197531.03
C00233,2024-11,197531.03
C00233,2024-12,197531.03
C00233,2025-01,197531.03
C00233,2025-02,197531.03
C00233,2025-03,197531.03
C00233,2025-04,197531.03
C00233,2025-05,197531.03
C00233,2025-06,197531.03
C00233,2025-07,197531.03
C00233,2025-08,197531.03
C00233,2025-09,197531.03
C00233,2025-10,197531.03
C00233,2025-11,197531.03
C00233,2025-12,197531.03
C00233,2026-01,197531.03
C00233,2026-02,197531.03
C00233,2026-03,197531.03
C00233,2026-04,197531.03
C00233,2026-05,197531.03
C00233,2026-06,197531.03
C00234,2023-05,56713.28
C00234,2023-06,56713.28
C00234,2023-07,56713.28
C00234,2023-08,56713.28
C00234,2023-09,56713.28
C00234,2023-10,56713.28
C00234,2023-11,56713.28
C00234,2023-12,56713.28
C00234,2024-01,56713.28
C00234,2024-02,56713.28
C00234,2024-03,56713.28
C00234,2024-04,56713.28
C00234,2024-05,56713.28
C00234,2024-06,56713.28
C00234,2024-07,56713.28
C00234,2024-08,56713.28
C00234,2024-09,56713.28
C00234,2024-10,56713.28
C00234,2024-11,56713.28
C00234,2024-12,56713.28
C00234,2025-01,56713.28
C00234,2025-02,56713.28
C00234,2025-03,56713.28
C00234,2025-04,56713.28
C00234,2025-05,56713.28
C00234,2025-06,56713.28
C00234,2025-07,56713.28
C00234,2025-08,56713.28
C00234,2025-09,56713.28
C00234,2025-10,56713.28
C00234,2025-11,56713.28
C00234,2025-12,56713.28
C00234,2026-01,56713.28
C00234,2026-02,56713.28
C00234,2026-03,56713.28
C00234,2026-04,56713.28
C00234,2026-05,56713.28
C00234,2026-06,56713.28
C00235,2023-05,53936.3
C00235,2023-06,53936.3
C00235,2023-07,53936.3
C00235,2023-08,53936.3
C00235,2023-09,53936.3
C00235,2023-10,53936.3
C00235,2023-11,53936.3
C00235,2023-12,53936.3
C00235,2024-01,53936.3
C00235,2024-02,53936.3
C00235,2024-03,53936.3
C00235,2024-04,53936.3
C00235,2024-05,53936.3
C00235,2024-06,53936.3
C00235,2024-07,53936.3
C00235,2024-08,53936.3
C00235,2024-09,53936.3
C00235,2024-10,53936.3
C00235,2024-11,53936.3
C00236,2023-05,66847.25
C00236,2023-06,66847.25
C00236,2023-07,66847.25
C00236,2023-08,66847.25
C00236,2023-09,66847.25
C00236,2023-10,66847.25
C00236,2023-11,66847.25
C00236,2023-12,66847.25
C00236,2024-01,66847.25
C00236,2024-02,66847.25
C00236,2024-03,66847.25
C00236,2024-04,66847.25
C00236,2024-05,66847.25
C00236,2024-06,66847.25
C00236,2024-07,66847.25
C00236,2024-08,66847.25
C00236,2024-09,66847.25
C00236,2024-10,66847.25
C00236,2024-11,66847.25
C00236,2024-12,66847.25
C00236,2025-01,66847.25
C00236,2025-02,66847.25
C00236,2025-03,66847.25
C00236,2025-04,66847.25
C00236,2025-05,66847.25
C00236,2025-06,66847.25
C00236,2025-07,66847.25
C00236,2025-08,66847.25
C00236,2025-09,66847.25
C00236,2025-10,66847.25
C00236,2025-11,66847.25
C00236,2025-12,66847.25
C00236,2026-01,66847.25
C00236,2026-02,66847.25
C00236,2026-03,66847.25
C00236,2026-04,66847.25
C00236,2026-05,66847.25
C00236,2026-06,66847.25
C00237,2023-05,4607.67
C00237,2023-06,4607.67
C00237,2023-07,4607.67
C00237,2023-08,4607.67
C00237,2023-09,4607.67
C00237,2023-10,4607.67
C00237,2023-11,4607.67
C00237,2023-12,3543.56
C00237,2024-01,3543.56
C00237,2024-02,3543.56
C00237,2024-03,3543.56
C00237,2024-04,3543.56
C00237,2024-05,3543.56
C00237,2024-06,3543.56
C00237,2024-07,3543.56
C00237,2024-08,3543.56
C00237,2024-09,3543.56
C00237,2024-10,3543.56
C00237,2024-11,3543.56
C00237,2024-12,3543.56
C00237,2025-01,3543.56
C00237,2025-02,3543.56
C00237,2025-03,3543.56
C00237,2025-04,3543.56
C00237,2025-05,3543.56
C00237,2025-06,3543.56
C00237,2025-07,3543.56
C00237,2025-08,3543.56
C00237,2025-09,3543.56
C00237,2025-10,3543.56
C00237,2025-11,3543.56
C00237,2025-12,3543.56
C00237,2026-01,3543.56
C00237,2026-02,3543.56
C00237,2026-03,3543.56
C00237,2026-04,3543.56
C00237,2026-05,3543.56
C00237,2026-06,3543.56
C00238,2023-05,3607.92
C00238,2023-06,3607.92
C00238,2023-07,3607.92
C00238,2023-08,3607.92
C00238,2023-09,3607.92
C00238,2023-10,3607.92
C00238,2023-11,3607.92
C00238,2023-12,3607.92
C00238,2024-01,3607.92
C00238,2024-02,3607.92
C00239,2023-05,7917.2
C00239,2023-06,7917.2
C00239,2023-07,7917.2
C00239,2023-08,7917.2
C00239,2023-09,7917.2
C00239,2023-10,7917.2
C00239,2023-11,7917.2
C00239,2023-12,7917.2
C00239,2024-01,7917.2
C00239,2024-02,7917.2
C00239,2024-03,7917.2
C00239,2024-04,7917.2
C00239,2024-05,7917.2
C00239,2024-06,7917.2
C00239,2024-07,7917.2
C00239,2024-08,7917.2
C00239,2024-09,7917.2
C00239,2024-10,7917.2
C00239,2024-11,7917.2
C00239,2024-12,7917.2
C00239,2025-01,7917.2
C00239,2025-02,7917.2
C00239,2025-03,7917.2
C00239,2025-04,7917.2
C00240,2023-05,9305.11
C00240,2023-06,9305.11
C00240,2023-07,9305.11
C00240,2023-08,9305.11
C00240,2023-09,9305.11
C00240,2023-10,9305.11
C00240,2023-11,9305.11
C00240,2023-12,9305.11
C00240,2024-01,9305.11
C00240,2024-02,9305.11
C00240,2024-03,9305.11
C00240,2024-04,9305.11
C00240,2024-05,9305.11
C00240,2024-06,9305.11
C00240,2024-07,9305.11
C00240,2024-08,9305.11
C00240,2024-09,9305.11
C00240,2024-10,9305.11
C00240,2024-11,9305.11
C00240,2024-12,9305.11
C00240,2025-01,9305.11
C00240,2025-02,9305.11
C00240,2025-03,9305.11
C00240,2025-04,9305.11
C00240,2025-05,9305.11
C00240,2025-06,9305.11
C00240,2025-07,9305.11
C00240,2025-08,9305.11
C00240,2025-09,9305.11
C00240,2025-10,9305.11
C00240,2025-11,9305.11
C00240,2025-12,9305.11
C00240,2026-01,9305.11
C00240,2026-02,9305.11
C00240,2026-03,9305.11
C00240,2026-04,9305.11
C00240,2026-05,9305.11
C00240,2026-06,9305.11
C00241,2023-05,135767.74
C00241,2023-06,135767.74
C00241,2023-07,135767.74
C00241,2023-08,135767.74
C00241,2023-09,135767.74
C00241,2023-10,135767.74
C00241,2023-11,135767.74
C00241,2023-12,135767.74
C00241,2024-01,135767.74
C00241,2024-02,135767.74
C00241,2024-03,135767.74
C00241,2024-04,135767.74
C00241,2024-05,135767.74
C00241,2024-06,135767.74
C00241,2024-07,135767.74
C00241,2024-08,135767.74
C00241,2024-09,135767.74
C00241,2024-10,135767.74
C00241,2024-11,135767.74
C00241,2024-12,135767.74
C00241,2025-01,135767.74
C00241,2025-02,135767.74
C00241,2025-03,135767.74
C00241,2025-04,135767.74
C00241,2025-05,135767.74
C00241,2025-06,135767.74
C00241,2025-07,135767.74
C00241,2025-08,135767.74
C00241,2025-09,135767.74
C00241,2025-10,135767.74
C00241,2025-11,135767.74
C00241,2025-12,135767.74
C00241,2026-01,135767.74
C00241,2026-02,135767.74
C00241,2026-03,135767.74
C00241,2026-04,135767.74
C00241,2026-05,135767.74
C00241,2026-06,135767.74
C00242,2023-05,7607.03
C00242,2023-06,7607.03
C00242,2023-07,7607.03
C00242,2023-08,7607.03
C00242,2023-09,7607.03
C00242,2023-10,7607.03
C00242,2023-11,7607.03
C00242,2023-12,7607.03
C00242,2024-01,7607.03
C00242,2024-02,7607.03
C00242,2024-03,7607.03
C00242,2024-04,7607.03
C00242,2024-05,7607.03
C00242,2024-06,7607.03
C00243,2023-05,3532.64
C00243,2023-06,3532.64
C00243,2023-07,3532.64
C00243,2023-08,3532.64
C00243,2023-09,3532.64
C00243,2023-10,3532.64
C00243,2023-11,3532.64
C00243,2023-12,3532.64
C00243,2024-01,3532.64
C00243,2024-02,3532.64
C00243,2024-03,3532.64
C00243,2024-04,3532.64
C00243,2024-05,3532.64
C00243,2024-06,3532.64
C00243,2024-07,3532.64
C00243,2024-08,3532.64
C00243,2024-09,3532.64
C00243,2024-10,3532.64
C00243,2024-11,3532.64
C00243,2024-12,3532.64
C00243,2025-01,3532.64
C00243,2025-02,3532.64
C00243,2025-03,3532.64
C00243,2025-04,3532.64
C00243,2025-05,3532.64
C00243,2025-06,3532.64
C00243,2025-07,3532.64
C00243,2025-08,3532.64
C00243,2025-09,3532.64
C00243,2025-10,3532.64
C00243,2025-11,3532.64
C00243,2025-12,3532.64
C00243,2026-01,3532.64
C00243,2026-02,3532.64
C00243,2026-03,3532.64
C00244,2023-05,7932.73
C00244,2023-06,7932.73
C00244,2023-07,7932.73
C00244,2023-08,6778.28
C00244,2023-09,6778.28
C00244,2023-10,6778.28
C00244,2023-11,6778.28
C00244,2023-12,6778.28
C00244,2024-01,6778.28
C00244,2024-02,6778.28
C00244,2024-03,6778.28
C00244,2024-04,6778.28
C00244,2024-05,6778.28
C00244,2024-06,6778.28
C00244,2024-07,6778.28
C00244,2024-08,6778.28
C00244,2024-09,6778.28
C00244,2024-10,6778.28
C00244,2024-11,6778.28
C00244,2024-12,6778.28
C00244,2025-01,6778.28
C00244,2025-02,6778.28
C00244,2025-03,6778.28
C00244,2025-04,6778.28
C00244,2025-05,6778.28
C00244,2025-06,6778.28
C00244,2025-07,6778.28
C00244,2025-08,6778.28
C00244,2025-09,6778.28
C00244,2025-10,6778.28
C00244,2025-11,6778.28
C00244,2025-12,6778.28
C00244,2026-01,6778.28
C00244,2026-02,6778.28
C00244,2026-03,6778.28
C00244,2026-04,6778.28
C00244,2026-05,6778.28
C00244,2026-06,6778.28
C00245,2023-05,58820.89
C00245,2023-06,58820.89
C00245,2023-07,58820.89
C00245,2023-08,58820.89
C00245,2023-09,58820.89
C00245,2023-10,58820.89
C00245,2023-11,58820.89
C00245,2023-12,58820.89
C00245,2024-01,58820.89
C00245,2024-02,58820.89
C00245,2024-03,58820.89
C00245,2024-04,58820.89
C00245,2024-05,58820.89
C00245,2024-06,58820.89
C00245,2024-07,58820.89
C00245,2024-08,58820.89
C00245,2024-09,58820.89
C00245,2024-10,58820.89
C00245,2024-11,58820.89
C00245,2024-12,58820.89
C00245,2025-01,58820.89
C00245,2025-02,58820.89
C00245,2025-03,58820.89
C00245,2025-04,58820.89
C00245,2025-05,58820.89
C00246,2023-05,50804.73
C00246,2023-06,50804.73
C00246,2023-07,50804.73
C00246,2023-08,50804.73
C00246,2023-09,50804.73
C00246,2023-10,50804.73
C00246,2023-11,50804.73
C00246,2023-12,50804.73
C00246,2024-01,50804.73
C00246,2024-02,50804.73
C00246,2024-03,50804.73
C00246,2024-04,50804.73
C00246,2024-05,50804.73
C00246,2024-06,50804.73
C00246,2024-07,50804.73
C00246,2024-08,50804.73
C00246,2024-09,50804.73
C00246,2024-10,50804.73
C00246,2024-11,50804.73
C00246,2024-12,50804.73
C00246,2025-01,50804.73
C00246,2025-02,50804.73
C00246,2025-03,50804.73
C00246,2025-04,50804.73
C00246,2025-05,50804.73
C00246,2025-06,50804.73
C00246,2025-07,50804.73
C00246,2025-08,50804.73
C00246,2025-09,50804.73
C00246,2025-10,50804.73
C00246,2025-11,50804.73
C00246,2025-12,50804.73
C00246,2026-01,50804.73
C00246,2026-02,50804.73
C00246,2026-03,50804.73
C00246,2026-04,50804.73
C00246,2026-05,50804.73
C00246,2026-06,50804.73
C00247,2023-05,11111.37
C00247,2023-06,11111.37
C00247,2023-07,11111.37
C00247,2023-08,11111.37
C00247,2023-09,11111.37
C00247,2023-10,11111.37
C00247,2023-11,11111.37
C00247,2023-12,11111.37
C00247,2024-01,11111.37
C00247,2024-02,11111.37
C00247,2024-03,11111.37
C00247,2024-04,11111.37
C00247,2024-05,11111.37
C00247,2024-06,11111.37
C00247,2024-07,11111.37
C00247,2024-08,11111.37
C00247,2024-09,11111.37
C00247,2024-10,11111.37
C00247,2024-11,11111.37
C00247,2024-12,11111.37
C00247,2025-01,11111.37
C00247,2025-02,11111.37
C00247,2025-03,11111.37
C00247,2025-04,11111.37
C00247,2025-05,11111.37
C00247,2025-06,11111.37
C00247,2025-07,11111.37
C00247,2025-08,11111.37
C00247,2025-09,11111.37
C00247,2025-10,11111.37
C00247,2025-11,11111.37
C00247,2025-12,11111.37
C00247,2026-01,11111.37
C00247,2026-02,11111.37
C00247,2026-03,11111.37
C00247,2026-04,11111.37
C00247,2026-05,11111.37
C00247,2026-06,11111.37
C00248,2023-05,2472.52
C00248,2023-06,2472.52
C00248,2023-07,2472.52
C00248,2023-08,2472.52
C00248,2023-09,2472.52
C00248,2023-10,2472.52
C00248,2023-11,2472.52
C00248,2023-12,2472.52
C00248,2024-01,2472.52
C00248,2024-02,2472.52
C00248,2024-03,2472.52
C00248,2024-04,2472.52
C00248,2024-05,2472.52
C00248,2024-06,2472.52
C00248,2024-07,2472.52
C00248,2024-08,2472.52
C00248,2024-09,2472.52
C00248,2024-10,2472.52
C00248,2024-11,2472.52
C00248,2024-12,2472.52
C00248,2025-01,2472.52
C00248,2025-02,2472.52
C00248,2025-03,2472.52
C00248,2025-04,2472.52
C00248,2025-05,2472.52
C00248,2025-06,2472.52
C00248,2025-07,2472.52
C00248,2025-08,2472.52
C00248,2025-09,2472.52
C00248,2025-10,2472.52
C00248,2025-11,2868.18
C00248,2025-12,2868.18
C00248,2026-01,2868.18
C00248,2026-02,2868.18
C00248,2026-03,2868.18
C00248,2026-04,2868.18
C00248,2026-05,2868.18
C00248,2026-06,2868.18
C00249,2023-05,11547.6
C00249,2023-06,11547.6
C00249,2023-07,11547.6
C00249,2023-08,11547.6
C00249,2023-09,11547.6
C00249,2023-10,11547.6
C00249,2023-11,11547.6
C00249,2023-12,11547.6
C00249,2024-01,11547.6
C00249,2024-02,11547.6
C00249,2024-03,11547.6
C00249,2024-04,11547.6
C00249,2024-05,11547.6
C00249,2024-06,11547.6
C00249,2024-07,11547.6
C00250,2023-06,3385.15
C00250,2023-07,3385.15
C00250,2023-08,3385.15
C00250,2023-09,3385.15
C00250,2023-10,3385.15
C00250,2023-11,3385.15
C00250,2023-12,3385.15
C00250,2024-01,3385.15
C00250,2024-02,3385.15
C00251,2023-06,2414.77
C00251,2023-07,2414.77
C00251,2023-08,2414.77
C00251,2023-09,2414.77
C00251,2023-10,2414.77
C00251,2023-11,2414.77
C00251,2023-12,2414.77
C00251,2024-01,2414.77
C00251,2024-02,2414.77
C00251,2024-03,2414.77
C00251,2024-04,2414.77
C00251,2024-05,2414.77
C00251,2024-06,2414.77
C00251,2024-07,2414.77
C00251,2024-08,2414.77
C00251,2024-09,2414.77
C00251,2024-10,2414.77
C00251,2024-11,2414.77
C00251,2024-12,2414.77
C00251,2025-01,2414.77
C00251,2025-02,2414.77
C00251,2025-03,2414.77
C00251,2025-04,2414.77
C00251,2025-05,2414.77
C00251,2025-06,2414.77
C00251,2025-07,2414.77
C00251,2025-08,2414.77
C00251,2025-09,2414.77
C00251,2025-10,2414.77
C00251,2025-11,2414.77
C00251,2025-12,2414.77
C00251,2026-01,2414.77
C00251,2026-02,2414.77
C00251,2026-03,2414.77
C00251,2026-04,2414.77
C00251,2026-05,2414.77
C00251,2026-06,2414.77
C00252,2023-06,239586.75
C00252,2023-07,239586.75
C00252,2023-08,239586.75
C00252,2023-09,239586.75
C00252,2023-10,239586.75
C00252,2023-11,239586.75
C00252,2023-12,239586.75
C00252,2024-01,239586.75
C00252,2024-02,239586.75
C00252,2024-03,239586.75
C00252,2024-04,239586.75
C00252,2024-05,239586.75
C00252,2024-06,239586.75
C00252,2024-07,239586.75
C00252,2024-08,239586.75
C00252,2024-09,239586.75
C00252,2024-10,294442.4
C00252,2024-11,323264.69
C00252,2024-12,323264.69
C00252,2025-01,323264.69
C00252,2025-02,323264.69
C00252,2025-03,323264.69
C00252,2025-04,323264.69
C00252,2025-05,323264.69
C00252,2025-06,392173.63
C00252,2025-07,392173.63
C00252,2025-08,392173.63
C00252,2025-09,351947.91
C00252,2025-10,351947.91
C00252,2025-11,351947.91
C00252,2025-12,351947.91
C00252,2026-01,351947.91
C00252,2026-02,351947.91
C00252,2026-03,351947.91
C00252,2026-04,351947.91
C00252,2026-05,351947.91
C00252,2026-06,351947.91
C00253,2023-06,206659.29
C00253,2023-07,206659.29
C00253,2023-08,206659.29
C00253,2023-09,206659.29
C00253,2023-10,206659.29
C00253,2023-11,206659.29
C00253,2023-12,206659.29
C00253,2024-01,206659.29
C00253,2024-02,206659.29
C00254,2023-06,2612.97
C00254,2023-07,2612.97
C00254,2023-08,2612.97
C00254,2023-09,2612.97
C00254,2023-10,2612.97
C00254,2023-11,2612.97
C00254,2023-12,2612.97
C00254,2024-01,2612.97
C00254,2024-02,2612.97
C00254,2024-03,2612.97
C00254,2024-04,2612.97
C00254,2024-05,2612.97
C00254,2024-06,2612.97
C00254,2024-07,2612.97
C00254,2024-08,2612.97
C00254,2024-09,2612.97
C00254,2024-10,2612.97
C00254,2024-11,2612.97
C00254,2024-12,2612.97
C00254,2025-01,2612.97
C00254,2025-02,2612.97
C00254,2025-03,2612.97
C00254,2025-04,2612.97
C00254,2025-05,2612.97
C00254,2025-06,2612.97
C00254,2025-07,2612.97
C00254,2025-08,2612.97
C00254,2025-09,2612.97
C00254,2025-10,2612.97
C00254,2025-11,2612.97
C00254,2025-12,2612.97
C00254,2026-01,2612.97
C00254,2026-02,2612.97
C00255,2023-06,3153.19
C00255,2023-07,3153.19
C00255,2023-08,3153.19
C00255,2023-09,3153.19
C00255,2023-10,3153.19
C00255,2023-11,3153.19
C00255,2023-12,3153.19
C00255,2024-01,3153.19
C00255,2024-02,3153.19
C00255,2024-03,3153.19
C00255,2024-04,3153.19
C00255,2024-05,3153.19
C00255,2024-06,3153.19
C00255,2024-07,3153.19
C00255,2024-08,3153.19
C00255,2024-09,3153.19
C00255,2024-10,3153.19
C00255,2024-11,3153.19
C00255,2024-12,3153.19
C00255,2025-01,3153.19
C00255,2025-02,3153.19
C00255,2025-03,3153.19
C00255,2025-04,3153.19
C00255,2025-05,3153.19
C00255,2025-06,3153.19
C00255,2025-07,3153.19
C00255,2025-08,3153.19
C00255,2025-09,3153.19
C00255,2025-10,3153.19
C00255,2025-11,3153.19
C00255,2025-12,3153.19
C00255,2026-01,3153.19
C00255,2026-02,3153.19
C00255,2026-03,3153.19
C00255,2026-04,3153.19
C00255,2026-05,3153.19
C00255,2026-06,3153.19
C00256,2023-06,37336.57
C00256,2023-07,37336.57
C00256,2023-08,37336.57
C00256,2023-09,37336.57
C00256,2023-10,37336.57
C00256,2023-11,37336.57
C00256,2023-12,37336.57
C00256,2024-01,37336.57
C00256,2024-02,37336.57
C00256,2024-03,37336.57
C00256,2024-04,37336.57
C00256,2024-05,37336.57
C00256,2024-06,37336.57
C00256,2024-07,37336.57
C00256,2024-08,37336.57
C00256,2024-09,37336.57
C00256,2024-10,37336.57
C00256,2024-11,37336.57
C00256,2024-12,37336.57
C00256,2025-01,37336.57
C00256,2025-02,37336.57
C00256,2025-03,33986.74
C00256,2025-04,33986.74
C00257,2023-06,34650.14
C00257,2023-07,34650.14
C00257,2023-08,34650.14
C00257,2023-09,34650.14
C00257,2023-10,26725.59
C00257,2023-11,26725.59
C00257,2023-12,26725.59
C00257,2024-01,26725.59
C00257,2024-02,26725.59
C00257,2024-03,26725.59
C00257,2024-04,26725.59
C00257,2024-05,26725.59
C00257,2024-06,26725.59
C00257,2024-07,26725.59
C00257,2024-08,26725.59
C00257,2024-09,26725.59
C00257,2024-10,26725.59
C00257,2024-11,26725.59
C00257,2024-12,26725.59
C00257,2025-01,26725.59
C00257,2025-02,26725.59
C00257,2025-03,24579.9
C00257,2025-04,24579.9
C00257,2025-05,24579.9
C00257,2025-06,24579.9
C00257,2025-07,24579.9
C00257,2025-08,24579.9
C00257,2025-09,24579.9
C00257,2025-10,24579.9
C00257,2025-11,24579.9
C00258,2023-06,10865.69
C00258,2023-07,10865.69
C00258,2023-08,10865.69
C00258,2023-09,10865.69
C00258,2023-10,10865.69
C00258,2023-11,10865.69
C00259,2023-06,2711.24
C00259,2023-07,2711.24
C00259,2023-08,2925.81
C00259,2023-09,2925.81
C00259,2023-10,2925.81
C00259,2023-11,2925.81
C00259,2023-12,2925.81
C00259,2024-01,2925.81
C00259,2024-02,2925.81
C00259,2024-03,2925.81
C00259,2024-04,2925.81
C00259,2024-05,2925.81
C00259,2024-06,2925.81
C00259,2024-07,2925.81
C00259,2024-08,2925.81
C00259,2024-09,2925.81
C00259,2024-10,2925.81
C00259,2024-11,2925.81
C00259,2024-12,2925.81
C00259,2025-01,2925.81
C00259,2025-02,2925.81
C00259,2025-03,2925.81
C00259,2025-04,2925.81
C00259,2025-05,2925.81
C00259,2025-06,2925.81
C00259,2025-07,2925.81
C00259,2025-08,2925.81
C00259,2025-09,2925.81
C00259,2025-10,2925.81
C00259,2025-11,2925.81
C00259,2025-12,2925.81
C00259,2026-01,2925.81
C00259,2026-02,2925.81
C00259,2026-03,2925.81
C00259,2026-04,2925.81
C00259,2026-05,2925.81
C00259,2026-06,2925.81
C00260,2023-06,232447.09
C00260,2023-07,232447.09
C00260,2023-08,232447.09
C00260,2023-09,232447.09
C00260,2023-10,232447.09
C00260,2023-11,232447.09
C00260,2023-12,232447.09
C00260,2024-01,232447.09
C00260,2024-02,232447.09
C00260,2024-03,232447.09
C00260,2024-04,232447.09
C00260,2024-05,232447.09
C00260,2024-06,232447.09
C00260,2024-07,232447.09
C00260,2024-08,232447.09
C00260,2024-09,232447.09
C00260,2024-10,232447.09
C00260,2024-11,232447.09
C00260,2024-12,232447.09
C00260,2025-01,232447.09
C00260,2025-02,232447.09
C00260,2025-03,232447.09
C00260,2025-04,232447.09
C00260,2025-05,232447.09
C00260,2025-06,232447.09
C00260,2025-07,232447.09
C00260,2025-08,232447.09
C00260,2025-09,232447.09
C00260,2025-10,232447.09
C00260,2025-11,232447.09
C00260,2025-12,232447.09
C00260,2026-01,307096.26
C00260,2026-02,307096.26
C00260,2026-03,307096.26
C00260,2026-04,307096.26
C00260,2026-05,307096.26
C00260,2026-06,324082.42
C00261,2023-06,13945.96
C00261,2023-07,13945.96
C00261,2023-08,13945.96
C00261,2023-09,13945.96
C00261,2023-10,13945.96
C00261,2023-11,13945.96
C00261,2023-12,13945.96
C00261,2024-01,13945.96
C00261,2024-02,13945.96
C00261,2024-03,13945.96
C00261,2024-04,13945.96
C00261,2024-05,13945.96
C00261,2024-06,13945.96
C00261,2024-07,13945.96
C00261,2024-08,13945.96
C00261,2024-09,13945.96
C00261,2024-10,13945.96
C00261,2024-11,13945.96
C00261,2024-12,13945.96
C00261,2025-01,13945.96
C00261,2025-02,13945.96
C00261,2025-03,13945.96
C00261,2025-04,13945.96
C00261,2025-05,13945.96
C00261,2025-06,13945.96
C00261,2025-07,13945.96
C00261,2025-08,13945.96
C00261,2025-09,13945.96
C00261,2025-10,13945.96
C00261,2025-11,13945.96
C00261,2025-12,13945.96
C00261,2026-01,13945.96
C00261,2026-02,13945.96
C00261,2026-03,13945.96
C00261,2026-04,13945.96
C00261,2026-05,13945.96
C00261,2026-06,13945.96
C00262,2023-06,75895.8
C00262,2023-07,75895.8
C00262,2023-08,75895.8
C00262,2023-09,75895.8
C00262,2023-10,75895.8
C00262,2023-11,75895.8
C00262,2023-12,75895.8
C00262,2024-01,75895.8
C00262,2024-02,75895.8
C00262,2024-03,75895.8
C00262,2024-04,75895.8
C00262,2024-05,75895.8
C00262,2024-06,75895.8
C00262,2024-07,75895.8
C00262,2024-08,75895.8
C00262,2024-09,75895.8
C00262,2024-10,75895.8
C00262,2024-11,75895.8
C00262,2024-12,75895.8
C00262,2025-01,75895.8
C00262,2025-02,75895.8
C00262,2025-03,75895.8
C00262,2025-04,75895.8
C00262,2025-05,75895.8
C00262,2025-06,75895.8
C00262,2025-07,75895.8
C00262,2025-08,75895.8
C00262,2025-09,75895.8
C00262,2025-10,75895.8
C00262,2025-11,75895.8
C00262,2025-12,75895.8
C00262,2026-01,75895.8
C00262,2026-02,75895.8
C00262,2026-03,75895.8
C00262,2026-04,75895.8
C00262,2026-05,75895.8
C00262,2026-06,75895.8
C00263,2023-06,6880.27
C00263,2023-07,6880.27
C00263,2023-08,6880.27
C00263,2023-09,6880.27
C00263,2023-10,6880.27
C00263,2023-11,6880.27
C00263,2023-12,6880.27
C00263,2024-01,6880.27
C00263,2024-02,6880.27
C00263,2024-03,6880.27
C00263,2024-04,6880.27
C00263,2024-05,6880.27
C00263,2024-06,6880.27
C00263,2024-07,6880.27
C00263,2024-08,6880.27
C00263,2024-09,6880.27
C00263,2024-10,6880.27
C00263,2024-11,6880.27
C00263,2024-12,6880.27
C00263,2025-01,6880.27
C00263,2025-02,6880.27
C00263,2025-03,6880.27
C00263,2025-04,6880.27
C00263,2025-05,6880.27
C00263,2025-06,6880.27
C00263,2025-07,6880.27
C00263,2025-08,6880.27
C00264,2023-06,8681.59
C00264,2023-07,8681.59
C00264,2023-08,8681.59
C00264,2023-09,8681.59
C00264,2023-10,8681.59
C00264,2023-11,8681.59
C00264,2023-12,8681.59
C00264,2024-01,8681.59
C00264,2024-02,8681.59
C00264,2024-03,8681.59
C00264,2024-04,8681.59
C00264,2024-05,8681.59
C00264,2024-06,8681.59
C00264,2024-07,8681.59
C00264,2024-08,8681.59
C00264,2024-09,8681.59
C00264,2024-10,8681.59
C00264,2024-11,8681.59
C00264,2024-12,8681.59
C00264,2025-01,8681.59
C00264,2025-02,8681.59
C00264,2025-03,8681.59
C00264,2025-04,8681.59
C00264,2025-05,8681.59
C00264,2025-06,8681.59
C00264,2025-07,8681.59
C00264,2025-08,8681.59
C00264,2025-09,8681.59
C00264,2025-10,8681.59
C00264,2025-11,8681.59
C00264,2025-12,8681.59
C00264,2026-01,8681.59
C00264,2026-02,8681.59
C00264,2026-03,8681.59
C00264,2026-04,8681.59
C00264,2026-05,8681.59
C00264,2026-06,8681.59
C00265,2023-06,5153.34
C00265,2023-07,5153.34
C00265,2023-08,5153.34
C00265,2023-09,5153.34
C00265,2023-10,5153.34
C00265,2023-11,5153.34
C00265,2023-12,5153.34
C00265,2024-01,5153.34
C00265,2024-02,5153.34
C00265,2024-03,5153.34
C00266,2023-06,3099.03
C00266,2023-07,3099.03
C00266,2023-08,3099.03
C00266,2023-09,3099.03
C00266,2023-10,3099.03
C00266,2023-11,3099.03
C00266,2023-12,3099.03
C00266,2024-01,3099.03
C00267,2023-06,5403.07
C00267,2023-07,5403.07
C00267,2023-08,5403.07
C00267,2023-09,5403.07
C00267,2023-10,5403.07
C00267,2023-11,5403.07
C00267,2023-12,5403.07
C00267,2024-01,5403.07
C00267,2024-02,5403.07
C00267,2024-03,5403.07
C00267,2024-04,5403.07
C00267,2024-05,5403.07
C00267,2024-06,5403.07
C00267,2024-07,5403.07
C00267,2024-08,5403.07
C00267,2024-09,5403.07
C00267,2024-10,5403.07
C00267,2024-11,5403.07
C00267,2024-12,5403.07
C00267,2025-01,5403.07
C00267,2025-02,5403.07
C00267,2025-03,5403.07
C00267,2025-04,5403.07
C00267,2025-05,5403.07
C00267,2025-06,5403.07
C00267,2025-07,5403.07
C00267,2025-08,5403.07
C00267,2025-09,5403.07
C00267,2025-10,5403.07
C00267,2025-11,5403.07
C00267,2025-12,5403.07
C00267,2026-01,5403.07
C00267,2026-02,5403.07
C00267,2026-03,5403.07
C00267,2026-04,5403.07
C00267,2026-05,5403.07
C00267,2026-06,5403.07
C00268,2023-06,7882.85
C00268,2023-07,7882.85
C00268,2023-08,7882.85
C00268,2023-09,7882.85
C00268,2023-10,7882.85
C00268,2023-11,7882.85
C00268,2023-12,7882.85
C00268,2024-01,7882.85
C00268,2024-02,7882.85
C00268,2024-03,7882.85
C00268,2024-04,7882.85
C00268,2024-05,7882.85
C00268,2024-06,7882.85
C00268,2024-07,7882.85
C00268,2024-08,7882.85
C00268,2024-09,7882.85
C00268,2024-10,7882.85
C00268,2024-11,7882.85
C00268,2024-12,7882.85
C00268,2025-01,7882.85
C00268,2025-02,7882.85
C00268,2025-03,7882.85
C00268,2025-04,7882.85
C00268,2025-05,7882.85
C00268,2025-06,7882.85
C00268,2025-07,7882.85
C00268,2025-08,7882.85
C00268,2025-09,7882.85
C00268,2025-10,7882.85
C00268,2025-11,7882.85
C00268,2025-12,7882.85
C00268,2026-01,7882.85
C00268,2026-02,7882.85
C00268,2026-03,7882.85
C00268,2026-04,7882.85
C00268,2026-05,7882.85
C00268,2026-06,7882.85
C00269,2023-06,3942.33
C00269,2023-07,3942.33
C00269,2023-08,3942.33
C00269,2023-09,3942.33
C00269,2023-10,3942.33
C00269,2023-11,3942.33
C00269,2023-12,3942.33
C00269,2024-01,4557.31
C00270,2023-06,6344.38
C00270,2023-07,6344.38
C00270,2023-08,6344.38
C00270,2023-09,6344.38
C00270,2023-10,6344.38
C00270,2023-11,6344.38
C00270,2023-12,6344.38
C00270,2024-01,6344.38
C00270,2024-02,6344.38
C00270,2024-03,6344.38
C00270,2024-04,6344.38
C00270,2024-05,6344.38
C00270,2024-06,6344.38
C00270,2024-07,6344.38
C00270,2024-08,6344.38
C00270,2024-09,6344.38
C00270,2024-10,6344.38
C00270,2024-11,6344.38
C00270,2024-12,6344.38
C00270,2025-01,6344.38
C00270,2025-02,6344.38
C00270,2025-03,6344.38
C00270,2025-04,6344.38
C00270,2025-05,6344.38
C00270,2025-06,6344.38
C00270,2025-07,6344.38
C00270,2025-08,6344.38
C00270,2025-09,6344.38
C00270,2025-10,6344.38
C00270,2025-11,6344.38
C00270,2025-12,6344.38
C00270,2026-01,6344.38
C00270,2026-02,6344.38
C00271,2023-06,4729.96
C00271,2023-07,4729.96
C00271,2023-08,4729.96
C00271,2023-09,4729.96
C00271,2023-10,4729.96
C00271,2023-11,4729.96
C00271,2023-12,4729.96
C00271,2024-01,4729.96
C00271,2024-02,4729.96
C00271,2024-03,4729.96
C00271,2024-04,4729.96
C00271,2024-05,4729.96
C00271,2024-06,4729.96
C00271,2024-07,4729.96
C00271,2024-08,4729.96
C00271,2024-09,4729.96
C00271,2024-10,4729.96
C00271,2024-11,4729.96
C00271,2024-12,4729.96
C00271,2025-01,4729.96
C00271,2025-02,4729.96
C00271,2025-03,4729.96
C00271,2025-04,4729.96
C00271,2025-05,4729.96
C00271,2025-06,4729.96
C00271,2025-07,4729.96
C00271,2025-08,4729.96
C00272,2023-07,169308.08
C00272,2023-08,169308.08
C00272,2023-09,169308.08
C00272,2023-10,169308.08
C00272,2023-11,169308.08
C00272,2023-12,169308.08
C00272,2024-01,169308.08
C00272,2024-02,169308.08
C00272,2024-03,169308.08
C00272,2024-04,169308.08
C00272,2024-05,169308.08
C00272,2024-06,169308.08
C00272,2024-07,169308.08
C00272,2024-08,169308.08
C00272,2024-09,169308.08
C00272,2024-10,169308.08
C00272,2024-11,169308.08
C00272,2024-12,169308.08
C00272,2025-01,169308.08
C00272,2025-02,169308.08
C00272,2025-03,169308.08
C00272,2025-04,169308.08
C00272,2025-05,169308.08
C00272,2025-06,169308.08
C00272,2025-07,169308.08
C00272,2025-08,169308.08
C00272,2025-09,169308.08
C00272,2025-10,169308.08
C00272,2025-11,169308.08
C00272,2025-12,169308.08
C00272,2026-01,169308.08
C00272,2026-02,169308.08
C00272,2026-03,169308.08
C00272,2026-04,169308.08
C00272,2026-05,169308.08
C00272,2026-06,169308.08
C00273,2023-07,51406.0
C00273,2023-08,51406.0
C00273,2023-09,51406.0
C00273,2023-10,51406.0
C00273,2023-11,51406.0
C00273,2023-12,51406.0
C00273,2024-01,51406.0
C00273,2024-02,51406.0
C00273,2024-03,51406.0
C00273,2024-04,51406.0
C00273,2024-05,46659.91
C00273,2024-06,46659.91
C00273,2024-07,46659.91
C00273,2024-08,46659.91
C00273,2024-09,46659.91
C00273,2024-10,46659.91
C00273,2024-11,46659.91
C00273,2024-12,46659.91
C00273,2025-01,46659.91
C00273,2025-02,46659.91
C00273,2025-03,46659.91
C00273,2025-04,46659.91
C00273,2025-05,46659.91
C00273,2025-06,46659.91
C00273,2025-07,46659.91
C00273,2025-08,46659.91
C00273,2025-09,46659.91
C00273,2025-10,46659.91
C00273,2025-11,46659.91
C00273,2025-12,46659.91
C00273,2026-01,46659.91
C00273,2026-02,46659.91
C00273,2026-03,46659.91
C00273,2026-04,46659.91
C00273,2026-05,46659.91
C00273,2026-06,46659.91
C00274,2023-07,9319.62
C00274,2023-08,9319.62
C00274,2023-09,9319.62
C00274,2023-10,9319.62
C00274,2023-11,9319.62
C00274,2023-12,9319.62
C00274,2024-01,9319.62
C00274,2024-02,9319.62
C00274,2024-03,9319.62
C00274,2024-04,9319.62
C00274,2024-05,9319.62
C00274,2024-06,9319.62
C00274,2024-07,9319.62
C00274,2024-08,9319.62
C00274,2024-09,9319.62
C00274,2024-10,9319.62
C00274,2024-11,9319.62
C00274,2024-12,9319.62
C00274,2025-01,11606.63
C00274,2025-02,11606.63
C00274,2025-03,11606.63
C00274,2025-04,11606.63
C00274,2025-05,11606.63
C00274,2025-06,11606.63
C00274,2025-07,11606.63
C00274,2025-08,11606.63
C00274,2025-09,11606.63
C00274,2025-10,11606.63
C00274,2025-11,11606.63
C00274,2025-12,11606.63
C00274,2026-01,11606.63
C00274,2026-02,11606.63
C00274,2026-03,11606.63
C00274,2026-04,11606.63
C00274,2026-05,11606.63
C00275,2023-07,20661.51
C00275,2023-08,20661.51
C00275,2023-09,20661.51
C00275,2023-10,20661.51
C00275,2023-11,20661.51
C00275,2023-12,20661.51
C00275,2024-01,20661.51
C00275,2024-02,20661.51
C00275,2024-03,20661.51
C00275,2024-04,20661.51
C00276,2023-07,6506.54
C00276,2023-08,6506.54
C00276,2023-09,6506.54
C00276,2023-10,6506.54
C00276,2023-11,6506.54
C00276,2023-12,6506.54
C00276,2024-01,6506.54
C00276,2024-02,6506.54
C00276,2024-03,6506.54
C00276,2024-04,6506.54
C00276,2024-05,6506.54
C00276,2024-06,6506.54
C00276,2024-07,6506.54
C00276,2024-08,6506.54
C00276,2024-09,6506.54
C00276,2024-10,6506.54
C00276,2024-11,6506.54
C00276,2024-12,6506.54
C00276,2025-01,6506.54
C00276,2025-02,6506.54
C00276,2025-03,6506.54
C00276,2025-04,6506.54
C00276,2025-05,6506.54
C00276,2025-06,6506.54
C00276,2025-07,6506.54
C00276,2025-08,6506.54
C00276,2025-09,6506.54
C00276,2025-10,6506.54
C00276,2025-11,6506.54
C00276,2025-12,6506.54
C00276,2026-01,6506.54
C00276,2026-02,6506.54
C00276,2026-03,6506.54
C00276,2026-04,6506.54
C00276,2026-05,6506.54
C00276,2026-06,6506.54
C00277,2023-07,6024.94
C00277,2023-08,6024.94
C00277,2023-09,6024.94
C00277,2023-10,6024.94
C00277,2023-11,6024.94
C00277,2023-12,6024.94
C00277,2024-01,6024.94
C00277,2024-02,6024.94
C00277,2024-03,6024.94
C00277,2024-04,6024.94
C00277,2024-05,6024.94
C00277,2024-06,6024.94
C00277,2024-07,6024.94
C00277,2024-08,6024.94
C00277,2024-09,6024.94
C00277,2024-10,6024.94
C00277,2024-11,6024.94
C00277,2024-12,6024.94
C00277,2025-01,6024.94
C00277,2025-02,6024.94
C00277,2025-03,6024.94
C00277,2025-04,6024.94
C00277,2025-05,6024.94
C00277,2025-06,6024.94
C00277,2025-07,6024.94
C00277,2025-08,6024.94
C00277,2025-09,6024.94
C00277,2025-10,6024.94
C00277,2025-11,6024.94
C00277,2025-12,6024.94
C00277,2026-01,6024.94
C00277,2026-02,6024.94
C00277,2026-03,6024.94
C00277,2026-04,6024.94
C00277,2026-05,6024.94
C00277,2026-06,6024.94
C00278,2023-07,8305.49
C00279,2023-07,7130.98
C00279,2023-08,7130.98
C00279,2023-09,7130.98
C00279,2023-10,7130.98
C00279,2023-11,7130.98
C00279,2023-12,7130.98
C00279,2024-01,7130.98
C00279,2024-02,7130.98
C00279,2024-03,7130.98
C00279,2024-04,7130.98
C00279,2024-05,7130.98
C00279,2024-06,7130.98
C00279,2024-07,7130.98
C00279,2024-08,7130.98
C00279,2024-09,7130.98
C00279,2024-10,7130.98
C00279,2024-11,7130.98
C00279,2024-12,7130.98
C00279,2025-01,8254.63
C00279,2025-02,8254.63
C00279,2025-03,8254.63
C00279,2025-04,8254.63
C00279,2025-05,8254.63
C00279,2025-06,8254.63
C00279,2025-07,8254.63
C00279,2025-08,8254.63
C00279,2025-09,8254.63
C00279,2025-10,8254.63
C00279,2025-11,8254.63
C00279,2025-12,8254.63
C00279,2026-01,8254.63
C00279,2026-02,8254.63
C00279,2026-03,8254.63
C00280,2023-07,7251.25
C00280,2023-08,7251.25
C00280,2023-09,7251.25
C00280,2023-10,7251.25
C00280,2023-11,7251.25
C00280,2023-12,7251.25
C00280,2024-01,7251.25
C00280,2024-02,7251.25
C00280,2024-03,7251.25
C00280,2024-04,7251.25
C00280,2024-05,7251.25
C00280,2024-06,7251.25
C00280,2024-07,7251.25
C00280,2024-08,7251.25
C00280,2024-09,7251.25
C00280,2024-10,7251.25
C00280,2024-11,7251.25
C00281,2023-07,27221.9
C00281,2023-08,27221.9
C00281,2023-09,27221.9
C00281,2023-10,27221.9
C00281,2023-11,27221.9
C00281,2023-12,27221.9
C00281,2024-01,27221.9
C00281,2024-02,27221.9
C00281,2024-03,22175.78
C00281,2024-04,22175.78
C00281,2024-05,22175.78
C00281,2024-06,22175.78
C00281,2024-07,29345.1
C00281,2024-08,29345.1
C00281,2024-09,29345.1
C00281,2024-10,29345.1
C00281,2024-11,29345.1
C00281,2024-12,29345.1
C00281,2025-01,29345.1
C00281,2025-02,29345.1
C00281,2025-03,29345.1
C00281,2025-04,29345.1
C00281,2025-05,29345.1
C00281,2025-06,29345.1
C00281,2025-07,29345.1
C00281,2025-08,29345.1
C00281,2025-09,29345.1
C00281,2025-10,29345.1
C00281,2025-11,29345.1
C00281,2025-12,29345.1
C00281,2026-01,29345.1
C00281,2026-02,29345.1
C00281,2026-03,29345.1
C00281,2026-04,29345.1
C00281,2026-05,29345.1
C00281,2026-06,29345.1
C00282,2023-07,2118.21
C00282,2023-08,2118.21
C00282,2023-09,2118.21
C00282,2023-10,2118.21
C00282,2023-11,2118.21
C00282,2023-12,2118.21
C00282,2024-01,2118.21
C00282,2024-02,2118.21
C00282,2024-03,2118.21
C00282,2024-04,2118.21
C00282,2024-05,2118.21
C00282,2024-06,2118.21
C00282,2024-07,2118.21
C00282,2024-08,2118.21
C00283,2023-07,160518.5
C00283,2023-08,160518.5
C00283,2023-09,160518.5
C00283,2023-10,160518.5
C00283,2023-11,160518.5
C00283,2023-12,160518.5
C00283,2024-01,160518.5
C00283,2024-02,160518.5
C00283,2024-03,160518.5
C00283,2024-04,160518.5
C00283,2024-05,160518.5
C00283,2024-06,160518.5
C00283,2024-07,160518.5
C00283,2024-08,160518.5
C00283,2024-09,210952.77
C00283,2024-10,210952.77
C00283,2024-11,210952.77
C00283,2024-12,210952.77
C00283,2025-01,210952.77
C00283,2025-02,210952.77
C00283,2025-03,210952.77
C00283,2025-04,210952.77
C00283,2025-05,210952.77
C00283,2025-06,210952.77
C00283,2025-07,210952.77
C00283,2025-08,210952.77
C00283,2025-09,210952.77
C00283,2025-10,210952.77
C00283,2025-11,210952.77
C00283,2025-12,210952.77
C00283,2026-01,210952.77
C00283,2026-02,210952.77
C00283,2026-03,210952.77
C00283,2026-04,210952.77
C00283,2026-05,210952.77
C00283,2026-06,210952.77
C00284,2023-07,4592.08
C00284,2023-08,4592.08
C00284,2023-09,4592.08
C00284,2023-10,4592.08
C00284,2023-11,4592.08
C00284,2023-12,4592.08
C00284,2024-01,4592.08
C00284,2024-02,4592.08
C00284,2024-03,6045.0
C00284,2024-04,6045.0
C00284,2024-05,6045.0
C00284,2024-06,6045.0
C00285,2023-07,130558.55
C00285,2023-08,130558.55
C00285,2023-09,130558.55
C00285,2023-10,130558.55
C00285,2023-11,130558.55
C00285,2023-12,130558.55
C00285,2024-01,130558.55
C00285,2024-02,130558.55
C00285,2024-03,130558.55
C00285,2024-04,130558.55
C00285,2024-05,140379.42
C00285,2024-06,140379.42
C00285,2024-07,140379.42
C00285,2024-08,140379.42
C00286,2023-07,23771.0
C00286,2023-08,23771.0
C00286,2023-09,23771.0
C00286,2023-10,23771.0
C00286,2023-11,23771.0
C00286,2023-12,23771.0
C00286,2024-01,23771.0
C00286,2024-02,23771.0
C00286,2024-03,23771.0
C00286,2024-04,23771.0
C00286,2024-05,23771.0
C00286,2024-06,23771.0
C00286,2024-07,23771.0
C00286,2024-08,23771.0
C00286,2024-09,23771.0
C00286,2024-10,23771.0
C00286,2024-11,23771.0
C00286,2024-12,23771.0
C00286,2025-01,23771.0
C00286,2025-02,23771.0
C00286,2025-03,23771.0
C00286,2025-04,23771.0
C00286,2025-05,23771.0
C00286,2025-06,23771.0
C00286,2025-07,23771.0
C00286,2025-08,23771.0
C00286,2025-09,23771.0
C00286,2025-10,23771.0
C00286,2025-11,23771.0
C00286,2025-12,23771.0
C00286,2026-01,23771.0
C00286,2026-02,23771.0
C00286,2026-03,23771.0
C00286,2026-04,23771.0
C00286,2026-05,23771.0
C00286,2026-06,23771.0
C00287,2023-07,4416.62
C00287,2023-08,4416.62
C00288,2023-07,10211.38
C00288,2023-08,10211.38
C00288,2023-09,10211.38
C00288,2023-10,10211.38
C00288,2023-11,10211.38
C00288,2023-12,10211.38
C00288,2024-01,10211.38
C00288,2024-02,10211.38
C00288,2024-03,10211.38
C00288,2024-04,10211.38
C00288,2024-05,10211.38
C00288,2024-06,10211.38
C00288,2024-07,10211.38
C00288,2024-08,10947.13
C00288,2024-09,10947.13
C00288,2024-10,10947.13
C00288,2024-11,10947.13
C00288,2024-12,10947.13
C00288,2025-01,10947.13
C00288,2025-02,10947.13
C00288,2025-03,10947.13
C00289,2023-07,3013.47
C00289,2023-08,3013.47
C00289,2023-09,3013.47
C00289,2023-10,3013.47
C00289,2023-11,3013.47
C00289,2023-12,3013.47
C00289,2024-01,3013.47
C00290,2023-08,52102.44
C00290,2023-09,52102.44
C00290,2023-10,52102.44
C00290,2023-11,42747.45
C00290,2023-12,42747.45
C00290,2024-01,42747.45
C00290,2024-02,42747.45
C00290,2024-03,42747.45
C00290,2024-04,42747.45
C00290,2024-05,42747.45
C00290,2024-06,42747.45
C00290,2024-07,42747.45
C00290,2024-08,42747.45
C00290,2024-09,42747.45
C00290,2024-10,42747.45
C00290,2024-11,42747.45
C00290,2024-12,42747.45
C00290,2025-01,42747.45
C00290,2025-02,42747.45
C00290,2025-03,42747.45
C00290,2025-04,42747.45
C00290,2025-05,42747.45
C00290,2025-06,42747.45
C00290,2025-07,42747.45
C00290,2025-08,42747.45
C00290,2025-09,42747.45
C00290,2025-10,42747.45
C00290,2025-11,42747.45
C00290,2025-12,42747.45
C00290,2026-01,42747.45
C00290,2026-02,42747.45
C00290,2026-03,42747.45
C00290,2026-04,42747.45
C00290,2026-05,42747.45
C00290,2026-06,42747.45
C00291,2023-08,183786.11
C00291,2023-09,183786.11
C00291,2023-10,183786.11
C00291,2023-11,183786.11
C00291,2023-12,183786.11
C00291,2024-01,183786.11
C00291,2024-02,183786.11
C00291,2024-03,183786.11
C00291,2024-04,183786.11
C00291,2024-05,168630.15
C00291,2024-06,168630.15
C00291,2024-07,168630.15
C00291,2024-08,168630.15
C00291,2024-09,168630.15
C00291,2024-10,168630.15
C00291,2024-11,168630.15
C00291,2024-12,168630.15
C00291,2025-01,168630.15
C00291,2025-02,168630.15
C00291,2025-03,168630.15
C00291,2025-04,168630.15
C00291,2025-05,168630.15
C00291,2025-06,168630.15
C00291,2025-07,168630.15
C00291,2025-08,168630.15
C00291,2025-09,168630.15
C00291,2025-10,168630.15
C00291,2025-11,168630.15
C00291,2025-12,168630.15
C00291,2026-01,168630.15
C00291,2026-02,168630.15
C00291,2026-03,168630.15
C00291,2026-04,168630.15
C00291,2026-05,168630.15
C00291,2026-06,168630.15
C00292,2023-08,32812.06
C00292,2023-09,32812.06
C00292,2023-10,32812.06
C00292,2023-11,32812.06
C00292,2023-12,32812.06
C00292,2024-01,32812.06
C00292,2024-02,32812.06
C00292,2024-03,32812.06
C00292,2024-04,32812.06
C00293,2023-08,3158.21
C00293,2023-09,3158.21
C00293,2023-10,3158.21
C00293,2023-11,3158.21
C00293,2023-12,3158.21
C00293,2024-01,3158.21
C00293,2024-02,3158.21
C00293,2024-03,3158.21
C00293,2024-04,3158.21
C00293,2024-05,3158.21
C00293,2024-06,3158.21
C00293,2024-07,3158.21
C00293,2024-08,3158.21
C00293,2024-09,3158.21
C00293,2024-10,3158.21
C00293,2024-11,3158.21
C00293,2024-12,3158.21
C00293,2025-01,3158.21
C00293,2025-02,3158.21
C00293,2025-03,3158.21
C00293,2025-04,3158.21
C00293,2025-05,3158.21
C00293,2025-06,3158.21
C00293,2025-07,3158.21
C00293,2025-08,2394.63
C00293,2025-09,2394.63
C00293,2025-10,2394.63
C00293,2025-11,2394.63
C00293,2025-12,2394.63
C00293,2026-01,2394.63
C00293,2026-02,2394.63
C00293,2026-03,2394.63
C00293,2026-04,2394.63
C00293,2026-05,2394.63
C00293,2026-06,2394.63
C00294,2023-08,39332.35
C00294,2023-09,39332.35
C00294,2023-10,39332.35
C00294,2023-11,39332.35
C00294,2023-12,39332.35
C00294,2024-01,39332.35
C00294,2024-02,39332.35
C00294,2024-03,39332.35
C00294,2024-04,39332.35
C00294,2024-05,39332.35
C00294,2024-06,39332.35
C00294,2024-07,39332.35
C00294,2024-08,39332.35
C00294,2024-09,39332.35
C00294,2024-10,39332.35
C00294,2024-11,39332.35
C00294,2024-12,39332.35
C00294,2025-01,39332.35
C00294,2025-02,39332.35
C00294,2025-03,39332.35
C00294,2025-04,39332.35
C00294,2025-05,39332.35
C00294,2025-06,39332.35
C00294,2025-07,39332.35
C00294,2025-08,39332.35
C00294,2025-09,39332.35
C00294,2025-10,39332.35
C00294,2025-11,39332.35
C00294,2025-12,39332.35
C00294,2026-01,39332.35
C00294,2026-02,39332.35
C00294,2026-03,39332.35
C00294,2026-04,39332.35
C00294,2026-05,39332.35
C00294,2026-06,39332.35
C00295,2023-08,157664.14
C00295,2023-09,157664.14
C00295,2023-10,157664.14
C00295,2023-11,157664.14
C00295,2023-12,157664.14
C00295,2024-01,157664.14
C00295,2024-02,157664.14
C00296,2023-08,23061.44
C00296,2023-09,23061.44
C00296,2023-10,23061.44
C00296,2023-11,23061.44
C00296,2023-12,23061.44
C00296,2024-01,23061.44
C00296,2024-02,23061.44
C00296,2024-03,23061.44
C00296,2024-04,23061.44
C00296,2024-05,23061.44
C00296,2024-06,23061.44
C00296,2024-07,23061.44
C00296,2024-08,23061.44
C00296,2024-09,23061.44
C00296,2024-10,23061.44
C00296,2024-11,23061.44
C00296,2024-12,23061.44
C00296,2025-01,23061.44
C00296,2025-02,23061.44
C00296,2025-03,23061.44
C00296,2025-04,23061.44
C00296,2025-05,23061.44
C00296,2025-06,23061.44
C00296,2025-07,23061.44
C00296,2025-08,23061.44
C00296,2025-09,23061.44
C00296,2025-10,23061.44
C00296,2025-11,23061.44
C00296,2025-12,23061.44
C00296,2026-01,23061.44
C00296,2026-02,23061.44
C00296,2026-03,23061.44
C00296,2026-04,23061.44
C00296,2026-05,23061.44
C00296,2026-06,23061.44
C00297,2023-08,9583.54
C00297,2023-09,9583.54
C00297,2023-10,9583.54
C00297,2023-11,9583.54
C00297,2023-12,9583.54
C00297,2024-01,9583.54
C00297,2024-02,9583.54
C00297,2024-03,9583.54
C00297,2024-04,9583.54
C00297,2024-05,9583.54
C00297,2024-06,9583.54
C00297,2024-07,9583.54
C00297,2024-08,9583.54
C00297,2024-09,9583.54
C00298,2023-08,35704.86
C00298,2023-09,35704.86
C00298,2023-10,35704.86
C00298,2023-11,35704.86
C00298,2023-12,35704.86
C00298,2024-01,35704.86
C00298,2024-02,35704.86
C00298,2024-03,35704.86
C00298,2024-04,35704.86
C00298,2024-05,35704.86
C00298,2024-06,35704.86
C00298,2024-07,35704.86
C00298,2024-08,35704.86
C00298,2024-09,35704.86
C00298,2024-10,35704.86
C00298,2024-11,35704.86
C00298,2024-12,35704.86
C00298,2025-01,35704.86
C00298,2025-02,35704.86
C00298,2025-03,35704.86
C00298,2025-04,35704.86
C00298,2025-05,35704.86
C00298,2025-06,35704.86
C00298,2025-07,35704.86
C00298,2025-08,35704.86
C00298,2025-09,35704.86
C00298,2025-10,35704.86
C00298,2025-11,35704.86
C00298,2025-12,35704.86
C00298,2026-01,35704.86
C00298,2026-02,35704.86
C00298,2026-03,35704.86
C00298,2026-04,35704.86
C00298,2026-05,35704.86
C00298,2026-06,35704.86
C00299,2023-08,55987.43
C00299,2023-09,55987.43
C00299,2023-10,55987.43
C00299,2023-11,55987.43
C00299,2023-12,55987.43
C00299,2024-01,55987.43
C00299,2024-02,55987.43
C00299,2024-03,55987.43
C00299,2024-04,55987.43
C00299,2024-05,55987.43
C00299,2024-06,55987.43
C00299,2024-07,55987.43
C00299,2024-08,55987.43
C00299,2024-09,55987.43
C00299,2024-10,55987.43
C00299,2024-11,55987.43
C00299,2024-12,55987.43
C00299,2025-01,55987.43
C00299,2025-02,55987.43
C00299,2025-03,55987.43
C00299,2025-04,55987.43
C00299,2025-05,55987.43
C00299,2025-06,55987.43
C00299,2025-07,55987.43
C00299,2025-08,55987.43
C00299,2025-09,55987.43
C00299,2025-10,55987.43
C00299,2025-11,55987.43
C00299,2025-12,55987.43
C00299,2026-01,55987.43
C00299,2026-02,55987.43
C00299,2026-03,55987.43
C00299,2026-04,55987.43
C00299,2026-05,55987.43
C00299,2026-06,55987.43
C00300,2023-08,162774.58
C00300,2023-09,162774.58
C00300,2023-10,162774.58
C00300,2023-11,162774.58
C00300,2023-12,162774.58
C00300,2024-01,162774.58
C00300,2024-02,162774.58
C00300,2024-03,162774.58
C00300,2024-04,162774.58
C00300,2024-05,162774.58
C00300,2024-06,162774.58
C00300,2024-07,162774.58
C00300,2024-08,162774.58
C00300,2024-09,162774.58
C00300,2024-10,191490.06
C00300,2024-11,142736.81
C00300,2024-12,142736.81
C00300,2025-01,142736.81
C00300,2025-02,142736.81
C00300,2025-03,142736.81
C00300,2025-04,142736.81
C00300,2025-05,142736.81
C00300,2025-06,142736.81
C00300,2025-07,142736.81
C00300,2025-08,142736.81
C00300,2025-09,142736.81
C00300,2025-10,142736.81
C00300,2025-11,142736.81
C00300,2025-12,142736.81
C00300,2026-01,142736.81
C00300,2026-02,142736.81
C00300,2026-03,142736.81
C00300,2026-04,142736.81
C00300,2026-05,142736.81
C00300,2026-06,142736.81
C00301,2023-08,16246.05
C00301,2023-09,16246.05
C00301,2023-10,16246.05
C00301,2023-11,16246.05
C00301,2023-12,16246.05
C00301,2024-01,16246.05
C00302,2023-08,11321.14
C00302,2023-09,11321.14
C00302,2023-10,11321.14
C00302,2023-11,11321.14
C00302,2023-12,11321.14
C00302,2024-01,11321.14
C00303,2023-08,3724.62
C00303,2023-09,3724.62
C00303,2023-10,3724.62
C00303,2023-11,3724.62
C00303,2023-12,3724.62
C00303,2024-01,3724.62
C00303,2024-02,3724.62
C00303,2024-03,3724.62
C00303,2024-04,3724.62
C00303,2024-05,3724.62
C00303,2024-06,3724.62
C00303,2024-07,3724.62
C00303,2024-08,3724.62
C00303,2024-09,3724.62
C00303,2024-10,3724.62
C00303,2024-11,3724.62
C00303,2024-12,3724.62
C00303,2025-01,3724.62
C00303,2025-02,3724.62
C00303,2025-03,3724.62
C00303,2025-04,3724.62
C00303,2025-05,3724.62
C00303,2025-06,3724.62
C00303,2025-07,3724.62
C00303,2025-08,3724.62
C00303,2025-09,3724.62
C00303,2025-10,3724.62
C00303,2025-11,3724.62
C00303,2025-12,3724.62
C00303,2026-01,3724.62
C00303,2026-02,3724.62
C00303,2026-03,3724.62
C00303,2026-04,3724.62
C00303,2026-05,3724.62
C00303,2026-06,3724.62
C00304,2023-08,2774.47
C00304,2023-09,2774.47
C00304,2023-10,2774.47
C00304,2023-11,2774.47
C00304,2023-12,2774.47
C00304,2024-01,2774.47
C00304,2024-02,2774.47
C00304,2024-03,2774.47
C00304,2024-04,2774.47
C00304,2024-05,2774.47
C00304,2024-06,2774.47
C00304,2024-07,2774.47
C00304,2024-08,2774.47
C00304,2024-09,2774.47
C00304,2024-10,2774.47
C00304,2024-11,2774.47
C00304,2024-12,2774.47
C00304,2025-01,2774.47
C00304,2025-02,2774.47
C00304,2025-03,2774.47
C00304,2025-04,2774.47
C00304,2025-05,2774.47
C00304,2025-06,2774.47
C00304,2025-07,2774.47
C00304,2025-08,2774.47
C00304,2025-09,2774.47
C00304,2025-10,2774.47
C00304,2025-11,2774.47
C00304,2025-12,2774.47
C00304,2026-01,2774.47
C00304,2026-02,2774.47
C00304,2026-03,2774.47
C00304,2026-04,2774.47
C00304,2026-05,2774.47
C00304,2026-06,2774.47
C00305,2023-08,20670.76
C00305,2023-09,20670.76
C00305,2023-10,20670.76
C00305,2023-11,20670.76
C00305,2023-12,20670.76
C00305,2024-01,20670.76
C00305,2024-02,20670.76
C00305,2024-03,20670.76
C00305,2024-04,20670.76
C00305,2024-05,20670.76
C00305,2024-06,20670.76
C00305,2024-07,20670.76
C00305,2024-08,20670.76
C00305,2024-09,20670.76
C00305,2024-10,20670.76
C00305,2024-11,20670.76
C00305,2024-12,20670.76
C00305,2025-01,20670.76
C00305,2025-02,20670.76
C00305,2025-03,20670.76
C00305,2025-04,20670.76
C00305,2025-05,20670.76
C00305,2025-06,20670.76
C00305,2025-07,20670.76
C00305,2025-08,20670.76
C00305,2025-09,20670.76
C00305,2025-10,20670.76
C00305,2025-11,20670.76
C00305,2025-12,20670.76
C00305,2026-01,20670.76
C00305,2026-02,20670.76
C00305,2026-03,20670.76
C00305,2026-04,20670.76
C00305,2026-05,20670.76
C00305,2026-06,20670.76
C00306,2023-08,48787.6
C00306,2023-09,48787.6
C00306,2023-10,48787.6
C00306,2023-11,48787.6
C00306,2023-12,48787.6
C00306,2024-01,48787.6
C00306,2024-02,48787.6
C00306,2024-03,48787.6
C00306,2024-04,48787.6
C00306,2024-05,48787.6
C00306,2024-06,48787.6
C00306,2024-07,48787.6
C00306,2024-08,48787.6
C00306,2024-09,48787.6
C00306,2024-10,48787.6
C00306,2024-11,48787.6
C00306,2024-12,48787.6
C00306,2025-01,48787.6
C00306,2025-02,48787.6
C00306,2025-03,48787.6
C00306,2025-04,48787.6
C00306,2025-05,48787.6
C00306,2025-06,48787.6
C00306,2025-07,48787.6
C00306,2025-08,48787.6
C00306,2025-09,48787.6
C00306,2025-10,48787.6
C00306,2025-11,48787.6
C00306,2025-12,48787.6
C00306,2026-01,48787.6
C00306,2026-02,48787.6
C00306,2026-03,48787.6
C00306,2026-04,48787.6
C00306,2026-05,48787.6
C00306,2026-06,48787.6
C00307,2023-08,6287.12
C00307,2023-09,6287.12
C00307,2023-10,6287.12
C00307,2023-11,6287.12
C00307,2023-12,6287.12
C00307,2024-01,6287.12
C00307,2024-02,6287.12
C00307,2024-03,6287.12
C00307,2024-04,6287.12
C00307,2024-05,6287.12
C00307,2024-06,6287.12
C00307,2024-07,6287.12
C00307,2024-08,6287.12
C00307,2024-09,6287.12
C00307,2024-10,6287.12
C00307,2024-11,6287.12
C00307,2024-12,6287.12
C00307,2025-01,6287.12
C00307,2025-02,6287.12
C00307,2025-03,6287.12
C00307,2025-04,6287.12
C00307,2025-05,6287.12
C00307,2025-06,6287.12
C00307,2025-07,6287.12
C00307,2025-08,6287.12
C00307,2025-09,6287.12
C00307,2025-10,6287.12
C00307,2025-11,6287.12
C00307,2025-12,6287.12
C00307,2026-01,6287.12
C00307,2026-02,6287.12
C00307,2026-03,6287.12
C00308,2023-08,18589.89
C00308,2023-09,18589.89
C00308,2023-10,18589.89
C00308,2023-11,18589.89
C00308,2023-12,16959.96
C00308,2024-01,16959.96
C00308,2024-02,16959.96
C00308,2024-03,16959.96
C00308,2024-04,16959.96
C00308,2024-05,16959.96
C00308,2024-06,16959.96
C00308,2024-07,16959.96
C00308,2024-08,16959.96
C00308,2024-09,16959.96
C00308,2024-10,16959.96
C00308,2024-11,16959.96
C00308,2024-12,16959.96
C00308,2025-01,16959.96
C00308,2025-02,16959.96
C00309,2023-09,38050.25
C00309,2023-10,38050.25
C00309,2023-11,38050.25
C00309,2023-12,38050.25
C00309,2024-01,38050.25
C00309,2024-02,38050.25
C00309,2024-03,38050.25
C00309,2024-04,38050.25
C00309,2024-05,38050.25
C00309,2024-06,38050.25
C00309,2024-07,38050.25
C00309,2024-08,38050.25
C00309,2024-09,38050.25
C00309,2024-10,38050.25
C00309,2024-11,38050.25
C00309,2024-12,38050.25
C00309,2025-01,38050.25
C00309,2025-02,38050.25
C00309,2025-03,38050.25
C00309,2025-04,38050.25
C00309,2025-05,28187.11
C00309,2025-06,28187.11
C00309,2025-07,28187.11
C00309,2025-08,28187.11
C00309,2025-09,28187.11
C00309,2025-10,28187.11
C00309,2025-11,28187.11
C00309,2025-12,28187.11
C00309,2026-01,28187.11
C00309,2026-02,28187.11
C00309,2026-03,28187.11
C00309,2026-04,28187.11
C00309,2026-05,28187.11
C00309,2026-06,28187.11
C00310,2023-09,153208.51
C00310,2023-10,132002.18
C00310,2023-11,132002.18
C00310,2023-12,132002.18
C00310,2024-01,132002.18
C00310,2024-02,132002.18
C00310,2024-03,132002.18
C00310,2024-04,132002.18
C00310,2024-05,132002.18
C00310,2024-06,132002.18
C00310,2024-07,132002.18
C00310,2024-08,132002.18
C00310,2024-09,132002.18
C00310,2024-10,132002.18
C00310,2024-11,132002.18
C00310,2024-12,132002.18
C00310,2025-01,132002.18
C00310,2025-02,132002.18
C00310,2025-03,132002.18
C00310,2025-04,132002.18
C00310,2025-05,132002.18
C00310,2025-06,132002.18
C00310,2025-07,132002.18
C00310,2025-08,132002.18
C00310,2025-09,114597.11
C00310,2025-10,114597.11
C00310,2025-11,114597.11
C00310,2025-12,114597.11
C00310,2026-01,114597.11
C00310,2026-02,114597.11
C00310,2026-03,114597.11
C00310,2026-04,114597.11
C00310,2026-05,114597.11
C00310,2026-06,114597.11
C00311,2023-09,7393.14
C00311,2023-10,7393.14
C00311,2023-11,7393.14
C00311,2023-12,7393.14
C00311,2024-01,7393.14
C00311,2024-02,7393.14
C00311,2024-03,7393.14
C00311,2024-04,7393.14
C00311,2024-05,7393.14
C00311,2024-06,7393.14
C00311,2024-07,7393.14
C00311,2024-08,7393.14
C00311,2024-09,7393.14
C00311,2024-10,7393.14
C00311,2024-11,7393.14
C00311,2024-12,7393.14
C00311,2025-01,7393.14
C00311,2025-02,7393.14
C00312,2023-09,174934.54
C00312,2023-10,174934.54
C00312,2023-11,174934.54
C00312,2023-12,174934.54
C00312,2024-01,174934.54
C00312,2024-02,174934.54
C00312,2024-03,174934.54
C00312,2024-04,174934.54
C00312,2024-05,174934.54
C00312,2024-06,174934.54
C00312,2024-07,174934.54
C00312,2024-08,174934.54
C00312,2024-09,174934.54
C00312,2024-10,174934.54
C00312,2024-11,174934.54
C00312,2024-12,174934.54
C00312,2025-01,174934.54
C00312,2025-02,174934.54
C00312,2025-03,174934.54
C00312,2025-04,174934.54
C00312,2025-05,174934.54
C00312,2025-06,174934.54
C00312,2025-07,174934.54
C00312,2025-08,174934.54
C00312,2025-09,174934.54
C00312,2025-10,174934.54
C00312,2025-11,174934.54
C00312,2025-12,174934.54
C00312,2026-01,174934.54
C00312,2026-02,174934.54
C00312,2026-03,174934.54
C00312,2026-04,174934.54
C00312,2026-05,174934.54
C00312,2026-06,174934.54
C00313,2023-09,7355.11
C00313,2023-10,7355.11
C00313,2023-11,7355.11
C00313,2023-12,7355.11
C00313,2024-01,7355.11
C00313,2024-02,7355.11
C00313,2024-03,7355.11
C00313,2024-04,7355.11
C00313,2024-05,7355.11
C00313,2024-06,7355.11
C00313,2024-07,7355.11
C00313,2024-08,7355.11
C00313,2024-09,7355.11
C00313,2024-10,7355.11
C00313,2024-11,7355.11
C00313,2024-12,7355.11
C00313,2025-01,7355.11
C00313,2025-02,7355.11
C00313,2025-03,7355.11
C00313,2025-04,7355.11
C00313,2025-05,7355.11
C00313,2025-06,7355.11
C00313,2025-07,7355.11
C00313,2025-08,7355.11
C00313,2025-09,7355.11
C00313,2025-10,7355.11
C00313,2025-11,7355.11
C00313,2025-12,7355.11
C00313,2026-01,7355.11
C00313,2026-02,7355.11
C00313,2026-03,7355.11
C00313,2026-04,7355.11
C00313,2026-05,7355.11
C00313,2026-06,7355.11
C00314,2023-09,8578.13
C00314,2023-10,8578.13
C00314,2023-11,8578.13
C00314,2023-12,8578.13
C00314,2024-01,8578.13
C00314,2024-02,8578.13
C00314,2024-03,8578.13
C00314,2024-04,8578.13
C00314,2024-05,8578.13
C00314,2024-06,8578.13
C00314,2024-07,8578.13
C00314,2024-08,8578.13
C00314,2024-09,8578.13
C00314,2024-10,8578.13
C00314,2024-11,8578.13
C00314,2024-12,8578.13
C00314,2025-01,8578.13
C00314,2025-02,8578.13
C00315,2023-09,10550.91
C00315,2023-10,10550.91
C00315,2023-11,10550.91
C00315,2023-12,10550.91
C00315,2024-01,10550.91
C00315,2024-02,10550.91
C00315,2024-03,10550.91
C00315,2024-04,10550.91
C00315,2024-05,10550.91
C00315,2024-06,10550.91
C00315,2024-07,10550.91
C00315,2024-08,10550.91
C00315,2024-09,10550.91
C00315,2024-10,10550.91
C00315,2024-11,10550.91
C00315,2024-12,10550.91
C00315,2025-01,10550.91
C00315,2025-02,10550.91
C00315,2025-03,10550.91
C00315,2025-04,10550.91
C00315,2025-05,10550.91
C00315,2025-06,10550.91
C00315,2025-07,10550.91
C00315,2025-08,10550.91
C00315,2025-09,10550.91
C00315,2025-10,10550.91
C00315,2025-11,10550.91
C00315,2025-12,10550.91
C00315,2026-01,10550.91
C00315,2026-02,10550.91
C00315,2026-03,10550.91
C00315,2026-04,10550.91
C00315,2026-05,10550.91
C00315,2026-06,10550.91
C00316,2023-09,2094.11
C00316,2023-10,2094.11
C00316,2023-11,2094.11
C00316,2023-12,2094.11
C00316,2024-01,2094.11
C00316,2024-02,2094.11
C00316,2024-03,2094.11
C00316,2024-04,2094.11
C00316,2024-05,2094.11
C00316,2024-06,2094.11
C00316,2024-07,2094.11
C00316,2024-08,2094.11
C00316,2024-09,2094.11
C00316,2024-10,2094.11
C00316,2024-11,2094.11
C00316,2024-12,2094.11
C00316,2025-01,2094.11
C00316,2025-02,2094.11
C00316,2025-03,2094.11
C00316,2025-04,2094.11
C00316,2025-05,2094.11
C00316,2025-06,2094.11
C00316,2025-07,2094.11
C00316,2025-08,2094.11
C00316,2025-09,2094.11
C00316,2025-10,2094.11
C00316,2025-11,2094.11
C00316,2025-12,2094.11
C00316,2026-01,2094.11
C00316,2026-02,2094.11
C00316,2026-03,2094.11
C00316,2026-04,2094.11
C00316,2026-05,2094.11
C00316,2026-06,2094.11
C00317,2023-09,13836.13
C00317,2023-10,13836.13
C00317,2023-11,13836.13
C00317,2023-12,13836.13
C00317,2024-01,17088.71
C00317,2024-02,17088.71
C00317,2024-03,17088.71
C00317,2024-04,17088.71
C00317,2024-05,17088.71
C00317,2024-06,17088.71
C00317,2024-07,17088.71
C00317,2024-08,17088.71
C00317,2024-09,17088.71
C00317,2024-10,17088.71
C00317,2024-11,17088.71
C00317,2024-12,17088.71
C00317,2025-01,17088.71
C00317,2025-02,17088.71
C00317,2025-03,17088.71
C00317,2025-04,17088.71
C00317,2025-05,17088.71
C00317,2025-06,17088.71
C00317,2025-07,17088.71
C00317,2025-08,17088.71
C00317,2025-09,17088.71
C00317,2025-10,17088.71
C00317,2025-11,17088.71
C00318,2023-09,47308.37
C00318,2023-10,47308.37
C00318,2023-11,47308.37
C00318,2023-12,47308.37
C00318,2024-01,47308.37
C00318,2024-02,47308.37
C00318,2024-03,47308.37
C00318,2024-04,47308.37
C00318,2024-05,47308.37
C00318,2024-06,47308.37
C00318,2024-07,47308.37
C00318,2024-08,47308.37
C00318,2024-09,47308.37
C00318,2024-10,47308.37
C00318,2024-11,47308.37
C00318,2024-12,47308.37
C00318,2025-01,47308.37
C00318,2025-02,47308.37
C00318,2025-03,47308.37
C00318,2025-04,47308.37
C00318,2025-05,47308.37
C00318,2025-06,47308.37
C00319,2023-09,51259.41
C00319,2023-10,51259.41
C00319,2023-11,51259.41
C00319,2023-12,51259.41
C00319,2024-01,51259.41
C00319,2024-02,51259.41
C00319,2024-03,51259.41
C00319,2024-04,51259.41
C00319,2024-05,51259.41
C00319,2024-06,51259.41
C00319,2024-07,51259.41
C00319,2024-08,51259.41
C00319,2024-09,51259.41
C00319,2024-10,51259.41
C00319,2024-11,51259.41
C00319,2024-12,51259.41
C00319,2025-01,51259.41
C00319,2025-02,51259.41
C00319,2025-03,51259.41
C00319,2025-04,51259.41
C00319,2025-05,51259.41
C00319,2025-06,51259.41
C00319,2025-07,51259.41
C00319,2025-08,51259.41
C00319,2025-09,51259.41
C00319,2025-10,51259.41
C00319,2025-11,51259.41
C00319,2025-12,51259.41
C00319,2026-01,51259.41
C00319,2026-02,51259.41
C00319,2026-03,51259.41
C00319,2026-04,51259.41
C00319,2026-05,51259.41
C00319,2026-06,51259.41
C00320,2023-09,37253.17
C00320,2023-10,37253.17
C00320,2023-11,37253.17
C00320,2023-12,37253.17
C00320,2024-01,37253.17
C00320,2024-02,37253.17
C00320,2024-03,37253.17
C00320,2024-04,37253.17
C00320,2024-05,37253.17
C00320,2024-06,37253.17
C00320,2024-07,37253.17
C00320,2024-08,37253.17
C00320,2024-09,37253.17
C00320,2024-10,37253.17
C00320,2024-11,37253.17
C00320,2024-12,37253.17
C00320,2025-01,37253.17
C00320,2025-02,37253.17
C00320,2025-03,37253.17
C00320,2025-04,37253.17
C00320,2025-05,37253.17
C00320,2025-06,37253.17
C00320,2025-07,37253.17
C00320,2025-08,37253.17
C00320,2025-09,37253.17
C00320,2025-10,37253.17
C00320,2025-11,37253.17
C00320,2025-12,37253.17
C00320,2026-01,37253.17
C00320,2026-02,37253.17
C00320,2026-03,37253.17
C00320,2026-04,37253.17
C00320,2026-05,37253.17
C00320,2026-06,37253.17
C00321,2023-09,49496.49
C00321,2023-10,49496.49
C00321,2023-11,49496.49
C00321,2023-12,49496.49
C00321,2024-01,49496.49
C00321,2024-02,49496.49
C00321,2024-03,49496.49
C00321,2024-04,49496.49
C00321,2024-05,49496.49
C00321,2024-06,49496.49
C00321,2024-07,49496.49
C00321,2024-08,49496.49
C00321,2024-09,49496.49
C00321,2024-10,49496.49
C00321,2024-11,49496.49
C00321,2024-12,49496.49
C00321,2025-01,49496.49
C00321,2025-02,49496.49
C00321,2025-03,49496.49
C00321,2025-04,49496.49
C00321,2025-05,49496.49
C00321,2025-06,49496.49
C00321,2025-07,49496.49
C00321,2025-08,49496.49
C00321,2025-09,49496.49
C00321,2025-10,49496.49
C00321,2025-11,49496.49
C00321,2025-12,49496.49
C00321,2026-01,49496.49
C00321,2026-02,49496.49
C00321,2026-03,49496.49
C00321,2026-04,49496.49
C00321,2026-05,49496.49
C00321,2026-06,49496.49
C00322,2023-09,33571.83
C00322,2023-10,33571.83
C00322,2023-11,33571.83
C00322,2023-12,33571.83
C00322,2024-01,33571.83
C00322,2024-02,33571.83
C00322,2024-03,33571.83
C00322,2024-04,33571.83
C00322,2024-05,33571.83
C00322,2024-06,33571.83
C00322,2024-07,33571.83
C00322,2024-08,33571.83
C00322,2024-09,33571.83
C00322,2024-10,33571.83
C00322,2024-11,33571.83
C00322,2024-12,33571.83
C00322,2025-01,33571.83
C00322,2025-02,33571.83
C00322,2025-03,33571.83
C00322,2025-04,33571.83
C00322,2025-05,33571.83
C00322,2025-06,33571.83
C00322,2025-07,33571.83
C00322,2025-08,33571.83
C00322,2025-09,33571.83
C00322,2025-10,33571.83
C00322,2025-11,33571.83
C00322,2025-12,33571.83
C00322,2026-01,33571.83
C00322,2026-02,33571.83
C00322,2026-03,33571.83
C00322,2026-04,33571.83
C00322,2026-05,33571.83
C00322,2026-06,33571.83
C00323,2023-09,5585.2
C00323,2023-10,5585.2
C00323,2023-11,5585.2
C00323,2023-12,5585.2
C00323,2024-01,5585.2
C00323,2024-02,5585.2
C00323,2024-03,5585.2
C00323,2024-04,5585.2
C00323,2024-05,5585.2
C00323,2024-06,5585.2
C00323,2024-07,5585.2
C00323,2024-08,5585.2
C00323,2024-09,5585.2
C00323,2024-10,5585.2
C00323,2024-11,5585.2
C00323,2024-12,5585.2
C00324,2023-09,173789.32
C00324,2023-10,173789.32
C00324,2023-11,173789.32
C00324,2023-12,173789.32
C00324,2024-01,173789.32
C00324,2024-02,173789.32
C00324,2024-03,173789.32
C00324,2024-04,173789.32
C00324,2024-05,173789.32
C00324,2024-06,173789.32
C00324,2024-07,173789.32
C00324,2024-08,173789.32
C00324,2024-09,173789.32
C00324,2024-10,173789.32
C00324,2024-11,173789.32
C00324,2024-12,173789.32
C00324,2025-01,173789.32
C00324,2025-02,173789.32
C00324,2025-03,173789.32
C00324,2025-04,173789.32
C00324,2025-05,173789.32
C00324,2025-06,173789.32
C00324,2025-07,173789.32
C00324,2025-08,173789.32
C00324,2025-09,173789.32
C00324,2025-10,173789.32
C00324,2025-11,173789.32
C00324,2025-12,173789.32
C00324,2026-01,173789.32
C00324,2026-02,173789.32
C00324,2026-03,173789.32
C00324,2026-04,173789.32
C00324,2026-05,173789.32
C00324,2026-06,173789.32
C00325,2023-09,46247.08
C00325,2023-10,46247.08
C00325,2023-11,46247.08
C00325,2023-12,46247.08
C00325,2024-01,46247.08
C00325,2024-02,46247.08
C00325,2024-03,46247.08
C00325,2024-04,46247.08
C00325,2024-05,46247.08
C00325,2024-06,46247.08
C00325,2024-07,46247.08
C00325,2024-08,46247.08
C00325,2024-09,46247.08
C00325,2024-10,46247.08
C00325,2024-11,46247.08
C00325,2024-12,46247.08
C00325,2025-01,46247.08
C00325,2025-02,46247.08
C00325,2025-03,46247.08
C00325,2025-04,46247.08
C00325,2025-05,46247.08
C00325,2025-06,46247.08
C00325,2025-07,46247.08
C00325,2025-08,46247.08
C00325,2025-09,46247.08
C00325,2025-10,46247.08
C00325,2025-11,46247.08
C00325,2025-12,46247.08
C00325,2026-01,46247.08
C00325,2026-02,46247.08
C00325,2026-03,46247.08
C00325,2026-04,46247.08
C00325,2026-05,46247.08
C00325,2026-06,46247.08
C00326,2023-09,1918.9
C00326,2023-10,1918.9
C00326,2023-11,1918.9
C00326,2023-12,1918.9
C00326,2024-01,1918.9
C00326,2024-02,1918.9
C00326,2024-03,1918.9
C00326,2024-04,1918.9
C00326,2024-05,1918.9
C00326,2024-06,1918.9
C00326,2024-07,1918.9
C00326,2024-08,1918.9
C00326,2024-09,1918.9
C00326,2024-10,1918.9
C00326,2024-11,1918.9
C00326,2024-12,1918.9
C00326,2025-01,1918.9
C00326,2025-02,1918.9
C00326,2025-03,1918.9
C00326,2025-04,1918.9
C00326,2025-05,1918.9
C00326,2025-06,1918.9
C00326,2025-07,1918.9
C00326,2025-08,1918.9
C00326,2025-09,1918.9
C00326,2025-10,1918.9
C00326,2025-11,1918.9
C00326,2025-12,1918.9
C00326,2026-01,1918.9
C00326,2026-02,1918.9
C00326,2026-03,1918.9
C00326,2026-04,1918.9
C00326,2026-05,1918.9
C00326,2026-06,1918.9
C00327,2023-09,9230.9
C00327,2023-10,9230.9
C00327,2023-11,9230.9
C00327,2023-12,9230.9
C00327,2024-01,9230.9
C00327,2024-02,9230.9
C00327,2024-03,9230.9
C00327,2024-04,9230.9
C00327,2024-05,9230.9
C00327,2024-06,9230.9
C00327,2024-07,9230.9
C00327,2024-08,9230.9
C00328,2023-09,211628.14
C00328,2023-10,211628.14
C00328,2023-11,211628.14
C00328,2023-12,211628.14
C00328,2024-01,211628.14
C00328,2024-02,211628.14
C00328,2024-03,211628.14
C00329,2023-10,11404.34
C00329,2023-11,11404.34
C00329,2023-12,11404.34
C00329,2024-01,11404.34
C00329,2024-02,11404.34
C00329,2024-03,11404.34
C00329,2024-04,11404.34
C00329,2024-05,11404.34
C00329,2024-06,11404.34
C00329,2024-07,11404.34
C00329,2024-08,11404.34
C00329,2024-09,11404.34
C00329,2024-10,11404.34
C00329,2024-11,11404.34
C00329,2024-12,11404.34
C00329,2025-01,11404.34
C00329,2025-02,11404.34
C00329,2025-03,11404.34
C00329,2025-04,11404.34
C00329,2025-05,11404.34
C00329,2025-06,11404.34
C00329,2025-07,11404.34
C00329,2025-08,11404.34
C00329,2025-09,11404.34
C00329,2025-10,11404.34
C00329,2025-11,11404.34
C00330,2023-10,9746.43
C00330,2023-11,9746.43
C00330,2023-12,9746.43
C00330,2024-01,9746.43
C00330,2024-02,9746.43
C00330,2024-03,9746.43
C00330,2024-04,9746.43
C00330,2024-05,9746.43
C00330,2024-06,9746.43
C00330,2024-07,9746.43
C00330,2024-08,9746.43
C00330,2024-09,9746.43
C00330,2024-10,9746.43
C00330,2024-11,9746.43
C00330,2024-12,9746.43
C00330,2025-01,9746.43
C00330,2025-02,9746.43
C00330,2025-03,9746.43
C00330,2025-04,9746.43
C00330,2025-05,9746.43
C00330,2025-06,9746.43
C00330,2025-07,9746.43
C00330,2025-08,9746.43
C00330,2025-09,9746.43
C00330,2025-10,9746.43
C00330,2025-11,9746.43
C00330,2025-12,9746.43
C00330,2026-01,9746.43
C00330,2026-02,9746.43
C00330,2026-03,9746.43
C00330,2026-04,9746.43
C00330,2026-05,9746.43
C00330,2026-06,9746.43
C00331,2023-10,9784.23
C00331,2023-11,9784.23
C00331,2023-12,9784.23
C00331,2024-01,9784.23
C00331,2024-02,9784.23
C00331,2024-03,9784.23
C00331,2024-04,9784.23
C00331,2024-05,9784.23
C00331,2024-06,9784.23
C00331,2024-07,9784.23
C00331,2024-08,9784.23
C00331,2024-09,9784.23
C00331,2024-10,9784.23
C00331,2024-11,9784.23
C00331,2024-12,9784.23
C00331,2025-01,9784.23
C00331,2025-02,9784.23
C00331,2025-03,9784.23
C00331,2025-04,9784.23
C00331,2025-05,9784.23
C00331,2025-06,9784.23
C00331,2025-07,9784.23
C00331,2025-08,9784.23
C00331,2025-09,9784.23
C00331,2025-10,9784.23
C00331,2025-11,9784.23
C00331,2025-12,9784.23
C00331,2026-01,9784.23
C00331,2026-02,9784.23
C00331,2026-03,9784.23
C00331,2026-04,9784.23
C00331,2026-05,9784.23
C00331,2026-06,9784.23
C00332,2023-10,38168.16
C00332,2023-11,38168.16
C00332,2023-12,38168.16
C00332,2024-01,38168.16
C00332,2024-02,38168.16
C00332,2024-03,38168.16
C00332,2024-04,38168.16
C00332,2024-05,38168.16
C00332,2024-06,38168.16
C00332,2024-07,38168.16
C00332,2024-08,38168.16
C00332,2024-09,38168.16
C00332,2024-10,38168.16
C00332,2024-11,38168.16
C00332,2024-12,38168.16
C00332,2025-01,38168.16
C00332,2025-02,38168.16
C00332,2025-03,38168.16
C00332,2025-04,38168.16
C00332,2025-05,38168.16
C00332,2025-06,38168.16
C00332,2025-07,38168.16
C00332,2025-08,38168.16
C00332,2025-09,38168.16
C00332,2025-10,38168.16
C00332,2025-11,38168.16
C00332,2025-12,38168.16
C00332,2026-01,38168.16
C00332,2026-02,38168.16
C00332,2026-03,38168.16
C00332,2026-04,38168.16
C00332,2026-05,38168.16
C00332,2026-06,38168.16
C00333,2023-10,9730.8
C00333,2023-11,9730.8
C00333,2023-12,9730.8
C00333,2024-01,9730.8
C00333,2024-02,9730.8
C00333,2024-03,9730.8
C00333,2024-04,9730.8
C00333,2024-05,9730.8
C00333,2024-06,9730.8
C00333,2024-07,9730.8
C00333,2024-08,9730.8
C00333,2024-09,9730.8
C00333,2024-10,9730.8
C00333,2024-11,9730.8
C00333,2024-12,9730.8
C00333,2025-01,9730.8
C00333,2025-02,9730.8
C00333,2025-03,9730.8
C00333,2025-04,9730.8
C00333,2025-05,9730.8
C00333,2025-06,9730.8
C00333,2025-07,9730.8
C00333,2025-08,9730.8
C00333,2025-09,9730.8
C00333,2025-10,9730.8
C00333,2025-11,9730.8
C00333,2025-12,9730.8
C00333,2026-01,9730.8
C00333,2026-02,9730.8
C00333,2026-03,8858.92
C00333,2026-04,8858.92
C00333,2026-05,8858.92
C00334,2023-10,46037.72
C00334,2023-11,46037.72
C00334,2023-12,53799.53
C00334,2024-01,53799.53
C00334,2024-02,53799.53
C00334,2024-03,53799.53
C00334,2024-04,53799.53
C00334,2024-05,53799.53
C00334,2024-06,53799.53
C00334,2024-07,53799.53
C00334,2024-08,53799.53
C00334,2024-09,53799.53
C00334,2024-10,53799.53
C00334,2024-11,53799.53
C00334,2024-12,53799.53
C00334,2025-01,53799.53
C00334,2025-02,53799.53
C00334,2025-03,65188.92
C00334,2025-04,65188.92
C00334,2025-05,65188.92
C00334,2025-06,65188.92
C00334,2025-07,65188.92
C00334,2025-08,65188.92
C00334,2025-09,65188.92
C00334,2025-10,65188.92
C00334,2025-11,65188.92
C00334,2025-12,65188.92
C00334,2026-01,65188.92
C00334,2026-02,65188.92
C00334,2026-03,65188.92
C00334,2026-04,65188.92
C00334,2026-05,65188.92
C00334,2026-06,65188.92
C00335,2023-10,6767.72
C00335,2023-11,6767.72
C00335,2023-12,6767.72
C00335,2024-01,6767.72
C00335,2024-02,6767.72
C00335,2024-03,6767.72
C00335,2024-04,6767.72
C00335,2024-05,6767.72
C00335,2024-06,6767.72
C00335,2024-07,5638.14
C00335,2024-08,5638.14
C00335,2024-09,5638.14
C00335,2024-10,5638.14
C00335,2024-11,5638.14
C00335,2024-12,4256.64
C00335,2025-01,4256.64
C00335,2025-02,4256.64
C00335,2025-03,4256.64
C00335,2025-04,4256.64
C00335,2025-05,4256.64
C00335,2025-06,4256.64
C00335,2025-07,4256.64
C00335,2025-08,4256.64
C00335,2025-09,4256.64
C00335,2025-10,4256.64
C00335,2025-11,4256.64
C00335,2025-12,4256.64
C00335,2026-01,4256.64
C00335,2026-02,4256.64
C00335,2026-03,4256.64
C00335,2026-04,4256.64
C00335,2026-05,4256.64
C00335,2026-06,4256.64
C00336,2023-10,5882.52
C00336,2023-11,5882.52
C00336,2023-12,5882.52
C00336,2024-01,5882.52
C00336,2024-02,5882.52
C00336,2024-03,5882.52
C00336,2024-04,5882.52
C00336,2024-05,5882.52
C00336,2024-06,5882.52
C00336,2024-07,5882.52
C00336,2024-08,5882.52
C00336,2024-09,5882.52
C00337,2023-10,3215.83
C00337,2023-11,3215.83
C00337,2023-12,3215.83
C00337,2024-01,3215.83
C00337,2024-02,3215.83
C00337,2024-03,3215.83
C00337,2024-04,3215.83
C00337,2024-05,3215.83
C00337,2024-06,3215.83
C00337,2024-07,3215.83
C00337,2024-08,3215.83
C00337,2024-09,3215.83
C00338,2023-10,39633.15
C00338,2023-11,39633.15
C00338,2023-12,39633.15
C00338,2024-01,39633.15
C00338,2024-02,39633.15
C00338,2024-03,39633.15
C00338,2024-04,39633.15
C00338,2024-05,39633.15
C00338,2024-06,39633.15
C00338,2024-07,39633.15
C00338,2024-08,39633.15
C00338,2024-09,39633.15
C00338,2024-10,39633.15
C00338,2024-11,39633.15
C00338,2024-12,39633.15
C00338,2025-01,39633.15
C00338,2025-02,39633.15
C00338,2025-03,39633.15
C00338,2025-04,39633.15
C00338,2025-05,39633.15
C00338,2025-06,39633.15
C00338,2025-07,39633.15
C00338,2025-08,39633.15
C00338,2025-09,39633.15
C00338,2025-10,39633.15
C00339,2023-10,47970.92
C00339,2023-11,47970.92
C00339,2023-12,47970.92
C00339,2024-01,47970.92
C00339,2024-02,47970.92
C00339,2024-03,47970.92
C00339,2024-04,47970.92
C00339,2024-05,47970.92
C00339,2024-06,47970.92
C00339,2024-07,47970.92
C00339,2024-08,47970.92
C00339,2024-09,47970.92
C00339,2024-10,47970.92
C00339,2024-11,47970.92
C00339,2024-12,47970.92
C00339,2025-01,47970.92
C00340,2023-10,11399.08
C00340,2023-11,11399.08
C00340,2023-12,11399.08
C00340,2024-01,11399.08
C00341,2023-10,6410.15
C00341,2023-11,6410.15
C00341,2023-12,6410.15
C00341,2024-01,6410.15
C00342,2023-10,7265.11
C00342,2023-11,7265.11
C00342,2023-12,7265.11
C00342,2024-01,7265.11
C00342,2024-02,7265.11
C00342,2024-03,7265.11
C00342,2024-04,7265.11
C00342,2024-05,7265.11
C00342,2024-06,7265.11
C00342,2024-07,7265.11
C00342,2024-08,7265.11
C00342,2024-09,7265.11
C00343,2023-10,169940.4
C00343,2023-11,169940.4
C00343,2023-12,169940.4
C00343,2024-01,169940.4
C00343,2024-02,169940.4
C00343,2024-03,169940.4
C00343,2024-04,169940.4
C00343,2024-05,169940.4
C00343,2024-06,169940.4
C00343,2024-07,169940.4
C00343,2024-08,169940.4
C00343,2024-09,169940.4
C00343,2024-10,169940.4
C00343,2024-11,169940.4
C00343,2024-12,169940.4
C00343,2025-01,169940.4
C00343,2025-02,169940.4
C00343,2025-03,169940.4
C00343,2025-04,169940.4
C00343,2025-05,169940.4
C00343,2025-06,169940.4
C00343,2025-07,169940.4
C00343,2025-08,133293.68
C00343,2025-09,133293.68
C00343,2025-10,133293.68
C00343,2025-11,133293.68
C00343,2025-12,133293.68
C00343,2026-01,133293.68
C00343,2026-02,133293.68
C00343,2026-03,133293.68
C00343,2026-04,133293.68
C00343,2026-05,141938.38
C00343,2026-06,141938.38
C00344,2023-10,236276.96
C00344,2023-11,236276.96
C00344,2023-12,236276.96
C00344,2024-01,236276.96
C00344,2024-02,236276.96
C00344,2024-03,236276.96
C00344,2024-04,236276.96
C00344,2024-05,236276.96
C00344,2024-06,195987.7
C00344,2024-07,195987.7
C00344,2024-08,195987.7
C00344,2024-09,195987.7
C00344,2024-10,195987.7
C00344,2024-11,195987.7
C00344,2024-12,195987.7
C00344,2025-01,195987.7
C00344,2025-02,195987.7
C00344,2025-03,195987.7
C00344,2025-04,195987.7
C00344,2025-05,195987.7
C00344,2025-06,195987.7
C00344,2025-07,195987.7
C00344,2025-08,195987.7
C00344,2025-09,195987.7
C00344,2025-10,195987.7
C00344,2025-11,195987.7
C00344,2025-12,195987.7
C00344,2026-01,195987.7
C00344,2026-02,195987.7
C00344,2026-03,195987.7
C00344,2026-04,195987.7
C00344,2026-05,195987.7
C00344,2026-06,195987.7
C00345,2023-10,158390.65
C00345,2023-11,158390.65
C00345,2023-12,158390.65
C00345,2024-01,158390.65
C00345,2024-02,158390.65
C00345,2024-03,158390.65
C00345,2024-04,158390.65
C00345,2024-05,158390.65
C00345,2024-06,158390.65
C00345,2024-07,158390.65
C00345,2024-08,158390.65
C00345,2024-09,158390.65
C00345,2024-10,158390.65
C00345,2024-11,158390.65
C00345,2024-12,121106.39
C00345,2025-01,121106.39
C00345,2025-02,121106.39
C00345,2025-03,121106.39
C00345,2025-04,121106.39
C00345,2025-05,121106.39
C00345,2025-06,121106.39
C00345,2025-07,121106.39
C00345,2025-08,121106.39
C00345,2025-09,121106.39
C00345,2025-10,121106.39
C00345,2025-11,121106.39
C00345,2025-12,121106.39
C00345,2026-01,121106.39
C00345,2026-02,121106.39
C00345,2026-03,121106.39
C00345,2026-04,121106.39
C00345,2026-05,121106.39
C00345,2026-06,121106.39
C00346,2023-10,48671.88
C00346,2023-11,48671.88
C00346,2023-12,48671.88
C00346,2024-01,48671.88
C00346,2024-02,48671.88
C00346,2024-03,48671.88
C00346,2024-04,48671.88
C00346,2024-05,48671.88
C00346,2024-06,48671.88
C00346,2024-07,48671.88
C00346,2024-08,48671.88
C00346,2024-09,48671.88
C00346,2024-10,48671.88
C00346,2024-11,48671.88
C00346,2024-12,48671.88
C00346,2025-01,48671.88
C00346,2025-02,48671.88
C00346,2025-03,48671.88
C00346,2025-04,48671.88
C00346,2025-05,48671.88
C00346,2025-06,48671.88
C00346,2025-07,48671.88
C00346,2025-08,48671.88
C00346,2025-09,48671.88
C00346,2025-10,48671.88
C00346,2025-11,48671.88
C00346,2025-12,48671.88
C00346,2026-01,48671.88
C00346,2026-02,56162.42
C00346,2026-03,56162.42
C00346,2026-04,56162.42
C00346,2026-05,56162.42
C00346,2026-06,56162.42
C00347,2023-10,7443.01
C00347,2023-11,7443.01
C00347,2023-12,7443.01
C00347,2024-01,7443.01
C00347,2024-02,7443.01
C00347,2024-03,7443.01
C00347,2024-04,7443.01
C00347,2024-05,7443.01
C00347,2024-06,7443.01
C00347,2024-07,7443.01
C00347,2024-08,7443.01
C00347,2024-09,7443.01
C00347,2024-10,7443.01
C00347,2024-11,7443.01
C00347,2024-12,7443.01
C00347,2025-01,7443.01
C00347,2025-02,7443.01
C00347,2025-03,7443.01
C00347,2025-04,7443.01
C00347,2025-05,7443.01
C00347,2025-06,7443.01
C00347,2025-07,7443.01
C00347,2025-08,7443.01
C00347,2025-09,7443.01
C00347,2025-10,7443.01
C00347,2025-11,7443.01
C00347,2025-12,7443.01
C00347,2026-01,7443.01
C00347,2026-02,7443.01
C00347,2026-03,7443.01
C00347,2026-04,7443.01
C00347,2026-05,7443.01
C00347,2026-06,7443.01
C00348,2023-10,6284.47
C00348,2023-11,6284.47
C00348,2023-12,6981.85
C00348,2024-01,6981.85
C00348,2024-02,6981.85
C00348,2024-03,6981.85
C00348,2024-04,6981.85
C00348,2024-05,6981.85
C00348,2024-06,6981.85
C00348,2024-07,6334.0
C00348,2024-08,6334.0
C00348,2024-09,6334.0
C00348,2024-10,6334.0
C00348,2024-11,6334.0
C00348,2024-12,6334.0
C00348,2025-01,6334.0
C00348,2025-02,6334.0
C00348,2025-03,6334.0
C00348,2025-04,6334.0
C00348,2025-05,6334.0
C00348,2025-06,6334.0
C00348,2025-07,6334.0
C00348,2025-08,6334.0
C00348,2025-09,6334.0
C00348,2025-10,6334.0
C00348,2025-11,6334.0
C00348,2025-12,6334.0
C00348,2026-01,6334.0
C00348,2026-02,6334.0
C00348,2026-03,6334.0
C00348,2026-04,6334.0
C00348,2026-05,6334.0
C00348,2026-06,6334.0
C00349,2023-10,40742.17
C00349,2023-11,40742.17
C00349,2023-12,40742.17
C00349,2024-01,40742.17
C00349,2024-02,40742.17
C00349,2024-03,40742.17
C00349,2024-04,40742.17
C00349,2024-05,40742.17
C00349,2024-06,40742.17
C00349,2024-07,40742.17
C00349,2024-08,40742.17
C00349,2024-09,44323.54
C00349,2024-10,44323.54
C00349,2024-11,44323.54
C00349,2024-12,44323.54
C00349,2025-01,44323.54
C00349,2025-02,44323.54
C00349,2025-03,51475.3
C00349,2025-04,51475.3
C00349,2025-05,51475.3
C00349,2025-06,51475.3
C00349,2025-07,51475.3
C00349,2025-08,51475.3
C00349,2025-09,51475.3
C00349,2025-10,51475.3
C00349,2025-11,51475.3
C00349,2025-12,51475.3
C00349,2026-01,51475.3
C00349,2026-02,51475.3
C00349,2026-03,51475.3
C00349,2026-04,51475.3
C00349,2026-05,51475.3
C00349,2026-06,51475.3
C00350,2023-11,8857.99
C00351,2023-11,23538.48
C00351,2023-12,23538.48
C00351,2024-01,23538.48
C00351,2024-02,23538.48
C00351,2024-03,23538.48
C00351,2024-04,23538.48
C00351,2024-05,23538.48
C00351,2024-06,23538.48
C00351,2024-07,23538.48
C00351,2024-08,23538.48
C00351,2024-09,23538.48
C00351,2024-10,23538.48
C00351,2024-11,23538.48
C00351,2024-12,23538.48
C00351,2025-01,23538.48
C00351,2025-02,23538.48
C00351,2025-03,23538.48
C00351,2025-04,23538.48
C00351,2025-05,23538.48
C00351,2025-06,23538.48
C00351,2025-07,23538.48
C00351,2025-08,23538.48
C00351,2025-09,23538.48
C00351,2025-10,23538.48
C00351,2025-11,23538.48
C00351,2025-12,23538.48
C00351,2026-01,23538.48
C00351,2026-02,23538.48
C00351,2026-03,23538.48
C00351,2026-04,23538.48
C00351,2026-05,23538.48
C00351,2026-06,23538.48
C00352,2023-11,8088.29
C00352,2023-12,8088.29
C00352,2024-01,8088.29
C00352,2024-02,8088.29
C00353,2023-11,10554.85
C00353,2023-12,10554.85
C00353,2024-01,10554.85
C00353,2024-02,10554.85
C00353,2024-03,10554.85
C00353,2024-04,10554.85
C00353,2024-05,10554.85
C00353,2024-06,10554.85
C00353,2024-07,10554.85
C00353,2024-08,10554.85
C00353,2024-09,10554.85
C00353,2024-10,10554.85
C00353,2024-11,10554.85
C00353,2024-12,10554.85
C00353,2025-01,10554.85
C00353,2025-02,10554.85
C00353,2025-03,10554.85
C00353,2025-04,10554.85
C00353,2025-05,10554.85
C00353,2025-06,10554.85
C00353,2025-07,10554.85
C00353,2025-08,10554.85
C00353,2025-09,10554.85
C00353,2025-10,10554.85
C00353,2025-11,10554.85
C00353,2025-12,10554.85
C00353,2026-01,10554.85
C00353,2026-02,10554.85
C00353,2026-03,10554.85
C00353,2026-04,10554.85
C00353,2026-05,10554.85
C00353,2026-06,10554.85
C00354,2023-11,215121.94
C00354,2023-12,215121.94
C00354,2024-01,215121.94
C00354,2024-02,215121.94
C00354,2024-03,215121.94
C00354,2024-04,215121.94
C00354,2024-05,215121.94
C00354,2024-06,215121.94
C00354,2024-07,215121.94
C00354,2024-08,215121.94
C00354,2024-09,215121.94
C00354,2024-10,215121.94
C00354,2024-11,215121.94
C00354,2024-12,215121.94
C00354,2025-01,215121.94
C00354,2025-02,215121.94
C00354,2025-03,215121.94
C00354,2025-04,215121.94
C00354,2025-05,215121.94
C00354,2025-06,215121.94
C00354,2025-07,215121.94
C00354,2025-08,215121.94
C00354,2025-09,215121.94
C00354,2025-10,215121.94
C00354,2025-11,215121.94
C00354,2025-12,215121.94
C00354,2026-01,215121.94
C00354,2026-02,215121.94
C00354,2026-03,215121.94
C00354,2026-04,215121.94
C00354,2026-05,215121.94
C00354,2026-06,215121.94
C00355,2023-11,198561.12
C00355,2023-12,198561.12
C00355,2024-01,198561.12
C00355,2024-02,198561.12
C00355,2024-03,198561.12
C00355,2024-04,198561.12
C00355,2024-05,198561.12
C00355,2024-06,198561.12
C00355,2024-07,198561.12
C00355,2024-08,198561.12
C00355,2024-09,198561.12
C00355,2024-10,198561.12
C00355,2024-11,198561.12
C00355,2024-12,198561.12
C00355,2025-01,198561.12
C00355,2025-02,198561.12
C00355,2025-03,198561.12
C00355,2025-04,198561.12
C00355,2025-05,198561.12
C00355,2025-06,198561.12
C00355,2025-07,198561.12
C00355,2025-08,198561.12
C00355,2025-09,198561.12
C00355,2025-10,198561.12
C00355,2025-11,198561.12
C00355,2025-12,198561.12
C00355,2026-01,198561.12
C00355,2026-02,198561.12
C00355,2026-03,198561.12
C00355,2026-04,198561.12
C00355,2026-05,198561.12
C00355,2026-06,198561.12
C00356,2023-11,3222.68
C00356,2023-12,3222.68
C00356,2024-01,3222.68
C00356,2024-02,3222.68
C00356,2024-03,3222.68
C00356,2024-04,3222.68
C00356,2024-05,3222.68
C00356,2024-06,3222.68
C00356,2024-07,3222.68
C00356,2024-08,3222.68
C00356,2024-09,3222.68
C00356,2024-10,3222.68
C00356,2024-11,3222.68
C00356,2024-12,3222.68
C00356,2025-01,3222.68
C00356,2025-02,3222.68
C00356,2025-03,3222.68
C00356,2025-04,3222.68
C00356,2025-05,3222.68
C00356,2025-06,3222.68
C00356,2025-07,3222.68
C00356,2025-08,3222.68
C00356,2025-09,3222.68
C00356,2025-10,3222.68
C00356,2025-11,3222.68
C00356,2025-12,3222.68
C00356,2026-01,3222.68
C00356,2026-02,3222.68
C00356,2026-03,3222.68
C00356,2026-04,3222.68
C00356,2026-05,3222.68
C00356,2026-06,3222.68
C00357,2023-11,24925.38
C00357,2023-12,24925.38
C00357,2024-01,24925.38
C00357,2024-02,24925.38
C00357,2024-03,24925.38
C00357,2024-04,24925.38
C00357,2024-05,24925.38
C00357,2024-06,24925.38
C00357,2024-07,24925.38
C00357,2024-08,24925.38
C00357,2024-09,24925.38
C00357,2024-10,24925.38
C00357,2024-11,24925.38
C00357,2024-12,24925.38
C00357,2025-01,24925.38
C00357,2025-02,24925.38
C00357,2025-03,24925.38
C00357,2025-04,24925.38
C00357,2025-05,24925.38
C00357,2025-06,24925.38
C00357,2025-07,24925.38
C00357,2025-08,24925.38
C00357,2025-09,24925.38
C00357,2025-10,24925.38
C00357,2025-11,24925.38
C00357,2025-12,24925.38
C00357,2026-01,24925.38
C00357,2026-02,24925.38
C00357,2026-03,24925.38
C00357,2026-04,24925.38
C00357,2026-05,24925.38
C00357,2026-06,24925.38
C00358,2023-11,9292.67
C00358,2023-12,9292.67
C00358,2024-01,9292.67
C00358,2024-02,9292.67
C00358,2024-03,9292.67
C00358,2024-04,9292.67
C00358,2024-05,9292.67
C00358,2024-06,9292.67
C00358,2024-07,9292.67
C00358,2024-08,9292.67
C00358,2024-09,9292.67
C00358,2024-10,9292.67
C00358,2024-11,9292.67
C00358,2024-12,9292.67
C00358,2025-01,9292.67
C00358,2025-02,9292.67
C00358,2025-03,9292.67
C00358,2025-04,9292.67
C00358,2025-05,9292.67
C00358,2025-06,9292.67
C00358,2025-07,9292.67
C00358,2025-08,9292.67
C00358,2025-09,9292.67
C00358,2025-10,9292.67
C00358,2025-11,9292.67
C00358,2025-12,9292.67
C00358,2026-01,9292.67
C00358,2026-02,9292.67
C00358,2026-03,9292.67
C00358,2026-04,9292.67
C00358,2026-05,9292.67
C00358,2026-06,9292.67
C00359,2023-11,78842.11
C00359,2023-12,78842.11
C00359,2024-01,78842.11
C00359,2024-02,78842.11
C00359,2024-03,78842.11
C00359,2024-04,78842.11
C00359,2024-05,78842.11
C00359,2024-06,78842.11
C00359,2024-07,78842.11
C00359,2024-08,78842.11
C00359,2024-09,78842.11
C00359,2024-10,78842.11
C00359,2024-11,78842.11
C00359,2024-12,78842.11
C00359,2025-01,78842.11
C00359,2025-02,78842.11
C00359,2025-03,78842.11
C00359,2025-04,78842.11
C00359,2025-05,78842.11
C00359,2025-06,78842.11
C00359,2025-07,78842.11
C00359,2025-08,78842.11
C00359,2025-09,78842.11
C00359,2025-10,78842.11
C00359,2025-11,78842.11
C00359,2025-12,78842.11
C00359,2026-01,78842.11
C00359,2026-02,78842.11
C00359,2026-03,78842.11
C00359,2026-04,78842.11
C00359,2026-05,78842.11
C00359,2026-06,78842.11
C00360,2023-11,3217.96
C00360,2023-12,3217.96
C00361,2023-11,7697.15
C00361,2023-12,7697.15
C00361,2024-01,7697.15
C00361,2024-02,7697.15
C00361,2024-03,7697.15
C00361,2024-04,7697.15
C00361,2024-05,7697.15
C00361,2024-06,7697.15
C00361,2024-07,7697.15
C00361,2024-08,7697.15
C00361,2024-09,7697.15
C00361,2024-10,7697.15
C00361,2024-11,7697.15
C00361,2024-12,7697.15
C00361,2025-01,7697.15
C00361,2025-02,7697.15
C00361,2025-03,7697.15
C00361,2025-04,7697.15
C00361,2025-05,7697.15
C00361,2025-06,7697.15
C00361,2025-07,7697.15
C00362,2023-11,31656.12
C00362,2023-12,31656.12
C00362,2024-01,31656.12
C00362,2024-02,31656.12
C00362,2024-03,31656.12
C00362,2024-04,31656.12
C00362,2024-05,31656.12
C00362,2024-06,31656.12
C00362,2024-07,31656.12
C00362,2024-08,31656.12
C00362,2024-09,31656.12
C00362,2024-10,37850.68
C00362,2024-11,37850.68
C00362,2024-12,37850.68
C00362,2025-01,37850.68
C00362,2025-02,37850.68
C00362,2025-03,37850.68
C00362,2025-04,37850.68
C00362,2025-05,37850.68
C00362,2025-06,37850.68
C00362,2025-07,37850.68
C00362,2025-08,37850.68
C00362,2025-09,37850.68
C00362,2025-10,37850.68
C00362,2025-11,37850.68
C00362,2025-12,37850.68
C00362,2026-01,37850.68
C00362,2026-02,37850.68
C00362,2026-03,37850.68
C00362,2026-04,37850.68
C00362,2026-05,37850.68
C00362,2026-06,37850.68
C00363,2023-11,48139.01
C00363,2023-12,48139.01
C00363,2024-01,48139.01
C00363,2024-02,48139.01
C00363,2024-03,48139.01
C00363,2024-04,48139.01
C00364,2023-11,3037.55
C00364,2023-12,3037.55
C00364,2024-01,3037.55
C00364,2024-02,3037.55
C00364,2024-03,3037.55
C00365,2023-11,45855.35
C00365,2023-12,45855.35
C00365,2024-01,45855.35
C00365,2024-02,45855.35
C00365,2024-03,45855.35
C00365,2024-04,45855.35
C00365,2024-05,45855.35
C00365,2024-06,45855.35
C00365,2024-07,45855.35
C00365,2024-08,45855.35
C00365,2024-09,45855.35
C00365,2024-10,45855.35
C00365,2024-11,45855.35
C00365,2024-12,45855.35
C00366,2023-11,4690.82
C00366,2023-12,4690.82
C00366,2024-01,4690.82
C00366,2024-02,4690.82
C00366,2024-03,4690.82
C00366,2024-04,4690.82
C00366,2024-05,4690.82
C00366,2024-06,4690.82
C00366,2024-07,4690.82
C00366,2024-08,4690.82
C00366,2024-09,4690.82
C00366,2024-10,4690.82
C00366,2024-11,4690.82
C00366,2024-12,4690.82
C00366,2025-01,4690.82
C00366,2025-02,4690.82
C00366,2025-03,4690.82
C00366,2025-04,4690.82
C00366,2025-05,4690.82
C00366,2025-06,4690.82
C00366,2025-07,4690.82
C00366,2025-08,4690.82
C00366,2025-09,4690.82
C00366,2025-10,4690.82
C00366,2025-11,4690.82
C00366,2025-12,3672.16
C00367,2023-11,6766.8
C00367,2023-12,6766.8
C00367,2024-01,6766.8
C00367,2024-02,6766.8
C00367,2024-03,6766.8
C00367,2024-04,6766.8
C00367,2024-05,6766.8
C00367,2024-06,6766.8
C00367,2024-07,6766.8
C00367,2024-08,6766.8
C00367,2024-09,6766.8
C00367,2024-10,6766.8
C00367,2024-11,6766.8
C00367,2024-12,6766.8
C00367,2025-01,6766.8
C00367,2025-02,6766.8
C00367,2025-03,6766.8
C00367,2025-04,6766.8
C00367,2025-05,6766.8
C00367,2025-06,6766.8
C00367,2025-07,6766.8
C00367,2025-08,6766.8
C00367,2025-09,6766.8
C00367,2025-10,6766.8
C00367,2025-11,6766.8
C00367,2025-12,6766.8
C00367,2026-01,6766.8
C00367,2026-02,6766.8
C00367,2026-03,6766.8
C00367,2026-04,6766.8
C00367,2026-05,6766.8
C00367,2026-06,6766.8
C00368,2023-11,49357.31
C00368,2023-12,49357.31
C00368,2024-01,49357.31
C00368,2024-02,49357.31
C00368,2024-03,49357.31
C00368,2024-04,49357.31
C00368,2024-05,49357.31
C00368,2024-06,49357.31
C00368,2024-07,49357.31
C00368,2024-08,49357.31
C00368,2024-09,49357.31
C00368,2024-10,49357.31
C00368,2024-11,49357.31
C00368,2024-12,49357.31
C00368,2025-01,49357.31
C00368,2025-02,49357.31
C00368,2025-03,49357.31
C00368,2025-04,49357.31
C00368,2025-05,49357.31
C00368,2025-06,49357.31
C00368,2025-07,49357.31
C00368,2025-08,49357.31
C00368,2025-09,49357.31
C00368,2025-10,49357.31
C00368,2025-11,49357.31
C00368,2025-12,49357.31
C00368,2026-01,49357.31
C00368,2026-02,49357.31
C00368,2026-03,49357.31
C00368,2026-04,49357.31
C00368,2026-05,49357.31
C00368,2026-06,49357.31
C00369,2023-11,50586.21
C00369,2023-12,50586.21
C00369,2024-01,50586.21
C00369,2024-02,50586.21
C00369,2024-03,50586.21
C00369,2024-04,50586.21
C00369,2024-05,50586.21
C00369,2024-06,50586.21
C00369,2024-07,50586.21
C00369,2024-08,50586.21
C00369,2024-09,50586.21
C00369,2024-10,50586.21
C00369,2024-11,50586.21
C00369,2024-12,50586.21
C00369,2025-01,50586.21
C00369,2025-02,50586.21
C00369,2025-03,50586.21
C00369,2025-04,50586.21
C00369,2025-05,50586.21
C00369,2025-06,50586.21
C00369,2025-07,50586.21
C00369,2025-08,50586.21
C00369,2025-09,50586.21
C00369,2025-10,50586.21
C00369,2025-11,50586.21
C00369,2025-12,50586.21
C00369,2026-01,50586.21
C00369,2026-02,50586.21
C00369,2026-03,50586.21
C00369,2026-04,50586.21
C00369,2026-05,50586.21
C00369,2026-06,50586.21
C00370,2023-11,11606.61
C00370,2023-12,11606.61
C00370,2024-01,11606.61
C00370,2024-02,11606.61
C00370,2024-03,11606.61
C00370,2024-04,11606.61
C00370,2024-05,11606.61
C00370,2024-06,11606.61
C00370,2024-07,11606.61
C00370,2024-08,11606.61
C00370,2024-09,11606.61
C00370,2024-10,11606.61
C00371,2023-11,40723.81
C00371,2023-12,40723.81
C00371,2024-01,40723.81
C00371,2024-02,40723.81
C00371,2024-03,40723.81
C00371,2024-04,40723.81
C00371,2024-05,40723.81
C00371,2024-06,40723.81
C00371,2024-07,40723.81
C00371,2024-08,40723.81
C00371,2024-09,40723.81
C00371,2024-10,40723.81
C00371,2024-11,40723.81
C00371,2024-12,40723.81
C00371,2025-01,40723.81
C00371,2025-02,40723.81
C00371,2025-03,40723.81
C00371,2025-04,40723.81
C00371,2025-05,40723.81
C00371,2025-06,40723.81
C00371,2025-07,40723.81
C00371,2025-08,40723.81
C00371,2025-09,40723.81
C00371,2025-10,40723.81
C00371,2025-11,40723.81
C00371,2025-12,40723.81
C00371,2026-01,40723.81
C00371,2026-02,40723.81
C00371,2026-03,40723.81
C00371,2026-04,40723.81
C00371,2026-05,40723.81
C00371,2026-06,40723.81
C00372,2023-11,48349.58
C00372,2023-12,48349.58
C00372,2024-01,48349.58
C00372,2024-02,48349.58
C00372,2024-03,48349.58
C00372,2024-04,48349.58
C00372,2024-05,48349.58
C00372,2024-06,48349.58
C00372,2024-07,48349.58
C00372,2024-08,48349.58
C00372,2024-09,48349.58
C00372,2024-10,48349.58
C00372,2024-11,48349.58
C00372,2024-12,48349.58
C00372,2025-01,63687.53
C00372,2025-02,63687.53
C00372,2025-03,63687.53
C00372,2025-04,63687.53
C00372,2025-05,63687.53
C00372,2025-06,63687.53
C00372,2025-07,63687.53
C00372,2025-08,63687.53
C00372,2025-09,63687.53
C00372,2025-10,63687.53
C00372,2025-11,63687.53
C00372,2025-12,63687.53
C00372,2026-01,63687.53
C00372,2026-02,63687.53
C00372,2026-03,63687.53
C00372,2026-04,63687.53
C00372,2026-05,63687.53
C00372,2026-06,63687.53
C00373,2023-11,66240.84
C00373,2023-12,66240.84
C00373,2024-01,66240.84
C00373,2024-02,88510.66
C00373,2024-03,88510.66
C00373,2024-04,88510.66
C00373,2024-05,88510.66
C00373,2024-06,88510.66
C00373,2024-07,88510.66
C00373,2024-08,88510.66
C00373,2024-09,88510.66
C00373,2024-10,88510.66
C00373,2024-11,88510.66
C00373,2024-12,88510.66
C00373,2025-01,88510.66
C00373,2025-02,88510.66
C00373,2025-03,88510.66
C00373,2025-04,88510.66
C00373,2025-05,88510.66
C00373,2025-06,88510.66
C00373,2025-07,88510.66
C00373,2025-08,88510.66
C00373,2025-09,88510.66
C00373,2025-10,88510.66
C00373,2025-11,88510.66
C00373,2025-12,88510.66
C00373,2026-01,88510.66
C00373,2026-02,88510.66
C00373,2026-03,88510.66
C00373,2026-04,94143.06
C00373,2026-05,94143.06
C00373,2026-06,94143.06
C00374,2023-11,11130.37
C00374,2023-12,11130.37
C00374,2024-01,11130.37
C00374,2024-02,11130.37
C00374,2024-03,11130.37
C00374,2024-04,11130.37
C00374,2024-05,11130.37
C00374,2024-06,11130.37
C00374,2024-07,11130.37
C00374,2024-08,11130.37
C00374,2024-09,11130.37
C00374,2024-10,11130.37
C00374,2024-11,11130.37
C00374,2024-12,11130.37
C00374,2025-01,11130.37
C00374,2025-02,11130.37
C00374,2025-03,11130.37
C00374,2025-04,11130.37
C00374,2025-05,11130.37
C00374,2025-06,11130.37
C00374,2025-07,11130.37
C00374,2025-08,11130.37
C00374,2025-09,11130.37
C00374,2025-10,11130.37
C00374,2025-11,11130.37
C00374,2025-12,11130.37
C00374,2026-01,11130.37
C00374,2026-02,11130.37
C00374,2026-03,11130.37
C00374,2026-04,11130.37
C00374,2026-05,11130.37
C00374,2026-06,11130.37
C00375,2023-11,42562.26
C00375,2023-12,42562.26
C00375,2024-01,42562.26
C00375,2024-02,42562.26
C00375,2024-03,42562.26
C00375,2024-04,42562.26
C00375,2024-05,42562.26
C00375,2024-06,42562.26
C00375,2024-07,42562.26
C00375,2024-08,42562.26
C00375,2024-09,42562.26
C00375,2024-10,42562.26
C00375,2024-11,42562.26
C00375,2024-12,42562.26
C00375,2025-01,42562.26
C00375,2025-02,42562.26
C00375,2025-03,42562.26
C00375,2025-04,42562.26
C00375,2025-05,42562.26
C00375,2025-06,42562.26
C00375,2025-07,42562.26
C00375,2025-08,42562.26
C00375,2025-09,42562.26
C00375,2025-10,42562.26
C00375,2025-11,42562.26
C00375,2025-12,42562.26
C00375,2026-01,42562.26
C00375,2026-02,42562.26
C00375,2026-03,42562.26
C00375,2026-04,42562.26
C00375,2026-05,42562.26
C00375,2026-06,42562.26
C00376,2023-12,58421.6
C00376,2024-01,58421.6
C00376,2024-02,58421.6
C00376,2024-03,58421.6
C00376,2024-04,58421.6
C00376,2024-05,58421.6
C00376,2024-06,58421.6
C00376,2024-07,58421.6
C00376,2024-08,58421.6
C00376,2024-09,58421.6
C00376,2024-10,58421.6
C00376,2024-11,58421.6
C00376,2024-12,58421.6
C00376,2025-01,58421.6
C00376,2025-02,58421.6
C00376,2025-03,58421.6
C00376,2025-04,58421.6
C00376,2025-05,58421.6
C00376,2025-06,58421.6
C00376,2025-07,58421.6
C00376,2025-08,58421.6
C00376,2025-09,58421.6
C00376,2025-10,58421.6
C00376,2025-11,58421.6
C00376,2025-12,58421.6
C00376,2026-01,58421.6
C00376,2026-02,58421.6
C00376,2026-03,58421.6
C00376,2026-04,58421.6
C00376,2026-05,58421.6
C00376,2026-06,58421.6
C00377,2023-12,49828.34
C00377,2024-01,49828.34
C00377,2024-02,49828.34
C00377,2024-03,49828.34
C00377,2024-04,49828.34
C00377,2024-05,49828.34
C00377,2024-06,49828.34
C00377,2024-07,49828.34
C00377,2024-08,49828.34
C00377,2024-09,49828.34
C00377,2024-10,49828.34
C00377,2024-11,49828.34
C00377,2024-12,49828.34
C00377,2025-01,49828.34
C00377,2025-02,49828.34
C00377,2025-03,49828.34
C00377,2025-04,49828.34
C00377,2025-05,49828.34
C00377,2025-06,49828.34
C00377,2025-07,49828.34
C00378,2023-12,10510.15
C00378,2024-01,10510.15
C00378,2024-02,10510.15
C00378,2024-03,10510.15
C00378,2024-04,10510.15
C00378,2024-05,10510.15
C00378,2024-06,10510.15
C00378,2024-07,10510.15
C00378,2024-08,10510.15
C00378,2024-09,10510.15
C00378,2024-10,10510.15
C00378,2024-11,10510.15
C00378,2024-12,10510.15
C00378,2025-01,10510.15
C00378,2025-02,10510.15
C00378,2025-03,10510.15
C00378,2025-04,10510.15
C00378,2025-05,10510.15
C00378,2025-06,10510.15
C00378,2025-07,10510.15
C00378,2025-08,10510.15
C00378,2025-09,10510.15
C00378,2025-10,10510.15
C00378,2025-11,10510.15
C00378,2025-12,10510.15
C00378,2026-01,10510.15
C00378,2026-02,10510.15
C00378,2026-03,10510.15
C00378,2026-04,10510.15
C00378,2026-05,10510.15
C00378,2026-06,10510.15
C00379,2023-12,55350.9
C00379,2024-01,55350.9
C00379,2024-02,55350.9
C00379,2024-03,55350.9
C00379,2024-04,55350.9
C00379,2024-05,55350.9
C00379,2024-06,55350.9
C00379,2024-07,55350.9
C00379,2024-08,55350.9
C00379,2024-09,55350.9
C00379,2024-10,55350.9
C00379,2024-11,55350.9
C00379,2024-12,55350.9
C00379,2025-01,55350.9
C00379,2025-02,55350.9
C00380,2023-12,3864.31
C00380,2024-01,3864.31
C00380,2024-02,3864.31
C00380,2024-03,3864.31
C00380,2024-04,3864.31
C00380,2024-05,3864.31
C00380,2024-06,3864.31
C00380,2024-07,3864.31
C00380,2024-08,3864.31
C00380,2024-09,3864.31
C00380,2024-10,3864.31
C00380,2024-11,3864.31
C00380,2024-12,3864.31
C00380,2025-01,3864.31
C00380,2025-02,3864.31
C00380,2025-03,3864.31
C00380,2025-04,3864.31
C00381,2023-12,5639.77
C00381,2024-01,5639.77
C00381,2024-02,5639.77
C00381,2024-03,5639.77
C00381,2024-04,5639.77
C00381,2024-05,5639.77
C00381,2024-06,5639.77
C00381,2024-07,5639.77
C00381,2024-08,5639.77
C00381,2024-09,5639.77
C00381,2024-10,5639.77
C00381,2024-11,5639.77
C00381,2024-12,5639.77
C00381,2025-01,5639.77
C00381,2025-02,5639.77
C00381,2025-03,5639.77
C00381,2025-04,5639.77
C00381,2025-05,5639.77
C00381,2025-06,5639.77
C00381,2025-07,5639.77
C00381,2025-08,5639.77
C00381,2025-09,5639.77
C00381,2025-10,5639.77
C00381,2025-11,5639.77
C00381,2025-12,5639.77
C00381,2026-01,5639.77
C00381,2026-02,5639.77
C00381,2026-03,5639.77
C00381,2026-04,5639.77
C00381,2026-05,5639.77
C00381,2026-06,5639.77
C00382,2023-12,28213.93
C00382,2024-01,28213.93
C00382,2024-02,28213.93
C00382,2024-03,28213.93
C00382,2024-04,28213.93
C00382,2024-05,28213.93
C00382,2024-06,28213.93
C00382,2024-07,28213.93
C00382,2024-08,28213.93
C00382,2024-09,28213.93
C00382,2024-10,28213.93
C00382,2024-11,28213.93
C00382,2024-12,28213.93
C00382,2025-01,28213.93
C00382,2025-02,28213.93
C00382,2025-03,28213.93
C00382,2025-04,28213.93
C00382,2025-05,28213.93
C00382,2025-06,28213.93
C00382,2025-07,28213.93
C00382,2025-08,28213.93
C00382,2025-09,28213.93
C00382,2025-10,28213.93
C00382,2025-11,28213.93
C00382,2025-12,28213.93
C00382,2026-01,28213.93
C00382,2026-02,28213.93
C00382,2026-03,28213.93
C00382,2026-04,32539.67
C00382,2026-05,32539.67
C00382,2026-06,32539.67
C00383,2023-12,29455.46
C00383,2024-01,29455.46
C00383,2024-02,29455.46
C00383,2024-03,29455.46
C00383,2024-04,29455.46
C00383,2024-05,29455.46
C00383,2024-06,29455.46
C00384,2023-12,6935.03
C00385,2023-12,6346.23
C00385,2024-01,6346.23
C00385,2024-02,6346.23
C00385,2024-03,6346.23
C00385,2024-04,6346.23
C00385,2024-05,6346.23
C00385,2024-06,6346.23
C00385,2024-07,6346.23
C00385,2024-08,6346.23
C00385,2024-09,6346.23
C00385,2024-10,6346.23
C00385,2024-11,6346.23
C00385,2024-12,6346.23
C00385,2025-01,6346.23
C00385,2025-02,6346.23
C00385,2025-03,6346.23
C00385,2025-04,6346.23
C00385,2025-05,6346.23
C00385,2025-06,6346.23
C00385,2025-07,6346.23
C00385,2025-08,6346.23
C00385,2025-09,6346.23
C00385,2025-10,6346.23
C00385,2025-11,6346.23
C00385,2025-12,6346.23
C00385,2026-01,6346.23
C00385,2026-02,6346.23
C00385,2026-03,6346.23
C00385,2026-04,6346.23
C00386,2023-12,220561.75
C00386,2024-01,220561.75
C00386,2024-02,220561.75
C00386,2024-03,220561.75
C00386,2024-04,220561.75
C00386,2024-05,220561.75
C00386,2024-06,220561.75
C00386,2024-07,220561.75
C00386,2024-08,220561.75
C00386,2024-09,220561.75
C00386,2024-10,220561.75
C00386,2024-11,220561.75
C00386,2024-12,220561.75
C00386,2025-01,220561.75
C00386,2025-02,220561.75
C00386,2025-03,220561.75
C00386,2025-04,220561.75
C00386,2025-05,220561.75
C00386,2025-06,220561.75
C00386,2025-07,220561.75
C00386,2025-08,220561.75
C00386,2025-09,220561.75
C00386,2025-10,220561.75
C00386,2025-11,220561.75
C00386,2025-12,220561.75
C00386,2026-01,220561.75
C00386,2026-02,220561.75
C00386,2026-03,220561.75
C00386,2026-04,220561.75
C00386,2026-05,220561.75
C00386,2026-06,220561.75
C00387,2023-12,8490.02
C00387,2024-01,8490.02
C00387,2024-02,8490.02
C00387,2024-03,8490.02
C00387,2024-04,8490.02
C00387,2024-05,8490.02
C00387,2024-06,8490.02
C00387,2024-07,8490.02
C00387,2024-08,8490.02
C00387,2024-09,8490.02
C00387,2024-10,8490.02
C00387,2024-11,8490.02
C00387,2024-12,8490.02
C00387,2025-01,8490.02
C00387,2025-02,8490.02
C00387,2025-03,8490.02
C00387,2025-04,8490.02
C00387,2025-05,8490.02
C00387,2025-06,8490.02
C00387,2025-07,8490.02
C00387,2025-08,8490.02
C00387,2025-09,8490.02
C00387,2025-10,8490.02
C00387,2025-11,8490.02
C00387,2025-12,8490.02
C00387,2026-01,8490.02
C00387,2026-02,8490.02
C00387,2026-03,8490.02
C00387,2026-04,8490.02
C00387,2026-05,8490.02
C00387,2026-06,8490.02
C00388,2023-12,3315.15
C00388,2024-01,3315.15
C00388,2024-02,3315.15
C00388,2024-03,3315.15
C00388,2024-04,3315.15
C00388,2024-05,3315.15
C00388,2024-06,3315.15
C00388,2024-07,3315.15
C00389,2023-12,35357.63
C00389,2024-01,35357.63
C00389,2024-02,35357.63
C00389,2024-03,35357.63
C00389,2024-04,35357.63
C00390,2023-12,124763.83
C00390,2024-01,124763.83
C00390,2024-02,124763.83
C00390,2024-03,124763.83
C00390,2024-04,124763.83
C00390,2024-05,124763.83
C00390,2024-06,124763.83
C00390,2024-07,124763.83
C00390,2024-08,124763.83
C00390,2024-09,124763.83
C00390,2024-10,124763.83
C00390,2024-11,124763.83
C00390,2024-12,124763.83
C00390,2025-01,124763.83
C00390,2025-02,124763.83
C00390,2025-03,124763.83
C00390,2025-04,124763.83
C00390,2025-05,124763.83
C00390,2025-06,124763.83
C00390,2025-07,124763.83
C00390,2025-08,124763.83
C00390,2025-09,124763.83
C00390,2025-10,124763.83
C00390,2025-11,124763.83
C00390,2025-12,124763.83
C00390,2026-01,124763.83
C00390,2026-02,124763.83
C00390,2026-03,124763.83
C00390,2026-04,124763.83
C00390,2026-05,124763.83
C00390,2026-06,124763.83
C00391,2023-12,9448.18
C00391,2024-01,9448.18
C00391,2024-02,9448.18
C00391,2024-03,9448.18
C00391,2024-04,9448.18
C00391,2024-05,9448.18
C00391,2024-06,9448.18
C00391,2024-07,9448.18
C00391,2024-08,9448.18
C00391,2024-09,9448.18
C00391,2024-10,9448.18
C00391,2024-11,9448.18
C00391,2024-12,9448.18
C00391,2025-01,9448.18
C00391,2025-02,9448.18
C00391,2025-03,9448.18
C00391,2025-04,9448.18
C00391,2025-05,9448.18
C00391,2025-06,9448.18
C00391,2025-07,9448.18
C00391,2025-08,9448.18
C00391,2025-09,9448.18
C00391,2025-10,9448.18
C00391,2025-11,9448.18
C00391,2025-12,9448.18
C00391,2026-01,9448.18
C00391,2026-02,9448.18
C00391,2026-03,9448.18
C00391,2026-04,9448.18
C00391,2026-05,9448.18
C00391,2026-06,9448.18
C00392,2023-12,5731.67
C00392,2024-01,5731.67
C00392,2024-02,5731.67
C00392,2024-03,5731.67
C00392,2024-04,5731.67
C00392,2024-05,5731.67
C00392,2024-06,5731.67
C00392,2024-07,5731.67
C00392,2024-08,5731.67
C00392,2024-09,5731.67
C00392,2024-10,5731.67
C00392,2024-11,5731.67
C00392,2024-12,5731.67
C00392,2025-01,5731.67
C00392,2025-02,5731.67
C00392,2025-03,5731.67
C00392,2025-04,5731.67
C00392,2025-05,5731.67
C00392,2025-06,5731.67
C00392,2025-07,5731.67
C00392,2025-08,5731.67
C00392,2025-09,5731.67
C00392,2025-10,5731.67
C00392,2025-11,5731.67
C00392,2025-12,5731.67
C00392,2026-01,5731.67
C00392,2026-02,5731.67
C00392,2026-03,5731.67
C00392,2026-04,5731.67
C00392,2026-05,5731.67
C00392,2026-06,5731.67
C00393,2023-12,1988.92
C00393,2024-01,1988.92
C00393,2024-02,1988.92
C00393,2024-03,1988.92
C00393,2024-04,1988.92
C00393,2024-05,1988.92
C00393,2024-06,1988.92
C00393,2024-07,1988.92
C00394,2023-12,9619.22
C00394,2024-01,9619.22
C00394,2024-02,9619.22
C00394,2024-03,9619.22
C00394,2024-04,9619.22
C00394,2024-05,9619.22
C00394,2024-06,9619.22
C00394,2024-07,9619.22
C00394,2024-08,9619.22
C00394,2024-09,9619.22
C00394,2024-10,9619.22
C00394,2024-11,9619.22
C00394,2024-12,9619.22
C00394,2025-01,9619.22
C00394,2025-02,9619.22
C00394,2025-03,9619.22
C00394,2025-04,9619.22
C00394,2025-05,9619.22
C00394,2025-06,9619.22
C00394,2025-07,9619.22
C00394,2025-08,9619.22
C00394,2025-09,9619.22
C00394,2025-10,9619.22
C00394,2025-11,9619.22
C00394,2025-12,9619.22
C00394,2026-01,9619.22
C00394,2026-02,9619.22
C00394,2026-03,9619.22
C00394,2026-04,9619.22
C00394,2026-05,9619.22
C00394,2026-06,9619.22
C00395,2023-12,17845.88
C00395,2024-01,17845.88
C00395,2024-02,17845.88
C00395,2024-03,17845.88
C00395,2024-04,17845.88
C00395,2024-05,17845.88
C00395,2024-06,17845.88
C00395,2024-07,17845.88
C00395,2024-08,17845.88
C00395,2024-09,17845.88
C00395,2024-10,17845.88
C00395,2024-11,17845.88
C00395,2024-12,17845.88
C00395,2025-01,17845.88
C00395,2025-02,17845.88
C00395,2025-03,17845.88
C00395,2025-04,17845.88
C00395,2025-05,17845.88
C00395,2025-06,17845.88
C00395,2025-07,17845.88
C00395,2025-08,17845.88
C00395,2025-09,17845.88
C00395,2025-10,17845.88
C00395,2025-11,17845.88
C00395,2025-12,17845.88
C00395,2026-01,17845.88
C00395,2026-02,17845.88
C00395,2026-03,17845.88
C00395,2026-04,17845.88
C00395,2026-05,17845.88
C00395,2026-06,17845.88
C00396,2023-12,28045.76
C00396,2024-01,28045.76
C00396,2024-02,28045.76
C00396,2024-03,28045.76
C00396,2024-04,28045.76
C00396,2024-05,28045.76
C00396,2024-06,28045.76
C00396,2024-07,28045.76
C00396,2024-08,28045.76
C00396,2024-09,28045.76
C00396,2024-10,28045.76
C00396,2024-11,28045.76
C00396,2024-12,28045.76
C00396,2025-01,28045.76
C00396,2025-02,28045.76
C00396,2025-03,28045.76
C00396,2025-04,28045.76
C00396,2025-05,28045.76
C00396,2025-06,28045.76
C00396,2025-07,28045.76
C00396,2025-08,28045.76
C00396,2025-09,28045.76
C00396,2025-10,28045.76
C00396,2025-11,28045.76
C00396,2025-12,24747.94
C00396,2026-01,24747.94
C00396,2026-02,24747.94
C00396,2026-03,24747.94
C00396,2026-04,24747.94
C00396,2026-05,24747.94
C00396,2026-06,24747.94
C00397,2023-12,7032.72
C00397,2024-01,7032.72
C00397,2024-02,7032.72
C00397,2024-03,7032.72
C00397,2024-04,7032.72
C00397,2024-05,7032.72
C00397,2024-06,7032.72
C00397,2024-07,7032.72
C00397,2024-08,7032.72
C00397,2024-09,7032.72
C00397,2024-10,7032.72
C00397,2024-11,7032.72
C00397,2024-12,7032.72
C00397,2025-01,7032.72
C00397,2025-02,7032.72
C00397,2025-03,7032.72
C00397,2025-04,7032.72
C00397,2025-05,7032.72
C00397,2025-06,7032.72
C00397,2025-07,7032.72
C00397,2025-08,7032.72
C00397,2025-09,7032.72
C00397,2025-10,7032.72
C00397,2025-11,7032.72
C00397,2025-12,7032.72
C00397,2026-01,7032.72
C00397,2026-02,7032.72
C00397,2026-03,7032.72
C00397,2026-04,7032.72
C00397,2026-05,7032.72
C00397,2026-06,7032.72
C00398,2023-12,2250.02
C00398,2024-01,2250.02
C00398,2024-02,2250.02
C00398,2024-03,2250.02
C00398,2024-04,2250.02
C00398,2024-05,2250.02
C00398,2024-06,2250.02
C00398,2024-07,2250.02
C00398,2024-08,2250.02
C00398,2024-09,2250.02
C00398,2024-10,2250.02
C00398,2024-11,2250.02
C00398,2024-12,2250.02
C00398,2025-01,2250.02
C00398,2025-02,2250.02
C00398,2025-03,2250.02
C00398,2025-04,2250.02
C00398,2025-05,2250.02
C00398,2025-06,2250.02
C00398,2025-07,2250.02
C00398,2025-08,2250.02
C00398,2025-09,2250.02
C00398,2025-10,2250.02
C00398,2025-11,2250.02
C00398,2025-12,2250.02
C00398,2026-01,2250.02
C00398,2026-02,2250.02
C00398,2026-03,2250.02
C00398,2026-04,2250.02
C00398,2026-05,2250.02
C00398,2026-06,2250.02
C00399,2024-01,42061.75
C00399,2024-02,42061.75
C00399,2024-03,42061.75
C00399,2024-04,42061.75
C00399,2024-05,42061.75
C00399,2024-06,42061.75
C00399,2024-07,42061.75
C00399,2024-08,42061.75
C00399,2024-09,42061.75
C00399,2024-10,42061.75
C00399,2024-11,42061.75
C00399,2024-12,42061.75
C00399,2025-01,42061.75
C00399,2025-02,42061.75
C00399,2025-03,42061.75
C00399,2025-04,42061.75
C00399,2025-05,42061.75
C00399,2025-06,42061.75
C00399,2025-07,42061.75
C00399,2025-08,42061.75
C00399,2025-09,42061.75
C00399,2025-10,42061.75
C00399,2025-11,42061.75
C00399,2025-12,42061.75
C00399,2026-01,42061.75
C00399,2026-02,42061.75
C00399,2026-03,42061.75
C00399,2026-04,42061.75
C00399,2026-05,42061.75
C00399,2026-06,42061.75
C00400,2024-01,5084.55
C00400,2024-02,5084.55
C00400,2024-03,5084.55
C00400,2024-04,5084.55
C00400,2024-05,5084.55
C00400,2024-06,5761.08
C00400,2024-07,5761.08
C00400,2024-08,5761.08
C00400,2024-09,5761.08
C00400,2024-10,5761.08
C00400,2024-11,5761.08
C00400,2024-12,5761.08
C00400,2025-01,5761.08
C00400,2025-02,5761.08
C00400,2025-03,5761.08
C00400,2025-04,5761.08
C00400,2025-05,7396.94
C00400,2025-06,7396.94
C00400,2025-07,7396.94
C00400,2025-08,7396.94
C00400,2025-09,7396.94
C00400,2025-10,7396.94
C00400,2025-11,7396.94
C00400,2025-12,7396.94
C00400,2026-01,7396.94
C00400,2026-02,7396.94
C00400,2026-03,7396.94
C00400,2026-04,7396.94
C00400,2026-05,7396.94
C00400,2026-06,7396.94
C00401,2024-01,56581.98
C00401,2024-02,56581.98
C00401,2024-03,56581.98
C00401,2024-04,56581.98
C00402,2024-01,134009.58
C00402,2024-02,134009.58
C00402,2024-03,134009.58
C00402,2024-04,134009.58
C00402,2024-05,134009.58
C00402,2024-06,134009.58
C00402,2024-07,134009.58
C00402,2024-08,134009.58
C00402,2024-09,134009.58
C00402,2024-10,151811.12
C00402,2024-11,151811.12
C00402,2024-12,151811.12
C00402,2025-01,151811.12
C00402,2025-02,151811.12
C00402,2025-03,151811.12
C00402,2025-04,151811.12
C00402,2025-05,151811.12
C00402,2025-06,151811.12
C00402,2025-07,151811.12
C00402,2025-08,151811.12
C00402,2025-09,151811.12
C00402,2025-10,151811.12
C00402,2025-11,151811.12
C00402,2025-12,151811.12
C00402,2026-01,151811.12
C00402,2026-02,151811.12
C00402,2026-03,151811.12
C00402,2026-04,151811.12
C00402,2026-05,151811.12
C00402,2026-06,151811.12
C00403,2024-01,7439.2
C00403,2024-02,7439.2
C00403,2024-03,7439.2
C00403,2024-04,7439.2
C00404,2024-01,3327.67
C00404,2024-02,3327.67
C00404,2024-03,3327.67
C00404,2024-04,3327.67
C00404,2024-05,3327.67
C00404,2024-06,3327.67
C00404,2024-07,3327.67
C00404,2024-08,3327.67
C00405,2024-01,50309.48
C00405,2024-02,50309.48
C00405,2024-03,50309.48
C00405,2024-04,50309.48
C00405,2024-05,50309.48
C00405,2024-06,50309.48
C00405,2024-07,50309.48
C00405,2024-08,50309.48
C00405,2024-09,50309.48
C00405,2024-10,50309.48
C00405,2024-11,50309.48
C00405,2024-12,50309.48
C00405,2025-01,50309.48
C00405,2025-02,50309.48
C00405,2025-03,50309.48
C00405,2025-04,50309.48
C00405,2025-05,50309.48
C00405,2025-06,50309.48
C00405,2025-07,50309.48
C00405,2025-08,50309.48
C00405,2025-09,50309.48
C00405,2025-10,50309.48
C00405,2025-11,50309.48
C00405,2025-12,50309.48
C00405,2026-01,50309.48
C00405,2026-02,50309.48
C00405,2026-03,50309.48
C00405,2026-04,50309.48
C00405,2026-05,50309.48
C00405,2026-06,50309.48
C00406,2024-01,110185.25
C00406,2024-02,110185.25
C00406,2024-03,110185.25
C00406,2024-04,110185.25
C00406,2024-05,110185.25
C00406,2024-06,110185.25
C00406,2024-07,110185.25
C00406,2024-08,110185.25
C00406,2024-09,110185.25
C00406,2024-10,110185.25
C00406,2024-11,110185.25
C00406,2024-12,110185.25
C00406,2025-01,110185.25
C00406,2025-02,110185.25
C00406,2025-03,110185.25
C00406,2025-04,110185.25
C00406,2025-05,110185.25
C00406,2025-06,110185.25
C00406,2025-07,110185.25
C00406,2025-08,110185.25
C00406,2025-09,110185.25
C00406,2025-10,110185.25
C00406,2025-11,110185.25
C00406,2025-12,110185.25
C00406,2026-01,110185.25
C00406,2026-02,110185.25
C00406,2026-03,110185.25
C00406,2026-04,110185.25
C00406,2026-05,110185.25
C00406,2026-06,110185.25
C00407,2024-01,29712.0
C00407,2024-02,29712.0
C00407,2024-03,29712.0
C00407,2024-04,29712.0
C00407,2024-05,29712.0
C00407,2024-06,29712.0
C00407,2024-07,29712.0
C00407,2024-08,29712.0
C00407,2024-09,29712.0
C00407,2024-10,29712.0
C00407,2024-11,29712.0
C00407,2024-12,29712.0
C00407,2025-01,29712.0
C00407,2025-02,29712.0
C00407,2025-03,29712.0
C00407,2025-04,29712.0
C00407,2025-05,29712.0
C00407,2025-06,29712.0
C00407,2025-07,29712.0
C00407,2025-08,29712.0
C00407,2025-09,29712.0
C00407,2025-10,29712.0
C00407,2025-11,29712.0
C00407,2025-12,29712.0
C00407,2026-01,29712.0
C00407,2026-02,29712.0
C00407,2026-03,29712.0
C00407,2026-04,29712.0
C00407,2026-05,29712.0
C00407,2026-06,29712.0
C00408,2024-01,39008.36
C00408,2024-02,39008.36
C00408,2024-03,39008.36
C00408,2024-04,39008.36
C00408,2024-05,39008.36
C00408,2024-06,39008.36
C00408,2024-07,39008.36
C00408,2024-08,39008.36
C00408,2024-09,39008.36
C00408,2024-10,39008.36
C00408,2024-11,39008.36
C00408,2024-12,39008.36
C00408,2025-01,39008.36
C00408,2025-02,39008.36
C00408,2025-03,39008.36
C00408,2025-04,39008.36
C00408,2025-05,39008.36
C00408,2025-06,39008.36
C00408,2025-07,39008.36
C00408,2025-08,39008.36
C00408,2025-09,39008.36
C00408,2025-10,39008.36
C00408,2025-11,39008.36
C00408,2025-12,39008.36
C00408,2026-01,39008.36
C00408,2026-02,39008.36
C00408,2026-03,39008.36
C00408,2026-04,39008.36
C00408,2026-05,39008.36
C00408,2026-06,39008.36
C00409,2024-01,5887.35
C00409,2024-02,5887.35
C00409,2024-03,5887.35
C00409,2024-04,5887.35
C00409,2024-05,5887.35
C00409,2024-06,5887.35
C00409,2024-07,5887.35
C00410,2024-01,9371.89
C00410,2024-02,9371.89
C00410,2024-03,9371.89
C00410,2024-04,9371.89
C00410,2024-05,9371.89
C00410,2024-06,9371.89
C00410,2024-07,9371.89
C00410,2024-08,9371.89
C00410,2024-09,9371.89
C00410,2024-10,9371.89
C00410,2024-11,9371.89
C00410,2024-12,9371.89
C00410,2025-01,9371.89
C00410,2025-02,9371.89
C00410,2025-03,9371.89
C00410,2025-04,9371.89
C00410,2025-05,9371.89
C00410,2025-06,9371.89
C00410,2025-07,9371.89
C00410,2025-08,9371.89
C00410,2025-09,9371.89
C00410,2025-10,9371.89
C00410,2025-11,9371.89
C00410,2025-12,9371.89
C00410,2026-01,9371.89
C00410,2026-02,9371.89
C00410,2026-03,9371.89
C00410,2026-04,9371.89
C00410,2026-05,9371.89
C00410,2026-06,9371.89
C00411,2024-01,8453.09
C00412,2024-01,8725.38
C00412,2024-02,8725.38
C00412,2024-03,8725.38
C00412,2024-04,8725.38
C00412,2024-05,8725.38
C00412,2024-06,8725.38
C00413,2024-01,53604.47
C00413,2024-02,53604.47
C00413,2024-03,63562.65
C00413,2024-04,63562.65
C00413,2024-05,63562.65
C00413,2024-06,63562.65
C00413,2024-07,63562.65
C00413,2024-08,63562.65
C00413,2024-09,63562.65
C00413,2024-10,63562.65
C00413,2024-11,63562.65
C00413,2024-12,63562.65
C00413,2025-01,63562.65
C00413,2025-02,63562.65
C00413,2025-03,63562.65
C00413,2025-04,63562.65
C00413,2025-05,63562.65
C00413,2025-06,63562.65
C00413,2025-07,63562.65
C00413,2025-08,63562.65
C00413,2025-09,63562.65
C00413,2025-10,63562.65
C00413,2025-11,63562.65
C00413,2025-12,63562.65
C00413,2026-01,63562.65
C00413,2026-02,63562.65
C00413,2026-03,63562.65
C00413,2026-04,63562.65
C00413,2026-05,63562.65
C00413,2026-06,63562.65
C00414,2024-01,3563.21
C00414,2024-02,3563.21
C00414,2024-03,3563.21
C00414,2024-04,3563.21
C00414,2024-05,3563.21
C00414,2024-06,3563.21
C00414,2024-07,3563.21
C00414,2024-08,3563.21
C00414,2024-09,3563.21
C00414,2024-10,3563.21
C00414,2024-11,3563.21
C00414,2024-12,3563.21
C00414,2025-01,3563.21
C00414,2025-02,3563.21
C00414,2025-03,3563.21
C00414,2025-04,3563.21
C00414,2025-05,3563.21
C00414,2025-06,3563.21
C00414,2025-07,3563.21
C00414,2025-08,3563.21
C00414,2025-09,3563.21
C00414,2025-10,3563.21
C00414,2025-11,3563.21
C00414,2025-12,3563.21
C00414,2026-01,3563.21
C00414,2026-02,3563.21
C00414,2026-03,3563.21
C00414,2026-04,3563.21
C00414,2026-05,3563.21
C00414,2026-06,3563.21
C00415,2024-01,5580.07
C00415,2024-02,5580.07
C00415,2024-03,5580.07
C00415,2024-04,5580.07
C00415,2024-05,5580.07
C00415,2024-06,5580.07
C00415,2024-07,5580.07
C00415,2024-08,5580.07
C00415,2024-09,5580.07
C00415,2024-10,5580.07
C00415,2024-11,5580.07
C00415,2024-12,5580.07
C00415,2025-01,5580.07
C00415,2025-02,5580.07
C00415,2025-03,5580.07
C00415,2025-04,5580.07
C00415,2025-05,5580.07
C00415,2025-06,5580.07
C00415,2025-07,5580.07
C00415,2025-08,5580.07
C00415,2025-09,5580.07
C00415,2025-10,5580.07
C00415,2025-11,5580.07
C00415,2025-12,5580.07
C00415,2026-01,5580.07
C00415,2026-02,5580.07
C00415,2026-03,5580.07
C00415,2026-04,5580.07
C00415,2026-05,5580.07
C00415,2026-06,5580.07
C00416,2024-01,52582.83
C00416,2024-02,52582.83
C00416,2024-03,52582.83
C00416,2024-04,52582.83
C00416,2024-05,52582.83
C00416,2024-06,52582.83
C00416,2024-07,52582.83
C00416,2024-08,52582.83
C00416,2024-09,52582.83
C00416,2024-10,52582.83
C00416,2024-11,52582.83
C00416,2024-12,52582.83
C00416,2025-01,52582.83
C00416,2025-02,52582.83
C00416,2025-03,52582.83
C00416,2025-04,52582.83
C00417,2024-01,2152.75
C00417,2024-02,2152.75
C00417,2024-03,2152.75
C00417,2024-04,2152.75
C00417,2024-05,2152.75
C00417,2024-06,2152.75
C00417,2024-07,2152.75
C00417,2024-08,2152.75
C00417,2024-09,2152.75
C00417,2024-10,2152.75
C00417,2024-11,2152.75
C00417,2024-12,2152.75
C00417,2025-01,2152.75
C00417,2025-02,2152.75
C00417,2025-03,2152.75
C00417,2025-04,2152.75
C00417,2025-05,2152.75
C00417,2025-06,2152.75
C00417,2025-07,2152.75
C00417,2025-08,2152.75
C00417,2025-09,2152.75
C00418,2024-01,23132.37
C00418,2024-02,23132.37
C00418,2024-03,23132.37
C00418,2024-04,23132.37
C00418,2024-05,23132.37
C00418,2024-06,23132.37
C00418,2024-07,23132.37
C00418,2024-08,23132.37
C00418,2024-09,23132.37
C00418,2024-10,23132.37
C00418,2024-11,23132.37
C00418,2024-12,23132.37
C00418,2025-01,23132.37
C00418,2025-02,23132.37
C00418,2025-03,23132.37
C00418,2025-04,23132.37
C00418,2025-05,23132.37
C00418,2025-06,23132.37
C00418,2025-07,23132.37
C00418,2025-08,23132.37
C00418,2025-09,23132.37
C00418,2025-10,23132.37
C00418,2025-11,23132.37
C00418,2025-12,23132.37
C00418,2026-01,23132.37
C00418,2026-02,23132.37
C00418,2026-03,23132.37
C00418,2026-04,23132.37
C00418,2026-05,23132.37
C00418,2026-06,23132.37
C00419,2024-01,10217.52
C00419,2024-02,10217.52
C00419,2024-03,10217.52
C00419,2024-04,10217.52
C00419,2024-05,10217.52
C00419,2024-06,10217.52
C00419,2024-07,10217.52
C00419,2024-08,10217.52
C00419,2024-09,10217.52
C00419,2024-10,10217.52
C00419,2024-11,10217.52
C00419,2024-12,10217.52
C00419,2025-01,10217.52
C00419,2025-02,10217.52
C00419,2025-03,10217.52
C00419,2025-04,10217.52
C00419,2025-05,10217.52
C00419,2025-06,10217.52
C00419,2025-07,10217.52
C00419,2025-08,10217.52
C00419,2025-09,10217.52
C00419,2025-10,10217.52
C00419,2025-11,10217.52
C00419,2025-12,10217.52
C00419,2026-01,10217.52
C00419,2026-02,10217.52
C00419,2026-03,10217.52
C00419,2026-04,10217.52
C00419,2026-05,10217.52
C00419,2026-06,10217.52
C00420,2024-01,7411.17
C00420,2024-02,7411.17
C00420,2024-03,7411.17
C00420,2024-04,7411.17
C00420,2024-05,7411.17
C00420,2024-06,7411.17
C00420,2024-07,7411.17
C00420,2024-08,7411.17
C00420,2024-09,7411.17
C00420,2024-10,7411.17
C00420,2024-11,7411.17
C00420,2024-12,7411.17
C00420,2025-01,7411.17
C00420,2025-02,7411.17
C00420,2025-03,7411.17
C00420,2025-04,7411.17
C00420,2025-05,7411.17
C00420,2025-06,7411.17
C00420,2025-07,7411.17
C00420,2025-08,7411.17
C00420,2025-09,7411.17
C00420,2025-10,7411.17
C00420,2025-11,7411.17
C00420,2025-12,7411.17
C00420,2026-01,7411.17
C00420,2026-02,7411.17
C00420,2026-03,7411.17
C00420,2026-04,7411.17
C00420,2026-05,7411.17
C00420,2026-06,7411.17
C00421,2024-01,2489.04
C00421,2024-02,2489.04
C00421,2024-03,2489.04
C00421,2024-04,2489.04
C00421,2024-05,2489.04
C00421,2024-06,2489.04
C00422,2024-01,26257.11
C00422,2024-02,26257.11
C00422,2024-03,26257.11
C00422,2024-04,26257.11
C00422,2024-05,26257.11
C00422,2024-06,26257.11
C00422,2024-07,26257.11
C00422,2024-08,26257.11
C00422,2024-09,26257.11
C00422,2024-10,26257.11
C00422,2024-11,26257.11
C00422,2024-12,26257.11
C00422,2025-01,26257.11
C00422,2025-02,26257.11
C00422,2025-03,26257.11
C00422,2025-04,26257.11
C00422,2025-05,26257.11
C00422,2025-06,26257.11
C00422,2025-07,26257.11
C00422,2025-08,26257.11
C00422,2025-09,26257.11
C00422,2025-10,26257.11
C00422,2025-11,26257.11
C00422,2025-12,26257.11
C00422,2026-01,26257.11
C00422,2026-02,26257.11
C00422,2026-03,26257.11
C00422,2026-04,26257.11
C00422,2026-05,26257.11
C00422,2026-06,26257.11
C00423,2024-01,9688.82
C00423,2024-02,9688.82
C00423,2024-03,9688.82
C00423,2024-04,9688.82
C00423,2024-05,9688.82
C00423,2024-06,9688.82
C00423,2024-07,9688.82
C00423,2024-08,9688.82
C00423,2024-09,9688.82
C00423,2024-10,9688.82
C00423,2024-11,9688.82
C00423,2024-12,9688.82
C00423,2025-01,9688.82
C00423,2025-02,9688.82
C00423,2025-03,9688.82
C00423,2025-04,9688.82
C00423,2025-05,9688.82
C00423,2025-06,9688.82
C00423,2025-07,9688.82
C00423,2025-08,9688.82
C00423,2025-09,9688.82
C00423,2025-10,9688.82
C00423,2025-11,9688.82
C00423,2025-12,9688.82
C00423,2026-01,9688.82
C00423,2026-02,9688.82
C00423,2026-03,9688.82
C00423,2026-04,9688.82
C00423,2026-05,9688.82
C00423,2026-06,9688.82
C00424,2024-02,10461.19
C00424,2024-03,10461.19
C00424,2024-04,10461.19
C00424,2024-05,10461.19
C00424,2024-06,10461.19
C00424,2024-07,10461.19
C00424,2024-08,10461.19
C00424,2024-09,10461.19
C00424,2024-10,10461.19
C00424,2024-11,10461.19
C00425,2024-02,21495.16
C00425,2024-03,21495.16
C00425,2024-04,21495.16
C00425,2024-05,21495.16
C00425,2024-06,21495.16
C00425,2024-07,21495.16
C00425,2024-08,21495.16
C00425,2024-09,21495.16
C00425,2024-10,21495.16
C00425,2024-11,21495.16
C00425,2024-12,21495.16
C00425,2025-01,21495.16
C00425,2025-02,21495.16
C00425,2025-03,21495.16
C00425,2025-04,21495.16
C00425,2025-05,21495.16
C00425,2025-06,21495.16
C00425,2025-07,21495.16
C00425,2025-08,21495.16
C00425,2025-09,21495.16
C00425,2025-10,21495.16
C00425,2025-11,21495.16
C00425,2025-12,21495.16
C00425,2026-01,21495.16
C00425,2026-02,21495.16
C00425,2026-03,21495.16
C00425,2026-04,21495.16
C00425,2026-05,21495.16
C00425,2026-06,21495.16
C00426,2024-02,18107.64
C00426,2024-03,18107.64
C00426,2024-04,18107.64
C00426,2024-05,18107.64
C00426,2024-06,18107.64
C00427,2024-02,155462.06
C00427,2024-03,155462.06
C00427,2024-04,155462.06
C00427,2024-05,155462.06
C00427,2024-06,155462.06
C00427,2024-07,155462.06
C00427,2024-08,168846.71
C00427,2024-09,168846.71
C00427,2024-10,168846.71
C00427,2024-11,168846.71
C00427,2024-12,168846.71
C00427,2025-01,168846.71
C00427,2025-02,168846.71
C00427,2025-03,168846.71
C00427,2025-04,168846.71
C00427,2025-05,168846.71
C00427,2025-06,168846.71
C00427,2025-07,168846.71
C00427,2025-08,168846.71
C00427,2025-09,168846.71
C00427,2025-10,168846.71
C00427,2025-11,168846.71
C00427,2025-12,168846.71
C00427,2026-01,168846.71
C00427,2026-02,168846.71
C00427,2026-03,168846.71
C00427,2026-04,168846.71
C00427,2026-05,168846.71
C00427,2026-06,168846.71
C00428,2024-02,63250.62
C00428,2024-03,63250.62
C00428,2024-04,63250.62
C00428,2024-05,63250.62
C00428,2024-06,78586.25
C00428,2024-07,78586.25
C00428,2024-08,78586.25
C00428,2024-09,78586.25
C00428,2024-10,78586.25
C00428,2024-11,78586.25
C00428,2024-12,78586.25
C00428,2025-01,78586.25
C00428,2025-02,78586.25
C00428,2025-03,78586.25
C00428,2025-04,78586.25
C00428,2025-05,78586.25
C00428,2025-06,78586.25
C00428,2025-07,78586.25
C00428,2025-08,78586.25
C00428,2025-09,78586.25
C00428,2025-10,78586.25
C00428,2025-11,78586.25
C00428,2025-12,78586.25
C00428,2026-01,78586.25
C00428,2026-02,78586.25
C00428,2026-03,78586.25
C00428,2026-04,78586.25
C00428,2026-05,78586.25
C00428,2026-06,78586.25
C00429,2024-02,5883.0
C00429,2024-03,5883.0
C00429,2024-04,5883.0
C00429,2024-05,5883.0
C00429,2024-06,5883.0
C00429,2024-07,5883.0
C00429,2024-08,5883.0
C00429,2024-09,5883.0
C00429,2024-10,5883.0
C00429,2024-11,5883.0
C00429,2024-12,5883.0
C00429,2025-01,5883.0
C00429,2025-02,5883.0
C00429,2025-03,5883.0
C00429,2025-04,5883.0
C00429,2025-05,5883.0
C00429,2025-06,5883.0
C00429,2025-07,5883.0
C00429,2025-08,5883.0
C00429,2025-09,5883.0
C00429,2025-10,5883.0
C00429,2025-11,5883.0
C00429,2025-12,5883.0
C00429,2026-01,5883.0
C00429,2026-02,5883.0
C00430,2024-02,9166.41
C00430,2024-03,9166.41
C00430,2024-04,9166.41
C00430,2024-05,9166.41
C00430,2024-06,9166.41
C00430,2024-07,9166.41
C00430,2024-08,9166.41
C00430,2024-09,9166.41
C00430,2024-10,9166.41
C00430,2024-11,9166.41
C00430,2024-12,9166.41
C00430,2025-01,9166.41
C00430,2025-02,9166.41
C00430,2025-03,9166.41
C00430,2025-04,9166.41
C00430,2025-05,9166.41
C00430,2025-06,9166.41
C00430,2025-07,9166.41
C00430,2025-08,9166.41
C00430,2025-09,9166.41
C00430,2025-10,9166.41
C00430,2025-11,9166.41
C00430,2025-12,9166.41
C00430,2026-01,9166.41
C00430,2026-02,9166.41
C00431,2024-02,3246.66
C00431,2024-03,3246.66
C00431,2024-04,3246.66
C00431,2024-05,3246.66
C00431,2024-06,3246.66
C00431,2024-07,3246.66
C00431,2024-08,3246.66
C00431,2024-09,3246.66
C00431,2024-10,3246.66
C00431,2024-11,3246.66
C00431,2024-12,3246.66
C00431,2025-01,3246.66
C00431,2025-02,3246.66
C00431,2025-03,3246.66
C00431,2025-04,3246.66
C00431,2025-05,3246.66
C00431,2025-06,3246.66
C00431,2025-07,3246.66
C00431,2025-08,3246.66
C00431,2025-09,3246.66
C00431,2025-10,3246.66
C00431,2025-11,3246.66
C00431,2025-12,3246.66
C00431,2026-01,3246.66
C00432,2024-02,20342.18
C00432,2024-03,20342.18
C00432,2024-04,20342.18
C00432,2024-05,20342.18
C00432,2024-06,20342.18
C00432,2024-07,20342.18
C00432,2024-08,20342.18
C00432,2024-09,20342.18
C00432,2024-10,20342.18
C00432,2024-11,20342.18
C00432,2024-12,20342.18
C00432,2025-01,20342.18
C00432,2025-02,20342.18
C00432,2025-03,20342.18
C00432,2025-04,20342.18
C00432,2025-05,20342.18
C00432,2025-06,20342.18
C00432,2025-07,20342.18
C00432,2025-08,20342.18
C00432,2025-09,20342.18
C00432,2025-10,20342.18
C00432,2025-11,20342.18
C00432,2025-12,20342.18
C00432,2026-01,20342.18
C00432,2026-02,20342.18
C00432,2026-03,20342.18
C00432,2026-04,20342.18
C00432,2026-05,20342.18
C00432,2026-06,20342.18
C00433,2024-02,6123.04
C00433,2024-03,6123.04
C00433,2024-04,6123.04
C00433,2024-05,6123.04
C00433,2024-06,6123.04
C00433,2024-07,6123.04
C00433,2024-08,6123.04
C00433,2024-09,6123.04
C00433,2024-10,6123.04
C00433,2024-11,6123.04
C00433,2024-12,6123.04
C00433,2025-01,6123.04
C00433,2025-02,6123.04
C00433,2025-03,6123.04
C00433,2025-04,6123.04
C00433,2025-05,6123.04
C00433,2025-06,6123.04
C00433,2025-07,6123.04
C00433,2025-08,6123.04
C00433,2025-09,6123.04
C00433,2025-10,6123.04
C00433,2025-11,6123.04
C00433,2025-12,6123.04
C00433,2026-01,6123.04
C00433,2026-02,6123.04
C00433,2026-03,6123.04
C00433,2026-04,6123.04
C00433,2026-05,6123.04
C00433,2026-06,6123.04
C00434,2024-02,130027.5
C00434,2024-03,130027.5
C00434,2024-04,130027.5
C00434,2024-05,130027.5
C00434,2024-06,130027.5
C00434,2024-07,130027.5
C00434,2024-08,130027.5
C00434,2024-09,130027.5
C00434,2024-10,130027.5
C00434,2024-11,130027.5
C00434,2024-12,130027.5
C00434,2025-01,130027.5
C00434,2025-02,130027.5
C00434,2025-03,130027.5
C00434,2025-04,130027.5
C00434,2025-05,130027.5
C00434,2025-06,130027.5
C00434,2025-07,130027.5
C00434,2025-08,130027.5
C00434,2025-09,130027.5
C00434,2025-10,130027.5
C00434,2025-11,130027.5
C00434,2025-12,130027.5
C00434,2026-01,130027.5
C00434,2026-02,130027.5
C00434,2026-03,130027.5
C00434,2026-04,130027.5
C00434,2026-05,130027.5
C00434,2026-06,130027.5
C00435,2024-02,2051.82
C00435,2024-03,2051.82
C00435,2024-04,2051.82
C00435,2024-05,2051.82
C00435,2024-06,2051.82
C00435,2024-07,2051.82
C00435,2024-08,2051.82
C00435,2024-09,2051.82
C00435,2024-10,2051.82
C00435,2024-11,2051.82
C00435,2024-12,2051.82
C00435,2025-01,2051.82
C00435,2025-02,2051.82
C00435,2025-03,2051.82
C00435,2025-04,2051.82
C00435,2025-05,2051.82
C00435,2025-06,2051.82
C00435,2025-07,2051.82
C00435,2025-08,2051.82
C00435,2025-09,2051.82
C00435,2025-10,2051.82
C00435,2025-11,2051.82
C00435,2025-12,2051.82
C00435,2026-01,2051.82
C00435,2026-02,1537.23
C00435,2026-03,1537.23
C00435,2026-04,1537.23
C00435,2026-05,1537.23
C00435,2026-06,1088.77
C00436,2024-02,58518.06
C00436,2024-03,58518.06
C00436,2024-04,58518.06
C00436,2024-05,58518.06
C00436,2024-06,58518.06
C00436,2024-07,58518.06
C00436,2024-08,58518.06
C00436,2024-09,58518.06
C00436,2024-10,58518.06
C00436,2024-11,58518.06
C00436,2024-12,58518.06
C00436,2025-01,58518.06
C00436,2025-02,58518.06
C00436,2025-03,58518.06
C00436,2025-04,58518.06
C00436,2025-05,58518.06
C00436,2025-06,58518.06
C00436,2025-07,58518.06
C00436,2025-08,58518.06
C00436,2025-09,58518.06
C00436,2025-10,58518.06
C00436,2025-11,58518.06
C00436,2025-12,58518.06
C00436,2026-01,58518.06
C00436,2026-02,58518.06
C00436,2026-03,58518.06
C00436,2026-04,58518.06
C00436,2026-05,58518.06
C00436,2026-06,58518.06
C00437,2024-02,20313.06
C00437,2024-03,20313.06
C00437,2024-04,20313.06
C00437,2024-05,20313.06
C00437,2024-06,20313.06
C00437,2024-07,20313.06
C00437,2024-08,20313.06
C00437,2024-09,20313.06
C00437,2024-10,20313.06
C00437,2024-11,14416.4
C00437,2024-12,14416.4
C00437,2025-01,14416.4
C00437,2025-02,14416.4
C00437,2025-03,14416.4
C00437,2025-04,14416.4
C00438,2024-02,31678.95
C00438,2024-03,31678.95
C00438,2024-04,31678.95
C00438,2024-05,31678.95
C00438,2024-06,31678.95
C00438,2024-07,31678.95
C00438,2024-08,31678.95
C00438,2024-09,31678.95
C00438,2024-10,31678.95
C00438,2024-11,31678.95
C00438,2024-12,31678.95
C00438,2025-01,31678.95
C00438,2025-02,31678.95
C00438,2025-03,31678.95
C00438,2025-04,31678.95
C00438,2025-05,31678.95
C00438,2025-06,31678.95
C00438,2025-07,31678.95
C00438,2025-08,31678.95
C00438,2025-09,31678.95
C00438,2025-10,31678.95
C00438,2025-11,31678.95
C00438,2025-12,40718.62
C00438,2026-01,40718.62
C00438,2026-02,40718.62
C00438,2026-03,40718.62
C00438,2026-04,40718.62
C00438,2026-05,40718.62
C00438,2026-06,40718.62
C00439,2024-02,15424.21
C00439,2024-03,15424.21
C00439,2024-04,15424.21
C00439,2024-05,15424.21
C00439,2024-06,15424.21
C00439,2024-07,15424.21
C00439,2024-08,15424.21
C00439,2024-09,15424.21
C00439,2024-10,15424.21
C00439,2024-11,15424.21
C00439,2024-12,15424.21
C00439,2025-01,15424.21
C00439,2025-02,15424.21
C00439,2025-03,15424.21
C00439,2025-04,15424.21
C00439,2025-05,15424.21
C00439,2025-06,15424.21
C00439,2025-07,15424.21
C00439,2025-08,15424.21
C00439,2025-09,15424.21
C00439,2025-10,15424.21
C00439,2025-11,15424.21
C00439,2025-12,15424.21
C00439,2026-01,15424.21
C00439,2026-02,15424.21
C00439,2026-03,15424.21
C00439,2026-04,15424.21
C00439,2026-05,15424.21
C00439,2026-06,15424.21
C00440,2024-02,33060.29
C00440,2024-03,33060.29
C00440,2024-04,33060.29
C00440,2024-05,33060.29
C00440,2024-06,33060.29
C00440,2024-07,33060.29
C00440,2024-08,33060.29
C00440,2024-09,33060.29
C00440,2024-10,33060.29
C00440,2024-11,33060.29
C00440,2024-12,38518.65
C00440,2025-01,38518.65
C00440,2025-02,38518.65
C00440,2025-03,38518.65
C00440,2025-04,38518.65
C00440,2025-05,38518.65
C00440,2025-06,38518.65
C00440,2025-07,38518.65
C00440,2025-08,38518.65
C00440,2025-09,38518.65
C00440,2025-10,38518.65
C00440,2025-11,38518.65
C00440,2025-12,38518.65
C00440,2026-01,38518.65
C00440,2026-02,38518.65
C00440,2026-03,38518.65
C00440,2026-04,38518.65
C00440,2026-05,34262.71
C00440,2026-06,34262.71
C00441,2024-02,22916.8
C00441,2024-03,22916.8
C00441,2024-04,22916.8
C00441,2024-05,22916.8
C00441,2024-06,22916.8
C00441,2024-07,22916.8
C00441,2024-08,22916.8
C00441,2024-09,22916.8
C00441,2024-10,22916.8
C00441,2024-11,22916.8
C00441,2024-12,22916.8
C00441,2025-01,22916.8
C00441,2025-02,22916.8
C00441,2025-03,22916.8
C00441,2025-04,22916.8
C00441,2025-05,22916.8
C00441,2025-06,22916.8
C00441,2025-07,22916.8
C00441,2025-08,22916.8
C00441,2025-09,22916.8
C00441,2025-10,22916.8
C00441,2025-11,22916.8
C00441,2025-12,22916.8
C00441,2026-01,22916.8
C00441,2026-02,22916.8
C00441,2026-03,22916.8
C00441,2026-04,22916.8
C00441,2026-05,22916.8
C00441,2026-06,22916.8
C00442,2024-02,5876.04
C00442,2024-03,5876.04
C00442,2024-04,5876.04
C00442,2024-05,5876.04
C00442,2024-06,5876.04
C00442,2024-07,5876.04
C00442,2024-08,5876.04
C00442,2024-09,5876.04
C00442,2024-10,5876.04
C00442,2024-11,5876.04
C00442,2024-12,5876.04
C00442,2025-01,5876.04
C00442,2025-02,5876.04
C00442,2025-03,5876.04
C00442,2025-04,5876.04
C00442,2025-05,5876.04
C00442,2025-06,5876.04
C00442,2025-07,5876.04
C00442,2025-08,5876.04
C00442,2025-09,5876.04
C00442,2025-10,5876.04
C00442,2025-11,5876.04
C00442,2025-12,5876.04
C00442,2026-01,5876.04
C00442,2026-02,5876.04
C00442,2026-03,5876.04
C00442,2026-04,5876.04
C00442,2026-05,5876.04
C00442,2026-06,5876.04
C00443,2024-02,26522.99
C00443,2024-03,26522.99
C00443,2024-04,26522.99
C00443,2024-05,26522.99
C00443,2024-06,26522.99
C00443,2024-07,26522.99
C00443,2024-08,26522.99
C00443,2024-09,26522.99
C00443,2024-10,26522.99
C00443,2024-11,26522.99
C00443,2024-12,26522.99
C00443,2025-01,26522.99
C00443,2025-02,26522.99
C00443,2025-03,26522.99
C00443,2025-04,26522.99
C00443,2025-05,26522.99
C00443,2025-06,26522.99
C00443,2025-07,26522.99
C00443,2025-08,26522.99
C00443,2025-09,26522.99
C00443,2025-10,26522.99
C00443,2025-11,26522.99
C00443,2025-12,26522.99
C00443,2026-01,26522.99
C00443,2026-02,26522.99
C00443,2026-03,29524.48
C00443,2026-04,29524.48
C00443,2026-05,29524.48
C00443,2026-06,29524.48
C00444,2024-02,5102.9
C00444,2024-03,5102.9
C00444,2024-04,5102.9
C00444,2024-05,5102.9
C00444,2024-06,5102.9
C00444,2024-07,5102.9
C00445,2024-03,15752.37
C00445,2024-04,15752.37
C00445,2024-05,15752.37
C00445,2024-06,15752.37
C00445,2024-07,15752.37
C00445,2024-08,15752.37
C00445,2024-09,15752.37
C00445,2024-10,15752.37
C00445,2024-11,15752.37
C00445,2024-12,15752.37
C00445,2025-01,15752.37
C00445,2025-02,15752.37
C00445,2025-03,15752.37
C00445,2025-04,15752.37
C00445,2025-05,15752.37
C00445,2025-06,15752.37
C00445,2025-07,15752.37
C00445,2025-08,15752.37
C00445,2025-09,15752.37
C00445,2025-10,15752.37
C00445,2025-11,15752.37
C00445,2025-12,15752.37
C00445,2026-01,15752.37
C00445,2026-02,15752.37
C00445,2026-03,15752.37
C00445,2026-04,15752.37
C00445,2026-05,15752.37
C00445,2026-06,15752.37
C00446,2024-03,5715.19
C00446,2024-04,5715.19
C00446,2024-05,5715.19
C00446,2024-06,5715.19
C00446,2024-07,5715.19
C00446,2024-08,5715.19
C00446,2024-09,5715.19
C00446,2024-10,5715.19
C00446,2024-11,5715.19
C00446,2024-12,5715.19
C00446,2025-01,5715.19
C00446,2025-02,5715.19
C00446,2025-03,5715.19
C00446,2025-04,5093.92
C00446,2025-05,5093.92
C00446,2025-06,5093.92
C00446,2025-07,5093.92
C00446,2025-08,5093.92
C00446,2025-09,5093.92
C00446,2025-10,6105.04
C00446,2025-11,6105.04
C00446,2025-12,6105.04
C00446,2026-01,6105.04
C00446,2026-02,6105.04
C00446,2026-03,6105.04
C00446,2026-04,6105.04
C00446,2026-05,6105.04
C00446,2026-06,6105.04
C00447,2024-03,58992.51
C00447,2024-04,58992.51
C00447,2024-05,58992.51
C00447,2024-06,58992.51
C00447,2024-07,58992.51
C00447,2024-08,58992.51
C00447,2024-09,58992.51
C00447,2024-10,58992.51
C00447,2024-11,58992.51
C00447,2024-12,58992.51
C00447,2025-01,58992.51
C00447,2025-02,58992.51
C00447,2025-03,58992.51
C00447,2025-04,58992.51
C00447,2025-05,58992.51
C00447,2025-06,58992.51
C00447,2025-07,58992.51
C00447,2025-08,58992.51
C00447,2025-09,58992.51
C00447,2025-10,58992.51
C00447,2025-11,58992.51
C00447,2025-12,58992.51
C00447,2026-01,58992.51
C00447,2026-02,58992.51
C00447,2026-03,58992.51
C00447,2026-04,58992.51
C00448,2024-03,8228.79
C00448,2024-04,8228.79
C00448,2024-05,8228.79
C00448,2024-06,8228.79
C00448,2024-07,8228.79
C00448,2024-08,8228.79
C00448,2024-09,8228.79
C00448,2024-10,8228.79
C00448,2024-11,6031.0
C00448,2024-12,6031.0
C00448,2025-01,6031.0
C00448,2025-02,6031.0
C00448,2025-03,6031.0
C00448,2025-04,6031.0
C00448,2025-05,6031.0
C00448,2025-06,6031.0
C00448,2025-07,6031.0
C00448,2025-08,6031.0
C00448,2025-09,6031.0
C00449,2024-03,11490.02
C00449,2024-04,11490.02
C00449,2024-05,11490.02
C00449,2024-06,11490.02
C00449,2024-07,11490.02
C00449,2024-08,11490.02
C00449,2024-09,11490.02
C00449,2024-10,11490.02
C00449,2024-11,11490.02
C00449,2024-12,11490.02
C00449,2025-01,11490.02
C00449,2025-02,11490.02
C00449,2025-03,11490.02
C00449,2025-04,11490.02
C00449,2025-05,11490.02
C00449,2025-06,11490.02
C00449,2025-07,11490.02
C00449,2025-08,11490.02
C00449,2025-09,11490.02
C00449,2025-10,11490.02
C00449,2025-11,11490.02
C00449,2025-12,11490.02
C00449,2026-01,11490.02
C00449,2026-02,11490.02
C00449,2026-03,11490.02
C00449,2026-04,11490.02
C00449,2026-05,11490.02
C00449,2026-06,11490.02
C00450,2024-03,2589.04
C00450,2024-04,2589.04
C00450,2024-05,2589.04
C00450,2024-06,2589.04
C00450,2024-07,2589.04
C00450,2024-08,2589.04
C00450,2024-09,2589.04
C00450,2024-10,2589.04
C00451,2024-03,4962.14
C00451,2024-04,4962.14
C00451,2024-05,4962.14
C00451,2024-06,4962.14
C00451,2024-07,4962.14
C00451,2024-08,4962.14
C00451,2024-09,4962.14
C00451,2024-10,4962.14
C00451,2024-11,4962.14
C00451,2024-12,4962.14
C00451,2025-01,4962.14
C00451,2025-02,4962.14
C00451,2025-03,4962.14
C00451,2025-04,4962.14
C00451,2025-05,4962.14
C00451,2025-06,4962.14
C00451,2025-07,4962.14
C00451,2025-08,4962.14
C00451,2025-09,4962.14
C00451,2025-10,4962.14
C00451,2025-11,4962.14
C00451,2025-12,4962.14
C00451,2026-01,4962.14
C00451,2026-02,4962.14
C00451,2026-03,4962.14
C00451,2026-04,4962.14
C00451,2026-05,4962.14
C00451,2026-06,4962.14
C00452,2024-03,25048.25
C00452,2024-04,25048.25
C00452,2024-05,25048.25
C00452,2024-06,25048.25
C00452,2024-07,25048.25
C00452,2024-08,25048.25
C00452,2024-09,25048.25
C00452,2024-10,25048.25
C00452,2024-11,25048.25
C00452,2024-12,25048.25
C00452,2025-01,25048.25
C00452,2025-02,25048.25
C00452,2025-03,25048.25
C00452,2025-04,25048.25
C00452,2025-05,25048.25
C00452,2025-06,25048.25
C00452,2025-07,25048.25
C00452,2025-08,25048.25
C00452,2025-09,25048.25
C00452,2025-10,25048.25
C00452,2025-11,32847.88
C00452,2025-12,32847.88
C00452,2026-01,32847.88
C00452,2026-02,32847.88
C00452,2026-03,32847.88
C00452,2026-04,32847.88
C00452,2026-05,32847.88
C00452,2026-06,32847.88
C00453,2024-03,10521.86
C00453,2024-04,10521.86
C00453,2024-05,10521.86
C00453,2024-06,10521.86
C00453,2024-07,10521.86
C00453,2024-08,10521.86
C00453,2024-09,10521.86
C00453,2024-10,10521.86
C00453,2024-11,10521.86
C00453,2024-12,10521.86
C00453,2025-01,10521.86
C00453,2025-02,10521.86
C00453,2025-03,10521.86
C00453,2025-04,10521.86
C00453,2025-05,10521.86
C00453,2025-06,10521.86
C00453,2025-07,10521.86
C00453,2025-08,10521.86
C00453,2025-09,10521.86
C00453,2025-10,10521.86
C00453,2025-11,10521.86
C00453,2025-12,10521.86
C00453,2026-01,10521.86
C00453,2026-02,10521.86
C00453,2026-03,10521.86
C00453,2026-04,10521.86
C00453,2026-05,10521.86
C00453,2026-06,10521.86
C00454,2024-03,49800.84
C00454,2024-04,49800.84
C00454,2024-05,49800.84
C00454,2024-06,49800.84
C00454,2024-07,49800.84
C00454,2024-08,49800.84
C00454,2024-09,49800.84
C00454,2024-10,49800.84
C00454,2024-11,49800.84
C00454,2024-12,49800.84
C00454,2025-01,49800.84
C00454,2025-02,49800.84
C00454,2025-03,49800.84
C00454,2025-04,49800.84
C00454,2025-05,49800.84
C00454,2025-06,49800.84
C00454,2025-07,49800.84
C00454,2025-08,49800.84
C00454,2025-09,49800.84
C00454,2025-10,49800.84
C00454,2025-11,49800.84
C00454,2025-12,49800.84
C00455,2024-03,2067.54
C00455,2024-04,2067.54
C00455,2024-05,2067.54
C00456,2024-03,168164.03
C00456,2024-04,168164.03
C00456,2024-05,168164.03
C00457,2024-03,25028.29
C00457,2024-04,25028.29
C00457,2024-05,25028.29
C00457,2024-06,22285.92
C00457,2024-07,22285.92
C00457,2024-08,22285.92
C00457,2024-09,22285.92
C00457,2024-10,22285.92
C00457,2024-11,22285.92
C00457,2024-12,22285.92
C00457,2025-01,22285.92
C00457,2025-02,22285.92
C00457,2025-03,22285.92
C00457,2025-04,22285.92
C00457,2025-05,22285.92
C00457,2025-06,22285.92
C00457,2025-07,22285.92
C00457,2025-08,22285.92
C00457,2025-09,22285.92
C00457,2025-10,22285.92
C00457,2025-11,22285.92
C00457,2025-12,22285.92
C00457,2026-01,22285.92
C00457,2026-02,22285.92
C00457,2026-03,22285.92
C00457,2026-04,22285.92
C00457,2026-05,22285.92
C00457,2026-06,22285.92
C00458,2024-03,7638.97
C00458,2024-04,7638.97
C00458,2024-05,7638.97
C00458,2024-06,7638.97
C00458,2024-07,7638.97
C00458,2024-08,7638.97
C00458,2024-09,7638.97
C00458,2024-10,7638.97
C00458,2024-11,7638.97
C00458,2024-12,7638.97
C00458,2025-01,7638.97
C00459,2024-03,9482.98
C00459,2024-04,9482.98
C00459,2024-05,9482.98
C00459,2024-06,9482.98
C00459,2024-07,9482.98
C00459,2024-08,9482.98
C00459,2024-09,9482.98
C00459,2024-10,9482.98
C00459,2024-11,9482.98
C00459,2024-12,9482.98
C00459,2025-01,9482.98
C00459,2025-02,9482.98
C00459,2025-03,9482.98
C00459,2025-04,9482.98
C00459,2025-05,9482.98
C00459,2025-06,9482.98
C00459,2025-07,9482.98
C00459,2025-08,9482.98
C00459,2025-09,9482.98
C00459,2025-10,9482.98
C00459,2025-11,9482.98
C00459,2025-12,9482.98
C00459,2026-01,9482.98
C00459,2026-02,9482.98
C00459,2026-03,9482.98
C00459,2026-04,9482.98
C00459,2026-05,9482.98
C00459,2026-06,9482.98
C00460,2024-03,21545.14
C00460,2024-04,21545.14
C00460,2024-05,21545.14
C00460,2024-06,21545.14
C00460,2024-07,21545.14
C00460,2024-08,21545.14
C00460,2024-09,21545.14
C00460,2024-10,21545.14
C00460,2024-11,21545.14
C00460,2024-12,21545.14
C00460,2025-01,21545.14
C00460,2025-02,21545.14
C00460,2025-03,21545.14
C00460,2025-04,21545.14
C00460,2025-05,21545.14
C00460,2025-06,21545.14
C00460,2025-07,21545.14
C00460,2025-08,21545.14
C00460,2025-09,21545.14
C00460,2025-10,21545.14
C00460,2025-11,21545.14
C00460,2025-12,21545.14
C00460,2026-01,21545.14
C00460,2026-02,21545.14
C00460,2026-03,21545.14
C00460,2026-04,21545.14
C00460,2026-05,21545.14
C00460,2026-06,21545.14
C00461,2024-03,4436.59
C00461,2024-04,4436.59
C00461,2024-05,4436.59
C00461,2024-06,4436.59
C00461,2024-07,4436.59
C00461,2024-08,4436.59
C00461,2024-09,4436.59
C00461,2024-10,4436.59
C00461,2024-11,4436.59
C00461,2024-12,4436.59
C00461,2025-01,4436.59
C00461,2025-02,4436.59
C00461,2025-03,4436.59
C00461,2025-04,4436.59
C00461,2025-05,4436.59
C00461,2025-06,4436.59
C00461,2025-07,4436.59
C00461,2025-08,4436.59
C00461,2025-09,4436.59
C00461,2025-10,4436.59
C00461,2025-11,4436.59
C00461,2025-12,4436.59
C00461,2026-01,4436.59
C00461,2026-02,4436.59
C00461,2026-03,4436.59
C00461,2026-04,4436.59
C00461,2026-05,4436.59
C00461,2026-06,4436.59
C00462,2024-03,20719.93
C00462,2024-04,20719.93
C00462,2024-05,20719.93
C00462,2024-06,20719.93
C00462,2024-07,20719.93
C00462,2024-08,20719.93
C00462,2024-09,20719.93
C00462,2024-10,20719.93
C00462,2024-11,20719.93
C00462,2024-12,20719.93
C00462,2025-01,20719.93
C00462,2025-02,20719.93
C00462,2025-03,20719.93
C00462,2025-04,20719.93
C00462,2025-05,20719.93
C00462,2025-06,20719.93
C00462,2025-07,20719.93
C00462,2025-08,20719.93
C00462,2025-09,20719.93
C00462,2025-10,20719.93
C00462,2025-11,20719.93
C00462,2025-12,20719.93
C00462,2026-01,20719.93
C00462,2026-02,20719.93
C00462,2026-03,20719.93
C00462,2026-04,20719.93
C00462,2026-05,20719.93
C00462,2026-06,20719.93
C00463,2024-03,44634.2
C00463,2024-04,44634.2
C00463,2024-05,44634.2
C00463,2024-06,44634.2
C00463,2024-07,44634.2
C00463,2024-08,44634.2
C00463,2024-09,44634.2
C00463,2024-10,44634.2
C00463,2024-11,44634.2
C00463,2024-12,44634.2
C00463,2025-01,44634.2
C00463,2025-02,44634.2
C00463,2025-03,44634.2
C00463,2025-04,44634.2
C00463,2025-05,44634.2
C00463,2025-06,44634.2
C00463,2025-07,44634.2
C00463,2025-08,44634.2
C00463,2025-09,44634.2
C00463,2025-10,44634.2
C00463,2025-11,44634.2
C00463,2025-12,44634.2
C00463,2026-01,44634.2
C00463,2026-02,44634.2
C00463,2026-03,44634.2
C00463,2026-04,44634.2
C00463,2026-05,44634.2
C00463,2026-06,44634.2
C00464,2024-03,130505.34
C00464,2024-04,130505.34
C00464,2024-05,130505.34
C00464,2024-06,130505.34
C00464,2024-07,130505.34
C00464,2024-08,130505.34
C00464,2024-09,130505.34
C00464,2024-10,130505.34
C00464,2024-11,130505.34
C00464,2024-12,130505.34
C00464,2025-01,130505.34
C00464,2025-02,130505.34
C00464,2025-03,130505.34
C00464,2025-04,148627.64
C00464,2025-05,148627.64
C00464,2025-06,148627.64
C00464,2025-07,148627.64
C00464,2025-08,148627.64
C00464,2025-09,148627.64
C00464,2025-10,148627.64
C00464,2025-11,148627.64
C00465,2024-03,44013.09
C00465,2024-04,44013.09
C00465,2024-05,44013.09
C00465,2024-06,44013.09
C00465,2024-07,44013.09
C00465,2024-08,44013.09
C00465,2024-09,44013.09
C00465,2024-10,44013.09
C00465,2024-11,44013.09
C00465,2024-12,44013.09
C00465,2025-01,44013.09
C00465,2025-02,44013.09
C00465,2025-03,44013.09
C00465,2025-04,44013.09
C00465,2025-05,44013.09
C00465,2025-06,44013.09
C00465,2025-07,44013.09
C00465,2025-08,44013.09
C00465,2025-09,44013.09
C00465,2025-10,44013.09
C00465,2025-11,44013.09
C00465,2025-12,44013.09
C00465,2026-01,44013.09
C00465,2026-02,44013.09
C00465,2026-03,44013.09
C00465,2026-04,44013.09
C00465,2026-05,44013.09
C00465,2026-06,44013.09
C00466,2024-03,193311.34
C00466,2024-04,193311.34
C00466,2024-05,193311.34
C00466,2024-06,193311.34
C00466,2024-07,193311.34
C00466,2024-08,193311.34
C00466,2024-09,193311.34
C00466,2024-10,193311.34
C00466,2024-11,193311.34
C00466,2024-12,193311.34
C00466,2025-01,193311.34
C00466,2025-02,193311.34
C00466,2025-03,193311.34
C00466,2025-04,193311.34
C00466,2025-05,218542.27
C00466,2025-06,218542.27
C00466,2025-07,218542.27
C00466,2025-08,218542.27
C00466,2025-09,218542.27
C00466,2025-10,218542.27
C00466,2025-11,218542.27
C00466,2025-12,218542.27
C00466,2026-01,218542.27
C00466,2026-02,218542.27
C00466,2026-03,218542.27
C00466,2026-04,218542.27
C00466,2026-05,218542.27
C00466,2026-06,218542.27
C00467,2024-04,3327.57
C00467,2024-05,3327.57
C00467,2024-06,3327.57
C00467,2024-07,3327.57
C00467,2024-08,3327.57
C00467,2024-09,3327.57
C00467,2024-10,3327.57
C00467,2024-11,3327.57
C00467,2024-12,3327.57
C00467,2025-01,3327.57
C00467,2025-02,3327.57
C00467,2025-03,3327.57
C00467,2025-04,3327.57
C00467,2025-05,3327.57
C00467,2025-06,3327.57
C00467,2025-07,3327.57
C00467,2025-08,3327.57
C00467,2025-09,3327.57
C00468,2024-04,10827.3
C00468,2024-05,10827.3
C00468,2024-06,10827.3
C00468,2024-07,10827.3
C00468,2024-08,10827.3
C00468,2024-09,10827.3
C00468,2024-10,10827.3
C00468,2024-11,10827.3
C00468,2024-12,10827.3
C00468,2025-01,10827.3
C00468,2025-02,10827.3
C00468,2025-03,10827.3
C00468,2025-04,10827.3
C00468,2025-05,10827.3
C00468,2025-06,10827.3
C00468,2025-07,10827.3
C00468,2025-08,10827.3
C00468,2025-09,10827.3
C00468,2025-10,10827.3
C00468,2025-11,10827.3
C00468,2025-12,10827.3
C00468,2026-01,10827.3
C00468,2026-02,10827.3
C00468,2026-03,10827.3
C00468,2026-04,10827.3
C00468,2026-05,10827.3
C00468,2026-06,10827.3
C00469,2024-04,52122.16
C00469,2024-05,52122.16
C00469,2024-06,52122.16
C00469,2024-07,52122.16
C00469,2024-08,52122.16
C00469,2024-09,52122.16
C00469,2024-10,52122.16
C00469,2024-11,52122.16
C00469,2024-12,52122.16
C00469,2025-01,52122.16
C00469,2025-02,68571.4
C00469,2025-03,68571.4
C00469,2025-04,68571.4
C00469,2025-05,68571.4
C00469,2025-06,68571.4
C00469,2025-07,68571.4
C00469,2025-08,68571.4
C00469,2025-09,68571.4
C00469,2025-10,68571.4
C00469,2025-11,68571.4
C00469,2025-12,68571.4
C00469,2026-01,68571.4
C00469,2026-02,68571.4
C00469,2026-03,68571.4
C00469,2026-04,68571.4
C00469,2026-05,68571.4
C00469,2026-06,68571.4
C00470,2024-04,11515.49
C00470,2024-05,11515.49
C00470,2024-06,11515.49
C00470,2024-07,11515.49
C00470,2024-08,11515.49
C00470,2024-09,11515.49
C00470,2024-10,11515.49
C00470,2024-11,11515.49
C00470,2024-12,11515.49
C00470,2025-01,11515.49
C00470,2025-02,11515.49
C00470,2025-03,11515.49
C00470,2025-04,11515.49
C00470,2025-05,11515.49
C00470,2025-06,11515.49
C00470,2025-07,11515.49
C00470,2025-08,11515.49
C00470,2025-09,11515.49
C00470,2025-10,11515.49
C00470,2025-11,11515.49
C00471,2024-04,12549.84
C00471,2024-05,12549.84
C00471,2024-06,12549.84
C00471,2024-07,12549.84
C00471,2024-08,12549.84
C00471,2024-09,12549.84
C00471,2024-10,12549.84
C00472,2024-04,7277.46
C00472,2024-05,7277.46
C00472,2024-06,7277.46
C00472,2024-07,7277.46
C00472,2024-08,7277.46
C00472,2024-09,7277.46
C00472,2024-10,7277.46
C00472,2024-11,7277.46
C00472,2024-12,7277.46
C00473,2024-04,17950.8
C00473,2024-05,17950.8
C00473,2024-06,17950.8
C00473,2024-07,17950.8
C00473,2024-08,17950.8
C00473,2024-09,17950.8
C00473,2024-10,17950.8
C00473,2024-11,17950.8
C00473,2024-12,17950.8
C00473,2025-01,17950.8
C00473,2025-02,17950.8
C00473,2025-03,17950.8
C00473,2025-04,17950.8
C00473,2025-05,17950.8
C00473,2025-06,17950.8
C00473,2025-07,17950.8
C00473,2025-08,17950.8
C00473,2025-09,17950.8
C00473,2025-10,17950.8
C00473,2025-11,17950.8
C00473,2025-12,17950.8
C00473,2026-01,17950.8
C00473,2026-02,17950.8
C00473,2026-03,17950.8
C00473,2026-04,17950.8
C00473,2026-05,17950.8
C00473,2026-06,17950.8
C00474,2024-04,3273.5
C00474,2024-05,3273.5
C00474,2024-06,3273.5
C00474,2024-07,3273.5
C00475,2024-04,5005.54
C00475,2024-05,5005.54
C00475,2024-06,5005.54
C00475,2024-07,5005.54
C00475,2024-08,5005.54
C00475,2024-09,5005.54
C00475,2024-10,5005.54
C00475,2024-11,5005.54
C00475,2024-12,5005.54
C00475,2025-01,5005.54
C00475,2025-02,5005.54
C00475,2025-03,5005.54
C00475,2025-04,5005.54
C00476,2024-04,30538.07
C00476,2024-05,30538.07
C00476,2024-06,30538.07
C00476,2024-07,30538.07
C00476,2024-08,30538.07
C00476,2024-09,30538.07
C00476,2024-10,30538.07
C00476,2024-11,30538.07
C00476,2024-12,30538.07
C00476,2025-01,30538.07
C00476,2025-02,30538.07
C00476,2025-03,30538.07
C00476,2025-04,30538.07
C00476,2025-05,30538.07
C00476,2025-06,30538.07
C00476,2025-07,30538.07
C00476,2025-08,30538.07
C00476,2025-09,30538.07
C00476,2025-10,30538.07
C00476,2025-11,30538.07
C00476,2025-12,30538.07
C00476,2026-01,30538.07
C00476,2026-02,30538.07
C00476,2026-03,30538.07
C00476,2026-04,30538.07
C00476,2026-05,30538.07
C00476,2026-06,30538.07
C00477,2024-04,10876.66
C00477,2024-05,10876.66
C00477,2024-06,10876.66
C00477,2024-07,10876.66
C00477,2024-08,10876.66
C00477,2024-09,10876.66
C00477,2024-10,10876.66
C00477,2024-11,10876.66
C00477,2024-12,10876.66
C00477,2025-01,10876.66
C00477,2025-02,10876.66
C00477,2025-03,10876.66
C00477,2025-04,10876.66
C00477,2025-05,10876.66
C00477,2025-06,10876.66
C00477,2025-07,10876.66
C00477,2025-08,10876.66
C00477,2025-09,10876.66
C00477,2025-10,10876.66
C00477,2025-11,10876.66
C00477,2025-12,10876.66
C00477,2026-01,10876.66
C00477,2026-02,10876.66
C00477,2026-03,10876.66
C00477,2026-04,10876.66
C00477,2026-05,10876.66
C00477,2026-06,10876.66
C00478,2024-04,43974.37
C00478,2024-05,43974.37
C00478,2024-06,43974.37
C00478,2024-07,43974.37
C00478,2024-08,43974.37
C00478,2024-09,43974.37
C00478,2024-10,43974.37
C00478,2024-11,43974.37
C00478,2024-12,43974.37
C00478,2025-01,43974.37
C00478,2025-02,43974.37
C00478,2025-03,43974.37
C00478,2025-04,43974.37
C00478,2025-05,43974.37
C00478,2025-06,43974.37
C00478,2025-07,43974.37
C00478,2025-08,43974.37
C00478,2025-09,43974.37
C00478,2025-10,43974.37
C00478,2025-11,43974.37
C00478,2025-12,43974.37
C00478,2026-01,43974.37
C00478,2026-02,43974.37
C00478,2026-03,43974.37
C00478,2026-04,43974.37
C00478,2026-05,43974.37
C00478,2026-06,43974.37
C00479,2024-04,4968.69
C00479,2024-05,4968.69
C00479,2024-06,4968.69
C00479,2024-07,4968.69
C00479,2024-08,4968.69
C00479,2024-09,4968.69
C00479,2024-10,4968.69
C00479,2024-11,4968.69
C00479,2024-12,4968.69
C00479,2025-01,4968.69
C00479,2025-02,4968.69
C00479,2025-03,4968.69
C00479,2025-04,4968.69
C00479,2025-05,4968.69
C00479,2025-06,4968.69
C00479,2025-07,4968.69
C00479,2025-08,4968.69
C00479,2025-09,4968.69
C00479,2025-10,4968.69
C00479,2025-11,4968.69
C00479,2025-12,4968.69
C00479,2026-01,4968.69
C00479,2026-02,4968.69
C00479,2026-03,4968.69
C00479,2026-04,4968.69
C00479,2026-05,4968.69
C00479,2026-06,4968.69
C00480,2024-04,47091.06
C00480,2024-05,47091.06
C00480,2024-06,47091.06
C00480,2024-07,47091.06
C00480,2024-08,47091.06
C00480,2024-09,47091.06
C00480,2024-10,47091.06
C00480,2024-11,47091.06
C00480,2024-12,47091.06
C00480,2025-01,47091.06
C00480,2025-02,47091.06
C00480,2025-03,47091.06
C00480,2025-04,47091.06
C00480,2025-05,47091.06
C00480,2025-06,47091.06
C00480,2025-07,47091.06
C00480,2025-08,47091.06
C00480,2025-09,47091.06
C00480,2025-10,47091.06
C00480,2025-11,47091.06
C00480,2025-12,47091.06
C00480,2026-01,47091.06
C00480,2026-02,47091.06
C00480,2026-03,47091.06
C00480,2026-04,47091.06
C00480,2026-05,47091.06
C00480,2026-06,47091.06
C00481,2024-04,50647.98
C00481,2024-05,50647.98
C00481,2024-06,50647.98
C00481,2024-07,50647.98
C00481,2024-08,50647.98
C00481,2024-09,50647.98
C00481,2024-10,64522.25
C00481,2024-11,64522.25
C00481,2024-12,64522.25
C00481,2025-01,64522.25
C00481,2025-02,64522.25
C00481,2025-03,64522.25
C00481,2025-04,64522.25
C00481,2025-05,64522.25
C00481,2025-06,64522.25
C00481,2025-07,64522.25
C00481,2025-08,64522.25
C00481,2025-09,64522.25
C00481,2025-10,64522.25
C00481,2025-11,64522.25
C00481,2025-12,64522.25
C00481,2026-01,64522.25
C00481,2026-02,64522.25
C00481,2026-03,64522.25
C00481,2026-04,64522.25
C00481,2026-05,64522.25
C00481,2026-06,64522.25
C00482,2024-04,4830.5
C00482,2024-05,4830.5
C00482,2024-06,4830.5
C00482,2024-07,4830.5
C00483,2024-04,56323.34
C00483,2024-05,56323.34
C00483,2024-06,56323.34
C00483,2024-07,56323.34
C00483,2024-08,56323.34
C00483,2024-09,56323.34
C00483,2024-10,56323.34
C00483,2024-11,56323.34
C00483,2024-12,56323.34
C00483,2025-01,56323.34
C00483,2025-02,56323.34
C00483,2025-03,56323.34
C00483,2025-04,56323.34
C00483,2025-05,56323.34
C00483,2025-06,56323.34
C00483,2025-07,56323.34
C00483,2025-08,61377.04
C00483,2025-09,61377.04
C00483,2025-10,61377.04
C00483,2025-11,61377.04
C00483,2025-12,61377.04
C00483,2026-01,61377.04
C00483,2026-02,61377.04
C00483,2026-03,61377.04
C00483,2026-04,61377.04
C00483,2026-05,61377.04
C00483,2026-06,61377.04
C00484,2024-04,55072.01
C00484,2024-05,55072.01
C00484,2024-06,55072.01
C00484,2024-07,55072.01
C00484,2024-08,55072.01
C00484,2024-09,55072.01
C00484,2024-10,55072.01
C00484,2024-11,55072.01
C00484,2024-12,55072.01
C00484,2025-01,55072.01
C00484,2025-02,55072.01
C00484,2025-03,55072.01
C00484,2025-04,55072.01
C00484,2025-05,55072.01
C00484,2025-06,55072.01
C00484,2025-07,55072.01
C00484,2025-08,55072.01
C00484,2025-09,55072.01
C00484,2025-10,55072.01
C00484,2025-11,55072.01
C00484,2025-12,55072.01
C00484,2026-01,55072.01
C00484,2026-02,55072.01
C00484,2026-03,55072.01
C00484,2026-04,55072.01
C00484,2026-05,55072.01
C00484,2026-06,55072.01
C00485,2024-04,6324.05
C00485,2024-05,6324.05
C00485,2024-06,6324.05
C00485,2024-07,6324.05
C00485,2024-08,6324.05
C00485,2024-09,6324.05
C00485,2024-10,6324.05
C00485,2024-11,6324.05
C00486,2024-04,9258.63
C00486,2024-05,9258.63
C00486,2024-06,9258.63
C00486,2024-07,9258.63
C00486,2024-08,9258.63
C00486,2024-09,9258.63
C00486,2024-10,9258.63
C00486,2024-11,9258.63
C00486,2024-12,9258.63
C00486,2025-01,9258.63
C00486,2025-02,9258.63
C00486,2025-03,9258.63
C00486,2025-04,9258.63
C00486,2025-05,9258.63
C00486,2025-06,9258.63
C00486,2025-07,9258.63
C00486,2025-08,9258.63
C00486,2025-09,9258.63
C00486,2025-10,9258.63
C00486,2025-11,9258.63
C00486,2025-12,9258.63
C00486,2026-01,9258.63
C00486,2026-02,9258.63
C00486,2026-03,9258.63
C00486,2026-04,9258.63
C00487,2024-04,33568.7
C00487,2024-05,33568.7
C00487,2024-06,33568.7
C00487,2024-07,33568.7
C00487,2024-08,33568.7
C00487,2024-09,33568.7
C00487,2024-10,33568.7
C00487,2024-11,33568.7
C00487,2024-12,33568.7
C00487,2025-01,33568.7
C00487,2025-02,33568.7
C00487,2025-03,33568.7
C00487,2025-04,33568.7
C00487,2025-05,33568.7
C00487,2025-06,33568.7
C00487,2025-07,33568.7
C00487,2025-08,33568.7
C00487,2025-09,33568.7
C00487,2025-10,33568.7
C00487,2025-11,33568.7
C00487,2025-12,33568.7
C00487,2026-01,33568.7
C00487,2026-02,33568.7
C00487,2026-03,33568.7
C00487,2026-04,33568.7
C00487,2026-05,33568.7
C00487,2026-06,33568.7
C00488,2024-04,12456.37
C00488,2024-05,12456.37
C00488,2024-06,12456.37
C00488,2024-07,12456.37
C00488,2024-08,12456.37
C00488,2024-09,12456.37
C00488,2024-10,12456.37
C00488,2024-11,12456.37
C00488,2024-12,12456.37
C00488,2025-01,12456.37
C00488,2025-02,12456.37
C00488,2025-03,12456.37
C00488,2025-04,12456.37
C00488,2025-05,12456.37
C00488,2025-06,12456.37
C00488,2025-07,12456.37
C00488,2025-08,12456.37
C00488,2025-09,12456.37
C00488,2025-10,12456.37
C00488,2025-11,12456.37
C00488,2025-12,12456.37
C00488,2026-01,12456.37
C00488,2026-02,12456.37
C00488,2026-03,12456.37
C00488,2026-04,12456.37
C00488,2026-05,12456.37
C00488,2026-06,12456.37
C00489,2024-04,33441.38
C00489,2024-05,33441.38
C00489,2024-06,33441.38
C00489,2024-07,33441.38
C00489,2024-08,33441.38
C00489,2024-09,33441.38
C00489,2024-10,33441.38
C00489,2024-11,33441.38
C00489,2024-12,33441.38
C00489,2025-01,33441.38
C00489,2025-02,33441.38
C00489,2025-03,33441.38
C00489,2025-04,33441.38
C00489,2025-05,33441.38
C00489,2025-06,33441.38
C00489,2025-07,33441.38
C00489,2025-08,33441.38
C00489,2025-09,33441.38
C00489,2025-10,33441.38
C00489,2025-11,33441.38
C00489,2025-12,33441.38
C00489,2026-01,33441.38
C00489,2026-02,33441.38
C00489,2026-03,33441.38
C00489,2026-04,33441.38
C00489,2026-05,33441.38
C00489,2026-06,33441.38
C00490,2024-04,42303.53
C00490,2024-05,42303.53
C00490,2024-06,42303.53
C00490,2024-07,42303.53
C00490,2024-08,42303.53
C00490,2024-09,42303.53
C00490,2024-10,42303.53
C00490,2024-11,42303.53
C00490,2024-12,42303.53
C00490,2025-01,42303.53
C00490,2025-02,42303.53
C00490,2025-03,42303.53
C00490,2025-04,42303.53
C00490,2025-05,42303.53
C00490,2025-06,42303.53
C00490,2025-07,42303.53
C00490,2025-08,42303.53
C00490,2025-09,42303.53
C00490,2025-10,42303.53
C00490,2025-11,42303.53
C00490,2025-12,42303.53
C00490,2026-01,42303.53
C00490,2026-02,42303.53
C00490,2026-03,42303.53
C00490,2026-04,42303.53
C00490,2026-05,42303.53
C00490,2026-06,42303.53
C00491,2024-04,9165.27
C00491,2024-05,9165.27
C00491,2024-06,9165.27
C00491,2024-07,9165.27
C00491,2024-08,9165.27
C00491,2024-09,9165.27
C00491,2024-10,9165.27
C00491,2024-11,9165.27
C00491,2024-12,9165.27
C00491,2025-01,9165.27
C00491,2025-02,9165.27
C00491,2025-03,9165.27
C00491,2025-04,9165.27
C00491,2025-05,9165.27
C00491,2025-06,9165.27
C00491,2025-07,9165.27
C00491,2025-08,9165.27
C00491,2025-09,9165.27
C00491,2025-10,9165.27
C00491,2025-11,9165.27
C00491,2025-12,9165.27
C00491,2026-01,9165.27
C00491,2026-02,6495.16
C00491,2026-03,6495.16
C00491,2026-04,6495.16
C00491,2026-05,6495.16
C00491,2026-06,6495.16
C00492,2024-05,51736.58
C00492,2024-06,51736.58
C00492,2024-07,51736.58
C00492,2024-08,51736.58
C00492,2024-09,68390.02
C00492,2024-10,68390.02
C00492,2024-11,68390.02
C00492,2024-12,68390.02
C00492,2025-01,68390.02
C00492,2025-02,68390.02
C00492,2025-03,68390.02
C00492,2025-04,68390.02
C00492,2025-05,68390.02
C00492,2025-06,68390.02
C00492,2025-07,68390.02
C00492,2025-08,50922.28
C00492,2025-09,50922.28
C00492,2025-10,50922.28
C00492,2025-11,50922.28
C00492,2025-12,50922.28
C00492,2026-01,50922.28
C00492,2026-02,50922.28
C00492,2026-03,50922.28
C00492,2026-04,50922.28
C00492,2026-05,50922.28
C00492,2026-06,50922.28
C00493,2024-05,56917.48
C00493,2024-06,56917.48
C00493,2024-07,56917.48
C00493,2024-08,56917.48
C00493,2024-09,56917.48
C00493,2024-10,56917.48
C00493,2024-11,56917.48
C00493,2024-12,56917.48
C00493,2025-01,56917.48
C00493,2025-02,56917.48
C00493,2025-03,56917.48
C00493,2025-04,56917.48
C00493,2025-05,56917.48
C00493,2025-06,56917.48
C00493,2025-07,56917.48
C00493,2025-08,56917.48
C00493,2025-09,56917.48
C00493,2025-10,56917.48
C00493,2025-11,56917.48
C00493,2025-12,56917.48
C00493,2026-01,56917.48
C00493,2026-02,56917.48
C00493,2026-03,56917.48
C00493,2026-04,56917.48
C00493,2026-05,56917.48
C00493,2026-06,56917.48
C00494,2024-05,5018.57
C00494,2024-06,5018.57
C00494,2024-07,5018.57
C00494,2024-08,5018.57
C00494,2024-09,5018.57
C00494,2024-10,5018.57
C00495,2024-05,9587.98
C00495,2024-06,9587.98
C00495,2024-07,9587.98
C00495,2024-08,9587.98
C00495,2024-09,9587.98
C00495,2024-10,9587.98
C00495,2024-11,9587.98
C00495,2024-12,9587.98
C00495,2025-01,9587.98
C00495,2025-02,9587.98
C00495,2025-03,9587.98
C00495,2025-04,9587.98
C00495,2025-05,9587.98
C00495,2025-06,9587.98
C00495,2025-07,9587.98
C00495,2025-08,9587.98
C00495,2025-09,9587.98
C00495,2025-10,9587.98
C00495,2025-11,9587.98
C00495,2025-12,9587.98
C00495,2026-01,9587.98
C00495,2026-02,9587.98
C00495,2026-03,9587.98
C00495,2026-04,9587.98
C00495,2026-05,9587.98
C00495,2026-06,9587.98
C00496,2024-05,9509.12
C00496,2024-06,9509.12
C00496,2024-07,9509.12
C00496,2024-08,9509.12
C00496,2024-09,9509.12
C00496,2024-10,9509.12
C00496,2024-11,9509.12
C00496,2024-12,9509.12
C00496,2025-01,9509.12
C00496,2025-02,9509.12
C00496,2025-03,9509.12
C00496,2025-04,9509.12
C00496,2025-05,9509.12
C00496,2025-06,9509.12
C00496,2025-07,9509.12
C00496,2025-08,9509.12
C00496,2025-09,9509.12
C00496,2025-10,9509.12
C00496,2025-11,9509.12
C00496,2025-12,9509.12
C00496,2026-01,9509.12
C00496,2026-02,9509.12
C00496,2026-03,9509.12
C00496,2026-04,9509.12
C00496,2026-05,9509.12
C00496,2026-06,9509.12
C00497,2024-05,10303.62
C00497,2024-06,10303.62
C00497,2024-07,10303.62
C00497,2024-08,10303.62
C00498,2024-05,18612.64
C00498,2024-06,18612.64
C00498,2024-07,18612.64
C00498,2024-08,18612.64
C00498,2024-09,18612.64
C00498,2024-10,18612.64
C00498,2024-11,18612.64
C00498,2024-12,18612.64
C00498,2025-01,18612.64
C00498,2025-02,18612.64
C00498,2025-03,16876.85
C00498,2025-04,16876.85
C00498,2025-05,16876.85
C00498,2025-06,16876.85
C00498,2025-07,16876.85
C00498,2025-08,16876.85
C00498,2025-09,16876.85
C00498,2025-10,16876.85
C00498,2025-11,16876.85
C00498,2025-12,16876.85
C00498,2026-01,16876.85
C00498,2026-02,16876.85
C00498,2026-03,16876.85
C00498,2026-04,16876.85
C00498,2026-05,16876.85
C00498,2026-06,16876.85
C00499,2024-05,46206.73
C00499,2024-06,46206.73
C00499,2024-07,46206.73
C00499,2024-08,46206.73
C00499,2024-09,46206.73
C00499,2024-10,46206.73
C00499,2024-11,46206.73
C00499,2024-12,46206.73
C00499,2025-01,46206.73
C00499,2025-02,46206.73
C00499,2025-03,46206.73
C00499,2025-04,46206.73
C00499,2025-05,46206.73
C00499,2025-06,46206.73
C00499,2025-07,46206.73
C00499,2025-08,46206.73
C00499,2025-09,46206.73
C00499,2025-10,46206.73
C00499,2025-11,46206.73
C00499,2025-12,46206.73
C00499,2026-01,46206.73
C00499,2026-02,46206.73
C00499,2026-03,46206.73
C00499,2026-04,46206.73
C00499,2026-05,46206.73
C00499,2026-06,46206.73
C00500,2024-05,93007.91
C00500,2024-06,93007.91
C00500,2024-07,93007.91
C00500,2024-08,93007.91
C00500,2024-09,93007.91
C00500,2024-10,93007.91
C00500,2024-11,93007.91
C00500,2024-12,93007.91
C00500,2025-01,93007.91
C00500,2025-02,93007.91
C00500,2025-03,93007.91
C00500,2025-04,93007.91
C00500,2025-05,93007.91
C00500,2025-06,93007.91
C00500,2025-07,93007.91
C00500,2025-08,93007.91
C00500,2025-09,93007.91
C00500,2025-10,93007.91
C00500,2025-11,93007.91
C00500,2025-12,93007.91
C00500,2026-01,93007.91
C00500,2026-02,93007.91
C00500,2026-03,93007.91
C00500,2026-04,93007.91
C00500,2026-05,93007.91
C00500,2026-06,93007.91
C00501,2024-05,5058.27
C00501,2024-06,5058.27
C00502,2024-05,8715.48
C00502,2024-06,8715.48
C00502,2024-07,8715.48
C00502,2024-08,8715.48
C00502,2024-09,8715.48
C00502,2024-10,8715.48
C00502,2024-11,8715.48
C00502,2024-12,8715.48
C00502,2025-01,8715.48
C00502,2025-02,8715.48
C00502,2025-03,8715.48
C00502,2025-04,8715.48
C00502,2025-05,8715.48
C00502,2025-06,8715.48
C00502,2025-07,8715.48
C00502,2025-08,7873.16
C00502,2025-09,7873.16
C00502,2025-10,7873.16
C00502,2025-11,7873.16
C00502,2025-12,7873.16
C00502,2026-01,7873.16
C00502,2026-02,7873.16
C00502,2026-03,7873.16
C00502,2026-04,7873.16
C00502,2026-05,7873.16
C00502,2026-06,7873.16
C00503,2024-05,7887.92
C00503,2024-06,7887.92
C00503,2024-07,7887.92
C00503,2024-08,7887.92
C00503,2024-09,7887.92
C00503,2024-10,7887.92
C00503,2024-11,7887.92
C00503,2024-12,7887.92
C00503,2025-01,7887.92
C00503,2025-02,7887.92
C00503,2025-03,7887.92
C00503,2025-04,7887.92
C00503,2025-05,7887.92
C00503,2025-06,7887.92
C00503,2025-07,7887.92
C00503,2025-08,7887.92
C00503,2025-09,7887.92
C00503,2025-10,7887.92
C00503,2025-11,7887.92
C00503,2025-12,7887.92
C00503,2026-01,7887.92
C00503,2026-02,7887.92
C00503,2026-03,7887.92
C00503,2026-04,7887.92
C00503,2026-05,7887.92
C00503,2026-06,7887.92
C00504,2024-05,54037.11
C00504,2024-06,54037.11
C00504,2024-07,54037.11
C00504,2024-08,54037.11
C00504,2024-09,54037.11
C00504,2024-10,54037.11
C00504,2024-11,54037.11
C00504,2024-12,54037.11
C00504,2025-01,54037.11
C00504,2025-02,54037.11
C00504,2025-03,54037.11
C00504,2025-04,54037.11
C00504,2025-05,54037.11
C00504,2025-06,54037.11
C00504,2025-07,54037.11
C00504,2025-08,54037.11
C00505,2024-05,11344.17
C00505,2024-06,11344.17
C00505,2024-07,11344.17
C00505,2024-08,11344.17
C00505,2024-09,11344.17
C00505,2024-10,11344.17
C00505,2024-11,11344.17
C00505,2024-12,11344.17
C00505,2025-01,11344.17
C00505,2025-02,11344.17
C00505,2025-03,11344.17
C00505,2025-04,11344.17
C00505,2025-05,11344.17
C00505,2025-06,11344.17
C00505,2025-07,11344.17
C00505,2025-08,11344.17
C00505,2025-09,11344.17
C00505,2025-10,11344.17
C00505,2025-11,11344.17
C00505,2025-12,11344.17
C00505,2026-01,11344.17
C00505,2026-02,11344.17
C00505,2026-03,11344.17
C00505,2026-04,11344.17
C00505,2026-05,11344.17
C00505,2026-06,11344.17
C00506,2024-05,29433.03
C00506,2024-06,23671.67
C00506,2024-07,23671.67
C00506,2024-08,23671.67
C00506,2024-09,23671.67
C00506,2024-10,23671.67
C00506,2024-11,23671.67
C00506,2024-12,23671.67
C00506,2025-01,23671.67
C00506,2025-02,23671.67
C00506,2025-03,23671.67
C00506,2025-04,23671.67
C00506,2025-05,23671.67
C00506,2025-06,23671.67
C00506,2025-07,23671.67
C00506,2025-08,23671.67
C00506,2025-09,23671.67
C00506,2025-10,23671.67
C00506,2025-11,23671.67
C00506,2025-12,23671.67
C00506,2026-01,23671.67
C00506,2026-02,23671.67
C00506,2026-03,23671.67
C00506,2026-04,23671.67
C00506,2026-05,23671.67
C00506,2026-06,23671.67
C00507,2024-05,3993.09
C00507,2024-06,3993.09
C00507,2024-07,3993.09
C00507,2024-08,3993.09
C00507,2024-09,3993.09
C00507,2024-10,3993.09
C00507,2024-11,3993.09
C00507,2024-12,3993.09
C00507,2025-01,3993.09
C00507,2025-02,3993.09
C00507,2025-03,3993.09
C00507,2025-04,3993.09
C00507,2025-05,3993.09
C00507,2025-06,3993.09
C00507,2025-07,3993.09
C00507,2025-08,3993.09
C00507,2025-09,3993.09
C00507,2025-10,3993.09
C00507,2025-11,4645.0
C00507,2025-12,4645.0
C00507,2026-01,4645.0
C00507,2026-02,4645.0
C00507,2026-03,4645.0
C00507,2026-04,4645.0
C00507,2026-05,4645.0
C00507,2026-06,4645.0
C00508,2024-05,10432.06
C00508,2024-06,10432.06
C00508,2024-07,10432.06
C00508,2024-08,10432.06
C00508,2024-09,10432.06
C00508,2024-10,10432.06
C00508,2024-11,10432.06
C00508,2024-12,10432.06
C00508,2025-01,10432.06
C00508,2025-02,10432.06
C00508,2025-03,10432.06
C00508,2025-04,10432.06
C00508,2025-05,10432.06
C00508,2025-06,10432.06
C00508,2025-07,10432.06
C00508,2025-08,10432.06
C00508,2025-09,10432.06
C00508,2025-10,10432.06
C00508,2025-11,10432.06
C00508,2025-12,10432.06
C00509,2024-05,45578.26
C00510,2024-05,40009.52
C00510,2024-06,40009.52
C00510,2024-07,40009.52
C00510,2024-08,40009.52
C00510,2024-09,40009.52
C00510,2024-10,40009.52
C00510,2024-11,40009.52
C00510,2024-12,40009.52
C00510,2025-01,40009.52
C00510,2025-02,45718.19
C00510,2025-03,45718.19
C00510,2025-04,45718.19
C00510,2025-05,45718.19
C00510,2025-06,45718.19
C00510,2025-07,45718.19
C00510,2025-08,45718.19
C00510,2025-09,45718.19
C00510,2025-10,45718.19
C00510,2025-11,45718.19
C00510,2025-12,45718.19
C00510,2026-01,45718.19
C00510,2026-02,45718.19
C00510,2026-03,45718.19
C00510,2026-04,45718.19
C00511,2024-05,32840.18
C00511,2024-06,32840.18
C00511,2024-07,32840.18
C00511,2024-08,32840.18
C00511,2024-09,32840.18
C00511,2024-10,32840.18
C00511,2024-11,32840.18
C00511,2024-12,32840.18
C00511,2025-01,32840.18
C00511,2025-02,32840.18
C00511,2025-03,32840.18
C00511,2025-04,32840.18
C00511,2025-05,32840.18
C00511,2025-06,32840.18
C00511,2025-07,32840.18
C00511,2025-08,32840.18
C00511,2025-09,32840.18
C00511,2025-10,28970.27
C00511,2025-11,28970.27
C00511,2025-12,26559.99
C00511,2026-01,26559.99
C00511,2026-02,26559.99
C00511,2026-03,26559.99
C00511,2026-04,26559.99
C00511,2026-05,26559.99
C00511,2026-06,26559.99
C00512,2024-05,9315.29
C00512,2024-06,9315.29
C00512,2024-07,9315.29
C00512,2024-08,9315.29
C00512,2024-09,9315.29
C00512,2024-10,9315.29
C00512,2024-11,9315.29
C00512,2024-12,9315.29
C00512,2025-01,9315.29
C00512,2025-02,9315.29
C00512,2025-03,9315.29
C00512,2025-04,9315.29
C00512,2025-05,9315.29
C00512,2025-06,9315.29
C00512,2025-07,9315.29
C00512,2025-08,9315.29
C00512,2025-09,9315.29
C00512,2025-10,9315.29
C00512,2025-11,9315.29
C00512,2025-12,9315.29
C00512,2026-01,9315.29
C00512,2026-02,9315.29
C00512,2026-03,9315.29
C00512,2026-04,9315.29
C00512,2026-05,9315.29
C00512,2026-06,9315.29
C00513,2024-05,40076.03
C00513,2024-06,40076.03
C00513,2024-07,40076.03
C00513,2024-08,40076.03
C00513,2024-09,40076.03
C00513,2024-10,40076.03
C00513,2024-11,40076.03
C00513,2024-12,40076.03
C00513,2025-01,40076.03
C00513,2025-02,40076.03
C00513,2025-03,40076.03
C00513,2025-04,40076.03
C00513,2025-05,40076.03
C00513,2025-06,40076.03
C00513,2025-07,40076.03
C00513,2025-08,40076.03
C00513,2025-09,40076.03
C00513,2025-10,40076.03
C00513,2025-11,40076.03
C00513,2025-12,40076.03
C00513,2026-01,40076.03
C00513,2026-02,40076.03
C00513,2026-03,40076.03
C00513,2026-04,40076.03
C00513,2026-05,40076.03
C00513,2026-06,40076.03
C00514,2024-05,49401.9
C00514,2024-06,49401.9
C00514,2024-07,49401.9
C00514,2024-08,49401.9
C00514,2024-09,49401.9
C00514,2024-10,49401.9
C00514,2024-11,49401.9
C00514,2024-12,49401.9
C00514,2025-01,49401.9
C00514,2025-02,49401.9
C00514,2025-03,49401.9
C00514,2025-04,49401.9
C00514,2025-05,49401.9
C00514,2025-06,49401.9
C00514,2025-07,49401.9
C00514,2025-08,49401.9
C00514,2025-09,49401.9
C00514,2025-10,49401.9
C00514,2025-11,49401.9
C00514,2025-12,49401.9
C00514,2026-01,49401.9
C00514,2026-02,49401.9
C00514,2026-03,49401.9
C00514,2026-04,49401.9
C00514,2026-05,59204.05
C00514,2026-06,59204.05
C00515,2024-05,153960.73
C00515,2024-06,153960.73
C00515,2024-07,153960.73
C00515,2024-08,153960.73
C00515,2024-09,153960.73
C00515,2024-10,153960.73
C00515,2024-11,153960.73
C00515,2024-12,153960.73
C00515,2025-01,153960.73
C00515,2025-02,153960.73
C00516,2024-05,38346.01
C00516,2024-06,38346.01
C00516,2024-07,38346.01
C00516,2024-08,38346.01
C00516,2024-09,38346.01
C00516,2024-10,38346.01
C00516,2024-11,38346.01
C00516,2024-12,38346.01
C00516,2025-01,38346.01
C00516,2025-02,42516.2
C00516,2025-03,42516.2
C00516,2025-04,42516.2
C00516,2025-05,42516.2
C00516,2025-06,42516.2
C00516,2025-07,42516.2
C00516,2025-08,42516.2
C00516,2025-09,42516.2
C00516,2025-10,42516.2
C00516,2025-11,42516.2
C00516,2025-12,42516.2
C00516,2026-01,42516.2
C00516,2026-02,42516.2
C00516,2026-03,42516.2
C00516,2026-04,42516.2
C00516,2026-05,42516.2
C00516,2026-06,42516.2
C00517,2024-05,10188.51
C00517,2024-06,10188.51
C00517,2024-07,10188.51
C00517,2024-08,10188.51
C00517,2024-09,10188.51
C00517,2024-10,10188.51
C00517,2024-11,10188.51
C00517,2024-12,10188.51
C00517,2025-01,10188.51
C00518,2024-05,107022.77
C00518,2024-06,107022.77
C00518,2024-07,107022.77
C00518,2024-08,107022.77
C00518,2024-09,107022.77
C00518,2024-10,107022.77
C00518,2024-11,139424.91
C00518,2024-12,139424.91
C00518,2025-01,139424.91
C00518,2025-02,139424.91
C00518,2025-03,139424.91
C00518,2025-04,139424.91
C00518,2025-05,139424.91
C00518,2025-06,139424.91
C00518,2025-07,139424.91
C00518,2025-08,139424.91
C00518,2025-09,139424.91
C00518,2025-10,139424.91
C00518,2025-11,139424.91
C00518,2025-12,139424.91
C00518,2026-01,139424.91
C00518,2026-02,139424.91
C00518,2026-03,139424.91
C00518,2026-04,139424.91
C00518,2026-05,139424.91
C00518,2026-06,139424.91
C00519,2024-06,8746.38
C00519,2024-07,8746.38
C00519,2024-08,8746.38
C00519,2024-09,8746.38
C00519,2024-10,8746.38
C00519,2024-11,8746.38
C00519,2024-12,8746.38
C00519,2025-01,8746.38
C00519,2025-02,8746.38
C00519,2025-03,8746.38
C00519,2025-04,8746.38
C00519,2025-05,8746.38
C00519,2025-06,8746.38
C00519,2025-07,8746.38
C00519,2025-08,8746.38
C00519,2025-09,8746.38
C00519,2025-10,8746.38
C00520,2024-06,7282.54
C00520,2024-07,7282.54
C00520,2024-08,7282.54
C00520,2024-09,7282.54
C00520,2024-10,7282.54
C00520,2024-11,7282.54
C00520,2024-12,7282.54
C00520,2025-01,7282.54
C00520,2025-02,7282.54
C00520,2025-03,7282.54
C00520,2025-04,7282.54
C00520,2025-05,7282.54
C00520,2025-06,7282.54
C00520,2025-07,7282.54
C00520,2025-08,7282.54
C00520,2025-09,7282.54
C00520,2025-10,7282.54
C00520,2025-11,7282.54
C00520,2025-12,7282.54
C00520,2026-01,7282.54
C00520,2026-02,7282.54
C00520,2026-03,7282.54
C00520,2026-04,7282.54
C00520,2026-05,7282.54
C00520,2026-06,7282.54
C00521,2024-06,231699.77
C00521,2024-07,231699.77
C00521,2024-08,231699.77
C00521,2024-09,231699.77
C00521,2024-10,231699.77
C00521,2024-11,231699.77
C00521,2024-12,231699.77
C00521,2025-01,231699.77
C00521,2025-02,231699.77
C00521,2025-03,231699.77
C00521,2025-04,231699.77
C00521,2025-05,231699.77
C00521,2025-06,231699.77
C00521,2025-07,231699.77
C00521,2025-08,231699.77
C00521,2025-09,231699.77
C00521,2025-10,231699.77
C00521,2025-11,231699.77
C00521,2025-12,231699.77
C00521,2026-01,231699.77
C00521,2026-02,231699.77
C00521,2026-03,231699.77
C00521,2026-04,231699.77
C00521,2026-05,273719.65
C00521,2026-06,273719.65
C00522,2024-06,8409.7
C00522,2024-07,8409.7
C00522,2024-08,8409.7
C00522,2024-09,8409.7
C00522,2024-10,8409.7
C00522,2024-11,8409.7
C00522,2024-12,8409.7
C00522,2025-01,8409.7
C00522,2025-02,8409.7
C00522,2025-03,8409.7
C00522,2025-04,8409.7
C00522,2025-05,8409.7
C00522,2025-06,8409.7
C00522,2025-07,8409.7
C00522,2025-08,8409.7
C00522,2025-09,8409.7
C00522,2025-10,8409.7
C00522,2025-11,8409.7
C00522,2025-12,8409.7
C00522,2026-01,8409.7
C00522,2026-02,8409.7
C00522,2026-03,8409.7
C00522,2026-04,8409.7
C00522,2026-05,8409.7
C00523,2024-06,6442.52
C00523,2024-07,6442.52
C00523,2024-08,6442.52
C00523,2024-09,6442.52
C00523,2024-10,6442.52
C00523,2024-11,6442.52
C00523,2024-12,6442.52
C00523,2025-01,6442.52
C00523,2025-02,6442.52
C00523,2025-03,6442.52
C00523,2025-04,6442.52
C00523,2025-05,6442.52
C00523,2025-06,6442.52
C00523,2025-07,6442.52
C00523,2025-08,6442.52
C00523,2025-09,6442.52
C00523,2025-10,6442.52
C00523,2025-11,6442.52
C00523,2025-12,6442.52
C00523,2026-01,6442.52
C00523,2026-02,6442.52
C00523,2026-03,6442.52
C00523,2026-04,6442.52
C00523,2026-05,6442.52
C00523,2026-06,6442.52
C00524,2024-06,9060.86
C00524,2024-07,9060.86
C00524,2024-08,9060.86
C00524,2024-09,9060.86
C00524,2024-10,9060.86
C00524,2024-11,9060.86
C00524,2024-12,9060.86
C00524,2025-01,9060.86
C00524,2025-02,9060.86
C00524,2025-03,9060.86
C00524,2025-04,9060.86
C00524,2025-05,9060.86
C00524,2025-06,9060.86
C00524,2025-07,9060.86
C00524,2025-08,9060.86
C00524,2025-09,9060.86
C00524,2025-10,9060.86
C00524,2025-11,9060.86
C00524,2025-12,9060.86
C00524,2026-01,9060.86
C00524,2026-02,9060.86
C00524,2026-03,9060.86
C00524,2026-04,9060.86
C00524,2026-05,9060.86
C00524,2026-06,9060.86
C00525,2024-06,124172.83
C00525,2024-07,124172.83
C00525,2024-08,124172.83
C00525,2024-09,124172.83
C00525,2024-10,142285.22
C00525,2024-11,142285.22
C00525,2024-12,142285.22
C00525,2025-01,142285.22
C00525,2025-02,142285.22
C00525,2025-03,155929.01
C00525,2025-04,155929.01
C00525,2025-05,155929.01
C00525,2025-06,155929.01
C00525,2025-07,155929.01
C00525,2025-08,155929.01
C00525,2025-09,155929.01
C00525,2025-10,155929.01
C00525,2025-11,155929.01
C00525,2025-12,155929.01
C00525,2026-01,155929.01
C00525,2026-02,155929.01
C00525,2026-03,155929.01
C00525,2026-04,155929.01
C00525,2026-05,155929.01
C00525,2026-06,155929.01
C00526,2024-06,59479.77
C00526,2024-07,59479.77
C00526,2024-08,59479.77
C00526,2024-09,59479.77
C00526,2024-10,59479.77
C00526,2024-11,59479.77
C00527,2024-06,231388.55
C00527,2024-07,231388.55
C00527,2024-08,231388.55
C00527,2024-09,231388.55
C00527,2024-10,231388.55
C00527,2024-11,231388.55
C00527,2024-12,231388.55
C00527,2025-01,231388.55
C00527,2025-02,231388.55
C00527,2025-03,231388.55
C00527,2025-04,231388.55
C00527,2025-05,231388.55
C00527,2025-06,231388.55
C00527,2025-07,231388.55
C00527,2025-08,231388.55
C00527,2025-09,231388.55
C00527,2025-10,231388.55
C00527,2025-11,231388.55
C00527,2025-12,231388.55
C00527,2026-01,231388.55
C00527,2026-02,231388.55
C00527,2026-03,231388.55
C00527,2026-04,231388.55
C00527,2026-05,231388.55
C00527,2026-06,231388.55
C00528,2024-06,39914.98
C00528,2024-07,39914.98
C00528,2024-08,39914.98
C00528,2024-09,39914.98
C00528,2024-10,39914.98
C00528,2024-11,39914.98
C00528,2024-12,39914.98
C00528,2025-01,39914.98
C00528,2025-02,39914.98
C00528,2025-03,39914.98
C00528,2025-04,39914.98
C00528,2025-05,39914.98
C00528,2025-06,39914.98
C00528,2025-07,39914.98
C00528,2025-08,39914.98
C00528,2025-09,39914.98
C00528,2025-10,39914.98
C00528,2025-11,39914.98
C00528,2025-12,39914.98
C00528,2026-01,39914.98
C00528,2026-02,39914.98
C00528,2026-03,39914.98
C00528,2026-04,47800.7
C00528,2026-05,47800.7
C00528,2026-06,47800.7
C00529,2024-06,31809.24
C00529,2024-07,31809.24
C00529,2024-08,31809.24
C00529,2024-09,31809.24
C00529,2024-10,31809.24
C00529,2024-11,31809.24
C00529,2024-12,31809.24
C00529,2025-01,31809.24
C00529,2025-02,31809.24
C00529,2025-03,31809.24
C00529,2025-04,31809.24
C00529,2025-05,31809.24
C00529,2025-06,31809.24
C00529,2025-07,31809.24
C00529,2025-08,31809.24
C00529,2025-09,31809.24
C00529,2025-10,31809.24
C00529,2025-11,31809.24
C00529,2025-12,31809.24
C00529,2026-01,31809.24
C00529,2026-02,22594.42
C00529,2026-03,22594.42
C00529,2026-04,22594.42
C00529,2026-05,22594.42
C00529,2026-06,22594.42
C00530,2024-06,222500.53
C00530,2024-07,222500.53
C00530,2024-08,222500.53
C00530,2024-09,222500.53
C00530,2024-10,222500.53
C00530,2024-11,222500.53
C00530,2024-12,222500.53
C00530,2025-01,222500.53
C00530,2025-02,222500.53
C00530,2025-03,222500.53
C00530,2025-04,222500.53
C00530,2025-05,222500.53
C00530,2025-06,222500.53
C00530,2025-07,222500.53
C00530,2025-08,222500.53
C00530,2025-09,222500.53
C00530,2025-10,222500.53
C00530,2025-11,222500.53
C00530,2025-12,222500.53
C00530,2026-01,222500.53
C00530,2026-02,222500.53
C00530,2026-03,222500.53
C00530,2026-04,222500.53
C00530,2026-05,222500.53
C00530,2026-06,222500.53
C00531,2024-06,10091.48
C00531,2024-07,10091.48
C00531,2024-08,10091.48
C00531,2024-09,10091.48
C00531,2024-10,10091.48
C00531,2024-11,10091.48
C00531,2024-12,10091.48
C00531,2025-01,10091.48
C00531,2025-02,10091.48
C00531,2025-03,10091.48
C00531,2025-04,10091.48
C00531,2025-05,10091.48
C00531,2025-06,10091.48
C00531,2025-07,10091.48
C00531,2025-08,10091.48
C00531,2025-09,10091.48
C00531,2025-10,10091.48
C00531,2025-11,10091.48
C00531,2025-12,10091.48
C00531,2026-01,10091.48
C00531,2026-02,10091.48
C00532,2024-06,45212.7
C00532,2024-07,45212.7
C00532,2024-08,45212.7
C00532,2024-09,45212.7
C00532,2024-10,45212.7
C00532,2024-11,45212.7
C00532,2024-12,45212.7
C00532,2025-01,45212.7
C00532,2025-02,45212.7
C00532,2025-03,45212.7
C00532,2025-04,45212.7
C00532,2025-05,45212.7
C00532,2025-06,45212.7
C00532,2025-07,45212.7
C00532,2025-08,45212.7
C00532,2025-09,45212.7
C00532,2025-10,45212.7
C00532,2025-11,45212.7
C00532,2025-12,45212.7
C00532,2026-01,45212.7
C00532,2026-02,45212.7
C00532,2026-03,45212.7
C00532,2026-04,45212.7
C00532,2026-05,45212.7
C00532,2026-06,45212.7
C00533,2024-06,52861.59
C00533,2024-07,52861.59
C00533,2024-08,41926.81
C00533,2024-09,41926.81
C00533,2024-10,41926.81
C00533,2024-11,41926.81
C00533,2024-12,41926.81
C00533,2025-01,41926.81
C00533,2025-02,41926.81
C00533,2025-03,41926.81
C00533,2025-04,41926.81
C00533,2025-05,41926.81
C00533,2025-06,41926.81
C00533,2025-07,41926.81
C00533,2025-08,41926.81
C00533,2025-09,41926.81
C00533,2025-10,41926.81
C00533,2025-11,41926.81
C00533,2025-12,41926.81
C00533,2026-01,41926.81
C00533,2026-02,41926.81
C00533,2026-03,41926.81
C00533,2026-04,41926.81
C00533,2026-05,41926.81
C00533,2026-06,41926.81
C00534,2024-06,105062.72
C00534,2024-07,105062.72
C00534,2024-08,105062.72
C00534,2024-09,105062.72
C00534,2024-10,105062.72
C00534,2024-11,105062.72
C00534,2024-12,105062.72
C00535,2024-06,11601.89
C00535,2024-07,11601.89
C00535,2024-08,11601.89
C00535,2024-09,11601.89
C00535,2024-10,11601.89
C00535,2024-11,11601.89
C00535,2024-12,11601.89
C00535,2025-01,11601.89
C00535,2025-02,11601.89
C00535,2025-03,11601.89
C00535,2025-04,11601.89
C00535,2025-05,11601.89
C00535,2025-06,11601.89
C00535,2025-07,11601.89
C00535,2025-08,11601.89
C00535,2025-09,11601.89
C00535,2025-10,11601.89
C00535,2025-11,11601.89
C00535,2025-12,11601.89
C00535,2026-01,11601.89
C00535,2026-02,11601.89
C00535,2026-03,11601.89
C00535,2026-04,11601.89
C00535,2026-05,11601.89
C00535,2026-06,11601.89
C00536,2024-06,23959.89
C00536,2024-07,23959.89
C00536,2024-08,23959.89
C00536,2024-09,23959.89
C00536,2024-10,23959.89
C00536,2024-11,23959.89
C00536,2024-12,23959.89
C00536,2025-01,23959.89
C00536,2025-02,23959.89
C00536,2025-03,23959.89
C00536,2025-04,23959.89
C00536,2025-05,23959.89
C00536,2025-06,23959.89
C00536,2025-07,23959.89
C00536,2025-08,23959.89
C00536,2025-09,26345.68
C00536,2025-10,26345.68
C00536,2025-11,26345.68
C00536,2025-12,26345.68
C00536,2026-01,26345.68
C00536,2026-02,26345.68
C00536,2026-03,26345.68
C00536,2026-04,26345.68
C00536,2026-05,26345.68
C00536,2026-06,26345.68
C00537,2024-06,42692.56
C00537,2024-07,42692.56
C00537,2024-08,42692.56
C00537,2024-09,42692.56
C00537,2024-10,42692.56
C00537,2024-11,42692.56
C00537,2024-12,42692.56
C00537,2025-01,42692.56
C00537,2025-02,42692.56
C00537,2025-03,42692.56
C00537,2025-04,42692.56
C00537,2025-05,42692.56
C00537,2025-06,42692.56
C00537,2025-07,42692.56
C00537,2025-08,42692.56
C00537,2025-09,42692.56
C00537,2025-10,42692.56
C00537,2025-11,42692.56
C00537,2025-12,42692.56
C00537,2026-01,42692.56
C00537,2026-02,42692.56
C00538,2024-06,11889.93
C00538,2024-07,11889.93
C00538,2024-08,11889.93
C00538,2024-09,11889.93
C00538,2024-10,11889.93
C00538,2024-11,11889.93
C00538,2024-12,11889.93
C00538,2025-01,11889.93
C00538,2025-02,11889.93
C00538,2025-03,11889.93
C00538,2025-04,11889.93
C00538,2025-05,11889.93
C00538,2025-06,11889.93
C00538,2025-07,11889.93
C00538,2025-08,11889.93
C00538,2025-09,11889.93
C00538,2025-10,11889.93
C00538,2025-11,11889.93
C00538,2025-12,11889.93
C00538,2026-01,11889.93
C00538,2026-02,11889.93
C00538,2026-03,11889.93
C00538,2026-04,11889.93
C00538,2026-05,11889.93
C00538,2026-06,11889.93
C00539,2024-06,11824.66
C00539,2024-07,11824.66
C00539,2024-08,11824.66
C00539,2024-09,11824.66
C00539,2024-10,11824.66
C00539,2024-11,11824.66
C00539,2024-12,11824.66
C00539,2025-01,11824.66
C00539,2025-02,11824.66
C00539,2025-03,11824.66
C00539,2025-04,11824.66
C00540,2024-06,8564.77
C00540,2024-07,8564.77
C00540,2024-08,8564.77
C00540,2024-09,8564.77
C00540,2024-10,8564.77
C00540,2024-11,8564.77
C00540,2024-12,8564.77
C00540,2025-01,8564.77
C00540,2025-02,8564.77
C00540,2025-03,8564.77
C00540,2025-04,8564.77
C00540,2025-05,8564.77
C00540,2025-06,8564.77
C00540,2025-07,8564.77
C00540,2025-08,8564.77
C00540,2025-09,8564.77
C00540,2025-10,8564.77
C00540,2025-11,8564.77
C00540,2025-12,8564.77
C00540,2026-01,8564.77
C00540,2026-02,8564.77
C00540,2026-03,8564.77
C00540,2026-04,8564.77
C00540,2026-05,8564.77
C00540,2026-06,8564.77
C00541,2024-06,74506.93
C00541,2024-07,74506.93
C00541,2024-08,74506.93
C00541,2024-09,74506.93
C00541,2024-10,74506.93
C00541,2024-11,74506.93
C00541,2024-12,74506.93
C00541,2025-01,74506.93
C00541,2025-02,74506.93
C00541,2025-03,74506.93
C00541,2025-04,74506.93
C00541,2025-05,53797.08
C00541,2025-06,53797.08
C00541,2025-07,53797.08
C00541,2025-08,53797.08
C00541,2025-09,53797.08
C00541,2025-10,53797.08
C00541,2025-11,53797.08
C00541,2025-12,53797.08
C00541,2026-01,53797.08
C00541,2026-02,53797.08
C00541,2026-03,53797.08
C00541,2026-04,53797.08
C00541,2026-05,53797.08
C00541,2026-06,53797.08
C00542,2024-06,25588.83
C00542,2024-07,25588.83
C00542,2024-08,25588.83
C00542,2024-09,25588.83
C00542,2024-10,25588.83
C00542,2024-11,25588.83
C00542,2024-12,25588.83
C00542,2025-01,25588.83
C00542,2025-02,22888.51
C00542,2025-03,22888.51
C00542,2025-04,22888.51
C00542,2025-05,22888.51
C00542,2025-06,22888.51
C00542,2025-07,22888.51
C00542,2025-08,22888.51
C00542,2025-09,22888.51
C00542,2025-10,22888.51
C00542,2025-11,22888.51
C00542,2025-12,22888.51
C00542,2026-01,22888.51
C00542,2026-02,22888.51
C00542,2026-03,22888.51
C00542,2026-04,22888.51
C00542,2026-05,22888.51
C00542,2026-06,22888.51
C00543,2024-06,3257.15
C00543,2024-07,3257.15
C00543,2024-08,3257.15
C00543,2024-09,3257.15
C00543,2024-10,3257.15
C00543,2024-11,3257.15
C00543,2024-12,3257.15
C00543,2025-01,3257.15
C00543,2025-02,3257.15
C00543,2025-03,3257.15
C00543,2025-04,3257.15
C00543,2025-05,3257.15
C00543,2025-06,3257.15
C00543,2025-07,3257.15
C00543,2025-08,3257.15
C00543,2025-09,3257.15
C00543,2025-10,3257.15
C00543,2025-11,3257.15
C00543,2025-12,3257.15
C00543,2026-01,3257.15
C00543,2026-02,3257.15
C00544,2024-06,6764.23
C00544,2024-07,6764.23
C00544,2024-08,6764.23
C00544,2024-09,6764.23
C00544,2024-10,6764.23
C00544,2024-11,6764.23
C00544,2024-12,6764.23
C00544,2025-01,6764.23
C00544,2025-02,6764.23
C00544,2025-03,6764.23
C00544,2025-04,6764.23
C00544,2025-05,6764.23
C00544,2025-06,6764.23
C00544,2025-07,6764.23
C00544,2025-08,6764.23
C00544,2025-09,6764.23
C00544,2025-10,6764.23
C00544,2025-11,6764.23
C00544,2025-12,6764.23
C00544,2026-01,6764.23
C00544,2026-02,6764.23
C00544,2026-03,6764.23
C00544,2026-04,6764.23
C00544,2026-05,6764.23
C00544,2026-06,6764.23
C00545,2024-06,6582.64
C00545,2024-07,6582.64
C00545,2024-08,6582.64
C00545,2024-09,6582.64
C00545,2024-10,6582.64
C00545,2024-11,6582.64
C00545,2024-12,6582.64
C00545,2025-01,6582.64
C00545,2025-02,6582.64
C00545,2025-03,5330.35
C00545,2025-04,5330.35
C00545,2025-05,5330.35
C00545,2025-06,5330.35
C00545,2025-07,5330.35
C00545,2025-08,5330.35
C00545,2025-09,5330.35
C00545,2025-10,5330.35
C00545,2025-11,5330.35
C00545,2025-12,5330.35
C00545,2026-01,5330.35
C00545,2026-02,5330.35
C00545,2026-03,5330.35
C00545,2026-04,5330.35
C00545,2026-05,5330.35
C00545,2026-06,5330.35
C00546,2024-06,26252.36
C00546,2024-07,26252.36
C00546,2024-08,26252.36
C00546,2024-09,26252.36
C00546,2024-10,26252.36
C00546,2024-11,26252.36
C00546,2024-12,26252.36
C00546,2025-01,26252.36
C00546,2025-02,26252.36
C00546,2025-03,26252.36
C00547,2024-06,7492.99
C00547,2024-07,7492.99
C00547,2024-08,7492.99
C00547,2024-09,7492.99
C00547,2024-10,7492.99
C00547,2024-11,7492.99
C00547,2024-12,7492.99
C00547,2025-01,7492.99
C00547,2025-02,7492.99
C00547,2025-03,7492.99
C00547,2025-04,7492.99
C00547,2025-05,7492.99
C00547,2025-06,7492.99
C00547,2025-07,7492.99
C00547,2025-08,7492.99
C00547,2025-09,7492.99
C00547,2025-10,7492.99
C00547,2025-11,7492.99
C00547,2025-12,6117.11
C00547,2026-01,4732.26
C00547,2026-02,4732.26
C00547,2026-03,4732.26
C00547,2026-04,4732.26
C00547,2026-05,4732.26
C00547,2026-06,4732.26
C00548,2024-07,40831.9
C00548,2024-08,40831.9
C00548,2024-09,40831.9
C00548,2024-10,40831.9
C00548,2024-11,40831.9
C00548,2024-12,40831.9
C00548,2025-01,40831.9
C00548,2025-02,40831.9
C00548,2025-03,40831.9
C00548,2025-04,40831.9
C00548,2025-05,40831.9
C00548,2025-06,40831.9
C00548,2025-07,40831.9
C00548,2025-08,40831.9
C00548,2025-09,40831.9
C00548,2025-10,40831.9
C00548,2025-11,40831.9
C00548,2025-12,34806.73
C00548,2026-01,34806.73
C00548,2026-02,34806.73
C00548,2026-03,34806.73
C00548,2026-04,34806.73
C00548,2026-05,34806.73
C00548,2026-06,34806.73
C00549,2024-07,6083.11
C00549,2024-08,6083.11
C00550,2024-07,9083.37
C00550,2024-08,9083.37
C00550,2024-09,9083.37
C00550,2024-10,9083.37
C00550,2024-11,9083.37
C00550,2024-12,9083.37
C00551,2024-07,220082.37
C00551,2024-08,251465.44
C00551,2024-09,251465.44
C00551,2024-10,251465.44
C00551,2024-11,251465.44
C00551,2024-12,251465.44
C00551,2025-01,251465.44
C00551,2025-02,251465.44
C00551,2025-03,251465.44
C00551,2025-04,251465.44
C00551,2025-05,251465.44
C00551,2025-06,251465.44
C00551,2025-07,251465.44
C00551,2025-08,251465.44
C00551,2025-09,251465.44
C00551,2025-10,251465.44
C00551,2025-11,251465.44
C00551,2025-12,251465.44
C00551,2026-01,251465.44
C00551,2026-02,251465.44
C00551,2026-03,251465.44
C00551,2026-04,251465.44
C00551,2026-05,251465.44
C00551,2026-06,251465.44
C00552,2024-07,52036.49
C00552,2024-08,52036.49
C00552,2024-09,52036.49
C00552,2024-10,52036.49
C00552,2024-11,52036.49
C00552,2024-12,52036.49
C00552,2025-01,52036.49
C00552,2025-02,52036.49
C00552,2025-03,52036.49
C00552,2025-04,52036.49
C00552,2025-05,52036.49
C00552,2025-06,52036.49
C00552,2025-07,52036.49
C00552,2025-08,52036.49
C00552,2025-09,52036.49
C00552,2025-10,52036.49
C00552,2025-11,52036.49
C00552,2025-12,52036.49
C00552,2026-01,52036.49
C00552,2026-02,52036.49
C00552,2026-03,52036.49
C00552,2026-04,52036.49
C00552,2026-05,52036.49
C00552,2026-06,52036.49
C00553,2024-07,63471.08
C00553,2024-08,63471.08
C00553,2024-09,63471.08
C00553,2024-10,63471.08
C00553,2024-11,63471.08
C00553,2024-12,63471.08
C00553,2025-01,63471.08
C00553,2025-02,63471.08
C00553,2025-03,63471.08
C00553,2025-04,63471.08
C00553,2025-05,63471.08
C00553,2025-06,63471.08
C00553,2025-07,63471.08
C00553,2025-08,63471.08
C00553,2025-09,63471.08
C00553,2025-10,63471.08
C00553,2025-11,63471.08
C00553,2025-12,63471.08
C00553,2026-01,63471.08
C00553,2026-02,63471.08
C00553,2026-03,63471.08
C00553,2026-04,63471.08
C00553,2026-05,63471.08
C00553,2026-06,63471.08
C00554,2024-07,21111.41
C00554,2024-08,21111.41
C00554,2024-09,21111.41
C00554,2024-10,21111.41
C00554,2024-11,21111.41
C00554,2024-12,21111.41
C00554,2025-01,21111.41
C00554,2025-02,21111.41
C00554,2025-03,21111.41
C00554,2025-04,21111.41
C00554,2025-05,21111.41
C00554,2025-06,21111.41
C00554,2025-07,21111.41
C00554,2025-08,21111.41
C00554,2025-09,21111.41
C00554,2025-10,21111.41
C00554,2025-11,21111.41
C00554,2025-12,21111.41
C00554,2026-01,21111.41
C00554,2026-02,21111.41
C00554,2026-03,21111.41
C00554,2026-04,21111.41
C00554,2026-05,21111.41
C00554,2026-06,21111.41
C00555,2024-07,234497.8
C00555,2024-08,234497.8
C00555,2024-09,234497.8
C00555,2024-10,234497.8
C00555,2024-11,234497.8
C00555,2024-12,234497.8
C00555,2025-01,234497.8
C00555,2025-02,234497.8
C00555,2025-03,234497.8
C00555,2025-04,234497.8
C00555,2025-05,234497.8
C00555,2025-06,234497.8
C00555,2025-07,234497.8
C00556,2024-07,3771.33
C00556,2024-08,3771.33
C00556,2024-09,3771.33
C00556,2024-10,3771.33
C00556,2024-11,3771.33
C00556,2024-12,3771.33
C00557,2024-07,42305.97
C00557,2024-08,42305.97
C00557,2024-09,42305.97
C00557,2024-10,42305.97
C00557,2024-11,42305.97
C00557,2024-12,42305.97
C00557,2025-01,42305.97
C00557,2025-02,42305.97
C00557,2025-03,42305.97
C00557,2025-04,42305.97
C00557,2025-05,42305.97
C00557,2025-06,42305.97
C00557,2025-07,42305.97
C00558,2024-07,42651.26
C00558,2024-08,42651.26
C00558,2024-09,52375.95
C00558,2024-10,52375.95
C00558,2024-11,52375.95
C00558,2024-12,52375.95
C00558,2025-01,52375.95
C00558,2025-02,52375.95
C00558,2025-03,52375.95
C00558,2025-04,52375.95
C00558,2025-05,52375.95
C00558,2025-06,52375.95
C00558,2025-07,52375.95
C00558,2025-08,52375.95
C00558,2025-09,52375.95
C00558,2025-10,52375.95
C00558,2025-11,52375.95
C00558,2025-12,52375.95
C00558,2026-01,52375.95
C00558,2026-02,52375.95
C00558,2026-03,52375.95
C00558,2026-04,52375.95
C00558,2026-05,52375.95
C00558,2026-06,52375.95
C00559,2024-07,53061.53
C00559,2024-08,53061.53
C00559,2024-09,53061.53
C00559,2024-10,53061.53
C00559,2024-11,53061.53
C00559,2024-12,53061.53
C00559,2025-01,53061.53
C00559,2025-02,53061.53
C00559,2025-03,53061.53
C00559,2025-04,53061.53
C00559,2025-05,53061.53
C00559,2025-06,53061.53
C00559,2025-07,53061.53
C00559,2025-08,53061.53
C00559,2025-09,53061.53
C00560,2024-07,10093.16
C00560,2024-08,10093.16
C00560,2024-09,10093.16
C00560,2024-10,10093.16
C00560,2024-11,10093.16
C00560,2024-12,10093.16
C00560,2025-01,10093.16
C00560,2025-02,10093.16
C00560,2025-03,10093.16
C00560,2025-04,10093.16
C00560,2025-05,10093.16
C00560,2025-06,10093.16
C00560,2025-07,10093.16
C00561,2024-07,28587.83
C00561,2024-08,28587.83
C00561,2024-09,28587.83
C00561,2024-10,28587.83
C00561,2024-11,28587.83
C00561,2024-12,28587.83
C00561,2025-01,28587.83
C00561,2025-02,28587.83
C00561,2025-03,28587.83
C00561,2025-04,28587.83
C00562,2024-07,89992.75
C00562,2024-08,89992.75
C00562,2024-09,89992.75
C00562,2024-10,89992.75
C00562,2024-11,89992.75
C00562,2024-12,89992.75
C00562,2025-01,89992.75
C00562,2025-02,89992.75
C00562,2025-03,89992.75
C00562,2025-04,89992.75
C00562,2025-05,89992.75
C00562,2025-06,89992.75
C00563,2024-07,149339.35
C00563,2024-08,149339.35
C00563,2024-09,149339.35
C00563,2024-10,149339.35
C00563,2024-11,149339.35
C00563,2024-12,149339.35
C00563,2025-01,149339.35
C00563,2025-02,149339.35
C00563,2025-03,149339.35
C00563,2025-04,149339.35
C00563,2025-05,149339.35
C00563,2025-06,149339.35
C00563,2025-07,149339.35
C00563,2025-08,149339.35
C00563,2025-09,149339.35
C00563,2025-10,149339.35
C00563,2025-11,149339.35
C00563,2025-12,149339.35
C00563,2026-01,149339.35
C00563,2026-02,149339.35
C00563,2026-03,149339.35
C00563,2026-04,149339.35
C00563,2026-05,149339.35
C00563,2026-06,149339.35
C00564,2024-07,57322.33
C00564,2024-08,57322.33
C00564,2024-09,57322.33
C00564,2024-10,57322.33
C00564,2024-11,57322.33
C00564,2024-12,57322.33
C00564,2025-01,57322.33
C00564,2025-02,57322.33
C00564,2025-03,57322.33
C00564,2025-04,57322.33
C00564,2025-05,57322.33
C00564,2025-06,57322.33
C00564,2025-07,57322.33
C00565,2024-07,31686.69
C00565,2024-08,31686.69
C00565,2024-09,31686.69
C00565,2024-10,31686.69
C00565,2024-11,31686.69
C00565,2024-12,33981.92
C00565,2025-01,33981.92
C00565,2025-02,33981.92
C00565,2025-03,33981.92
C00565,2025-04,33981.92
C00565,2025-05,33981.92
C00565,2025-06,33981.92
C00565,2025-07,33981.92
C00565,2025-08,33981.92
C00565,2025-09,33981.92
C00565,2025-10,33981.92
C00565,2025-11,33981.92
C00565,2025-12,33981.92
C00565,2026-01,33981.92
C00565,2026-02,33981.92
C00565,2026-03,33981.92
C00565,2026-04,33981.92
C00565,2026-05,33981.92
C00565,2026-06,33981.92
C00566,2024-07,119572.52
C00566,2024-08,119572.52
C00566,2024-09,119572.52
C00566,2024-10,119572.52
C00566,2024-11,119572.52
C00566,2024-12,119572.52
C00566,2025-01,119572.52
C00566,2025-02,119572.52
C00566,2025-03,119572.52
C00566,2025-04,119572.52
C00566,2025-05,119572.52
C00566,2025-06,119572.52
C00566,2025-07,119572.52
C00566,2025-08,119572.52
C00566,2025-09,119572.52
C00566,2025-10,119572.52
C00566,2025-11,119572.52
C00566,2025-12,119572.52
C00566,2026-01,119572.52
C00566,2026-02,119572.52
C00566,2026-03,119572.52
C00566,2026-04,119572.52
C00566,2026-05,119572.52
C00566,2026-06,119572.52
C00567,2024-07,13645.46
C00567,2024-08,13645.46
C00567,2024-09,13645.46
C00567,2024-10,13645.46
C00567,2024-11,13645.46
C00567,2024-12,13645.46
C00567,2025-01,13645.46
C00567,2025-02,13645.46
C00567,2025-03,13645.46
C00567,2025-04,13645.46
C00567,2025-05,13645.46
C00567,2025-06,13645.46
C00567,2025-07,13645.46
C00567,2025-08,13645.46
C00567,2025-09,13645.46
C00567,2025-10,13645.46
C00567,2025-11,13645.46
C00567,2025-12,13645.46
C00567,2026-01,13645.46
C00567,2026-02,13645.46
C00567,2026-03,13645.46
C00567,2026-04,13645.46
C00567,2026-05,13645.46
C00567,2026-06,13645.46
C00568,2024-07,5937.33
C00568,2024-08,5937.33
C00568,2024-09,5937.33
C00568,2024-10,5937.33
C00568,2024-11,5937.33
C00568,2024-12,5937.33
C00568,2025-01,5937.33
C00568,2025-02,5937.33
C00568,2025-03,5937.33
C00568,2025-04,5937.33
C00569,2024-07,19699.38
C00569,2024-08,19699.38
C00569,2024-09,19699.38
C00569,2024-10,19699.38
C00569,2024-11,19699.38
C00569,2024-12,19699.38
C00569,2025-01,19699.38
C00569,2025-02,19699.38
C00569,2025-03,19699.38
C00569,2025-04,19699.38
C00569,2025-05,19699.38
C00569,2025-06,19699.38
C00569,2025-07,19699.38
C00569,2025-08,19699.38
C00569,2025-09,19699.38
C00569,2025-10,19699.38
C00569,2025-11,19699.38
C00569,2025-12,19699.38
C00569,2026-01,19699.38
C00569,2026-02,19699.38
C00569,2026-03,19699.38
C00569,2026-04,19699.38
C00569,2026-05,19699.38
C00569,2026-06,19699.38
C00570,2024-07,159856.12
C00570,2024-08,159856.12
C00570,2024-09,159856.12
C00570,2024-10,159856.12
C00570,2024-11,159856.12
C00570,2024-12,159856.12
C00570,2025-01,159856.12
C00570,2025-02,159856.12
C00570,2025-03,159856.12
C00570,2025-04,159856.12
C00570,2025-05,159856.12
C00570,2025-06,159856.12
C00570,2025-07,159856.12
C00570,2025-08,193270.52
C00570,2025-09,193270.52
C00570,2025-10,193270.52
C00570,2025-11,193270.52
C00570,2025-12,232679.57
C00570,2026-01,232679.57
C00570,2026-02,232679.57
C00570,2026-03,232679.57
C00570,2026-04,232679.57
C00570,2026-05,232679.57
C00570,2026-06,232679.57
C00571,2024-07,47333.88
C00571,2024-08,47333.88
C00571,2024-09,47333.88
C00571,2024-10,47333.88
C00571,2024-11,47333.88
C00571,2024-12,47333.88
C00571,2025-01,47333.88
C00571,2025-02,47333.88
C00571,2025-03,47333.88
C00571,2025-04,47333.88
C00571,2025-05,47333.88
C00571,2025-06,47333.88
C00571,2025-07,47333.88
C00571,2025-08,47333.88
C00572,2024-07,10975.84
C00573,2024-07,47973.07
C00573,2024-08,47973.07
C00573,2024-09,47973.07
C00573,2024-10,47973.07
C00573,2024-11,47973.07
C00573,2024-12,47973.07
C00573,2025-01,47973.07
C00573,2025-02,47973.07
C00573,2025-03,47973.07
C00573,2025-04,47973.07
C00573,2025-05,47973.07
C00573,2025-06,47973.07
C00573,2025-07,47973.07
C00573,2025-08,47973.07
C00573,2025-09,47973.07
C00573,2025-10,47973.07
C00573,2025-11,47973.07
C00573,2025-12,47973.07
C00573,2026-01,47973.07
C00573,2026-02,47973.07
C00573,2026-03,47973.07
C00573,2026-04,47973.07
C00573,2026-05,47973.07
C00573,2026-06,47973.07
C00574,2024-07,11921.84
C00574,2024-08,11921.84
C00574,2024-09,11921.84
C00574,2024-10,11921.84
C00574,2024-11,9929.25
C00574,2024-12,9929.25
C00574,2025-01,9929.25
C00574,2025-02,9929.25
C00574,2025-03,9929.25
C00574,2025-04,9929.25
C00574,2025-05,9929.25
C00574,2025-06,9929.25
C00574,2025-07,9929.25
C00574,2025-08,9929.25
C00574,2025-09,9929.25
C00574,2025-10,9929.25
C00574,2025-11,9929.25
C00574,2025-12,9929.25
C00574,2026-01,9929.25
C00574,2026-02,9929.25
C00574,2026-03,9929.25
C00574,2026-04,9929.25
C00574,2026-05,9929.25
C00574,2026-06,9929.25
C00575,2024-07,51359.67
C00575,2024-08,51359.67
C00575,2024-09,51359.67
C00575,2024-10,51359.67
C00575,2024-11,51359.67
C00575,2024-12,51359.67
C00575,2025-01,51359.67
C00575,2025-02,51359.67
C00575,2025-03,51359.67
C00575,2025-04,51359.67
C00575,2025-05,51359.67
C00575,2025-06,51359.67
C00575,2025-07,51359.67
C00575,2025-08,51359.67
C00575,2025-09,51359.67
C00575,2025-10,51359.67
C00575,2025-11,51359.67
C00575,2025-12,51359.67
C00575,2026-01,51359.67
C00575,2026-02,51359.67
C00575,2026-03,51359.67
C00575,2026-04,51359.67
C00575,2026-05,51359.67
C00575,2026-06,51359.67
C00576,2024-07,7811.14
C00577,2024-07,11809.25
C00577,2024-08,11809.25
C00577,2024-09,11809.25
C00578,2024-07,56341.07
C00578,2024-08,56341.07
C00578,2024-09,56341.07
C00578,2024-10,56341.07
C00578,2024-11,56341.07
C00578,2024-12,56341.07
C00578,2025-01,56341.07
C00578,2025-02,56341.07
C00578,2025-03,56341.07
C00578,2025-04,56341.07
C00578,2025-05,56341.07
C00578,2025-06,56341.07
C00578,2025-07,56341.07
C00578,2025-08,56341.07
C00578,2025-09,56341.07
C00578,2025-10,56341.07
C00578,2025-11,56341.07
C00578,2025-12,56341.07
C00578,2026-01,56341.07
C00578,2026-02,56341.07
C00578,2026-03,56341.07
C00578,2026-04,56341.07
C00578,2026-05,56341.07
C00578,2026-06,56341.07
C00579,2024-07,10826.71
C00580,2024-07,162515.02
C00580,2024-08,162515.02
C00580,2024-09,162515.02
C00580,2024-10,162515.02
C00580,2024-11,162515.02
C00580,2024-12,162515.02
C00580,2025-01,162515.02
C00580,2025-02,162515.02
C00580,2025-03,162515.02
C00580,2025-04,162515.02
C00580,2025-05,162515.02
C00580,2025-06,162515.02
C00580,2025-07,162515.02
C00580,2025-08,162515.02
C00580,2025-09,162515.02
C00580,2025-10,162515.02
C00580,2025-11,162515.02
C00580,2025-12,162515.02
C00580,2026-01,162515.02
C00580,2026-02,162515.02
C00580,2026-03,162515.02
C00580,2026-04,162515.02
C00580,2026-05,162515.02
C00580,2026-06,162515.02
C00581,2024-07,6582.15
C00581,2024-08,6582.15
C00581,2024-09,6582.15
C00581,2024-10,6582.15
C00581,2024-11,6582.15
C00581,2024-12,6582.15
C00581,2025-01,6582.15
C00581,2025-02,6582.15
C00581,2025-03,6582.15
C00581,2025-04,6582.15
C00581,2025-05,6582.15
C00582,2024-07,37314.49
C00582,2024-08,37314.49
C00582,2024-09,37314.49
C00582,2024-10,37314.49
C00582,2024-11,37314.49
C00582,2024-12,37314.49
C00582,2025-01,37314.49
C00582,2025-02,37314.49
C00582,2025-03,37314.49
C00582,2025-04,37314.49
C00582,2025-05,37314.49
C00582,2025-06,37314.49
C00582,2025-07,37314.49
C00582,2025-08,37314.49
C00582,2025-09,37314.49
C00582,2025-10,37314.49
C00582,2025-11,37314.49
C00582,2025-12,37314.49
C00582,2026-01,37314.49
C00582,2026-02,37314.49
C00582,2026-03,37314.49
C00582,2026-04,37314.49
C00582,2026-05,37314.49
C00582,2026-06,37314.49
C00583,2024-07,4280.49
C00583,2024-08,4280.49
C00583,2024-09,4280.49
C00583,2024-10,4280.49
C00583,2024-11,4280.49
C00583,2024-12,4280.49
C00583,2025-01,4280.49
C00583,2025-02,4280.49
C00583,2025-03,4280.49
C00583,2025-04,4280.49
C00584,2024-07,41300.37
C00584,2024-08,41300.37
C00584,2024-09,41300.37
C00584,2024-10,41300.37
C00584,2024-11,41300.37
C00584,2024-12,41300.37
C00584,2025-01,41300.37
C00584,2025-02,41300.37
C00584,2025-03,41300.37
C00584,2025-04,41300.37
C00584,2025-05,41300.37
C00584,2025-06,41300.37
C00584,2025-07,41300.37
C00584,2025-08,41300.37
C00584,2025-09,41300.37
C00584,2025-10,41300.37
C00584,2025-11,41300.37
C00584,2025-12,41300.37
C00584,2026-01,41300.37
C00584,2026-02,41300.37
C00584,2026-03,41300.37
C00584,2026-04,41300.37
C00584,2026-05,41300.37
C00584,2026-06,41300.37
C00585,2024-07,3819.45
C00585,2024-08,3819.45
C00585,2024-09,3819.45
C00585,2024-10,3819.45
C00585,2024-11,3819.45
C00586,2024-07,21155.04
C00586,2024-08,21155.04
C00586,2024-09,21155.04
C00586,2024-10,21155.04
C00586,2024-11,21155.04
C00586,2024-12,21155.04
C00586,2025-01,17927.46
C00586,2025-02,17927.46
C00586,2025-03,17927.46
C00586,2025-04,17927.46
C00586,2025-05,17927.46
C00587,2024-07,2645.91
C00587,2024-08,2645.91
C00587,2024-09,2645.91
C00587,2024-10,2645.91
C00587,2024-11,2645.91
C00587,2024-12,2645.91
C00587,2025-01,2645.91
C00587,2025-02,2645.91
C00587,2025-03,2645.91
C00587,2025-04,2645.91
C00587,2025-05,2645.91
C00587,2025-06,2645.91
C00587,2025-07,2645.91
C00587,2025-08,2645.91
C00587,2025-09,2645.91
C00587,2025-10,2645.91
C00587,2025-11,2645.91
C00587,2025-12,2645.91
C00587,2026-01,2645.91
C00588,2024-07,2105.45
C00588,2024-08,2105.45
C00588,2024-09,2105.45
C00588,2024-10,2105.45
C00588,2024-11,2105.45
C00588,2024-12,2105.45
C00588,2025-01,2105.45
C00588,2025-02,2105.45
C00588,2025-03,2105.45
C00589,2024-07,148648.39
C00589,2024-08,148648.39
C00589,2024-09,148648.39
C00589,2024-10,148648.39
C00589,2024-11,148648.39
C00589,2024-12,148648.39
C00589,2025-01,148648.39
C00589,2025-02,148648.39
C00589,2025-03,148648.39
C00589,2025-04,148648.39
C00589,2025-05,148648.39
C00589,2025-06,148648.39
C00589,2025-07,148648.39
C00589,2025-08,148648.39
C00589,2025-09,148648.39
C00589,2025-10,148648.39
C00589,2025-11,148648.39
C00589,2025-12,148648.39
C00589,2026-01,148648.39
C00589,2026-02,148648.39
C00589,2026-03,148648.39
C00589,2026-04,148648.39
C00589,2026-05,148648.39
C00589,2026-06,148648.39
C00590,2024-07,5885.67
C00590,2024-08,5885.67
C00590,2024-09,5885.67
C00590,2024-10,5885.67
C00591,2024-07,4711.13
C00591,2024-08,4711.13
C00591,2024-09,4711.13
C00591,2024-10,4711.13
C00591,2024-11,4711.13
C00591,2024-12,4711.13
C00591,2025-01,4711.13
C00591,2025-02,4711.13
C00591,2025-03,4711.13
C00591,2025-04,4711.13
C00591,2025-05,4711.13
C00591,2025-06,4711.13
C00591,2025-07,4711.13
C00591,2025-08,4711.13
C00591,2025-09,4711.13
C00591,2025-10,4711.13
C00591,2025-11,4711.13
C00591,2025-12,4711.13
C00591,2026-01,4711.13
C00591,2026-02,4711.13
C00591,2026-03,4711.13
C00591,2026-04,4711.13
C00591,2026-05,4711.13
C00591,2026-06,4711.13
C00592,2024-07,3625.31
C00592,2024-08,3625.31
C00592,2024-09,3625.31
C00592,2024-10,3625.31
C00592,2024-11,3625.31
C00592,2024-12,3625.31
C00592,2025-01,3625.31
C00592,2025-02,3625.31
C00592,2025-03,3625.31
C00592,2025-04,3625.31
C00592,2025-05,3625.31
C00592,2025-06,3625.31
C00592,2025-07,3625.31
C00592,2025-08,3625.31
C00592,2025-09,3625.31
C00592,2025-10,3625.31
C00592,2025-11,3625.31
C00592,2025-12,3625.31
C00592,2026-01,3625.31
C00592,2026-02,3625.31
C00592,2026-03,3625.31
C00592,2026-04,3625.31
C00592,2026-05,3625.31
C00592,2026-06,3625.31
C00593,2024-07,9885.88
C00593,2024-08,9885.88
C00593,2024-09,9885.88
C00593,2024-10,9885.88
C00593,2024-11,9885.88
C00593,2024-12,9885.88
C00593,2025-01,9885.88
C00593,2025-02,9885.88
C00593,2025-03,9885.88
C00593,2025-04,9885.88
C00593,2025-05,9885.88
C00593,2025-06,9885.88
C00593,2025-07,9885.88
C00593,2025-08,9885.88
C00593,2025-09,9885.88
C00593,2025-10,9885.88
C00593,2025-11,9885.88
C00593,2025-12,9885.88
C00593,2026-01,9885.88
C00593,2026-02,9885.88
C00593,2026-03,9885.88
C00593,2026-04,9885.88
C00593,2026-05,9885.88
C00593,2026-06,9885.88
C00594,2024-07,84672.03
C00594,2024-08,84672.03
C00594,2024-09,84672.03
C00594,2024-10,84672.03
C00594,2024-11,84672.03
C00594,2024-12,84672.03
C00594,2025-01,84672.03
C00594,2025-02,84672.03
C00594,2025-03,84672.03
C00594,2025-04,84672.03
C00594,2025-05,84672.03
C00594,2025-06,84672.03
C00594,2025-07,84672.03
C00594,2025-08,84672.03
C00594,2025-09,84672.03
C00594,2025-10,84672.03
C00594,2025-11,84672.03
C00594,2025-12,84672.03
C00594,2026-01,84672.03
C00594,2026-02,84672.03
C00594,2026-03,84672.03
C00594,2026-04,84672.03
C00594,2026-05,84672.03
C00594,2026-06,84672.03
C00595,2024-07,55493.0
C00595,2024-08,55493.0
C00595,2024-09,55493.0
C00595,2024-10,55493.0
C00595,2024-11,55493.0
C00596,2024-07,47765.53
C00596,2024-08,47765.53
C00596,2024-09,47765.53
C00596,2024-10,47765.53
C00596,2024-11,47765.53
C00596,2024-12,47765.53
C00596,2025-01,47765.53
C00596,2025-02,47765.53
C00596,2025-03,47765.53
C00596,2025-04,47765.53
C00596,2025-05,47765.53
C00596,2025-06,47765.53
C00596,2025-07,47765.53
C00596,2025-08,47765.53
C00596,2025-09,47765.53
C00596,2025-10,47765.53
C00596,2025-11,47765.53
C00596,2025-12,47765.53
C00596,2026-01,47765.53
C00596,2026-02,47765.53
C00596,2026-03,47765.53
C00596,2026-04,47765.53
C00596,2026-05,47765.53
C00596,2026-06,47765.53
C00597,2024-07,220391.77
C00597,2024-08,220391.77
C00597,2024-09,220391.77
C00597,2024-10,220391.77
C00597,2024-11,220391.77
C00597,2024-12,220391.77
C00597,2025-01,220391.77
C00597,2025-02,220391.77
C00597,2025-03,220391.77
C00597,2025-04,220391.77
C00597,2025-05,220391.77
C00597,2025-06,220391.77
C00597,2025-07,220391.77
C00597,2025-08,220391.77
C00597,2025-09,220391.77
C00597,2025-10,220391.77
C00597,2025-11,220391.77
C00597,2025-12,220391.77
C00597,2026-01,220391.77
C00597,2026-02,220391.77
C00597,2026-03,220391.77
C00597,2026-04,220391.77
C00597,2026-05,220391.77
C00597,2026-06,220391.77
C00598,2024-08,6801.29
C00598,2024-09,6801.29
C00598,2024-10,6801.29
C00598,2024-11,6801.29
C00598,2024-12,6801.29
C00598,2025-01,6801.29
C00598,2025-02,6801.29
C00598,2025-03,6801.29
C00598,2025-04,6801.29
C00598,2025-05,6801.29
C00598,2025-06,6801.29
C00598,2025-07,6801.29
C00598,2025-08,6801.29
C00598,2025-09,6801.29
C00598,2025-10,6801.29
C00598,2025-11,6801.29
C00598,2025-12,6801.29
C00598,2026-01,6801.29
C00598,2026-02,6801.29
C00598,2026-03,6801.29
C00598,2026-04,6801.29
C00598,2026-05,6801.29
C00598,2026-06,6801.29
C00599,2024-08,10714.41
C00599,2024-09,10714.41
C00599,2024-10,10714.41
C00599,2024-11,10714.41
C00599,2024-12,10714.41
C00599,2025-01,10714.41
C00599,2025-02,10714.41
C00599,2025-03,10714.41
C00599,2025-04,10714.41
C00599,2025-05,10714.41
C00599,2025-06,10714.41
C00600,2024-08,2688.27
C00600,2024-09,2688.27
C00600,2024-10,2688.27
C00600,2024-11,2688.27
C00600,2024-12,2688.27
C00600,2025-01,2688.27
C00600,2025-02,2688.27
C00600,2025-03,2688.27
C00600,2025-04,2688.27
C00600,2025-05,2688.27
C00600,2025-06,2688.27
C00600,2025-07,2688.27
C00600,2025-08,2688.27
C00600,2025-09,2688.27
C00600,2025-10,2688.27
C00600,2025-11,2688.27
C00600,2025-12,2688.27
C00600,2026-01,2688.27
C00600,2026-02,2688.27
C00600,2026-03,2688.27
C00600,2026-04,2688.27
C00600,2026-05,2688.27
C00600,2026-06,2688.27
C00601,2024-08,40238.26
C00601,2024-09,40238.26
C00601,2024-10,40238.26
C00601,2024-11,40238.26
C00601,2024-12,40238.26
C00601,2025-01,40238.26
C00601,2025-02,33091.36
C00601,2025-03,33091.36
C00601,2025-04,33091.36
C00601,2025-05,33091.36
C00601,2025-06,33091.36
C00601,2025-07,33091.36
C00601,2025-08,33091.36
C00601,2025-09,33091.36
C00601,2025-10,33091.36
C00601,2025-11,33091.36
C00601,2025-12,33091.36
C00601,2026-01,33091.36
C00601,2026-02,33091.36
C00601,2026-03,33091.36
C00601,2026-04,33091.36
C00602,2024-08,51454.56
C00602,2024-09,51454.56
C00602,2024-10,51454.56
C00602,2024-11,51454.56
C00602,2024-12,51454.56
C00602,2025-01,51454.56
C00602,2025-02,51454.56
C00602,2025-03,51454.56
C00602,2025-04,51454.56
C00602,2025-05,51454.56
C00602,2025-06,51454.56
C00602,2025-07,51454.56
C00602,2025-08,51454.56
C00602,2025-09,51454.56
C00602,2025-10,51454.56
C00603,2024-08,227251.25
C00603,2024-09,227251.25
C00603,2024-10,227251.25
C00603,2024-11,227251.25
C00603,2024-12,227251.25
C00603,2025-01,227251.25
C00603,2025-02,227251.25
C00603,2025-03,227251.25
C00603,2025-04,227251.25
C00603,2025-05,227251.25
C00603,2025-06,227251.25
C00603,2025-07,227251.25
C00603,2025-08,227251.25
C00603,2025-09,227251.25
C00603,2025-10,227251.25
C00603,2025-11,227251.25
C00603,2025-12,227251.25
C00603,2026-01,227251.25
C00603,2026-02,227251.25
C00603,2026-03,227251.25
C00603,2026-04,227251.25
C00603,2026-05,227251.25
C00603,2026-06,227251.25
C00604,2024-08,144259.19
C00604,2024-09,144259.19
C00604,2024-10,144259.19
C00604,2024-11,144259.19
C00604,2024-12,144259.19
C00604,2025-01,144259.19
C00604,2025-02,144259.19
C00604,2025-03,144259.19
C00604,2025-04,144259.19
C00604,2025-05,144259.19
C00605,2024-08,48693.06
C00605,2024-09,48693.06
C00605,2024-10,48693.06
C00605,2024-11,48693.06
C00605,2024-12,48693.06
C00605,2025-01,48693.06
C00605,2025-02,48693.06
C00605,2025-03,48693.06
C00605,2025-04,48693.06
C00605,2025-05,48693.06
C00605,2025-06,48693.06
C00605,2025-07,48693.06
C00605,2025-08,48693.06
C00605,2025-09,48693.06
C00605,2025-10,48693.06
C00605,2025-11,48693.06
C00605,2025-12,48693.06
C00605,2026-01,48693.06
C00605,2026-02,48693.06
C00605,2026-03,48693.06
C00605,2026-04,48693.06
C00605,2026-05,48693.06
C00605,2026-06,48693.06
C00606,2024-08,36941.64
C00606,2024-09,36941.64
C00606,2024-10,36941.64
C00606,2024-11,36941.64
C00606,2024-12,36941.64
C00606,2025-01,36941.64
C00606,2025-02,36941.64
C00606,2025-03,36941.64
C00606,2025-04,36941.64
C00606,2025-05,36941.64
C00606,2025-06,36941.64
C00606,2025-07,36941.64
C00606,2025-08,36941.64
C00606,2025-09,36941.64
C00606,2025-10,36941.64
C00606,2025-11,36941.64
C00606,2025-12,36941.64
C00606,2026-01,36941.64
C00606,2026-02,36941.64
C00606,2026-03,36941.64
C00606,2026-04,36941.64
C00606,2026-05,36941.64
C00606,2026-06,36941.64
C00607,2024-08,14685.21
C00607,2024-09,14685.21
C00607,2024-10,14685.21
C00607,2024-11,14685.21
C00607,2024-12,14685.21
C00607,2025-01,14685.21
C00607,2025-02,14685.21
C00607,2025-03,14685.21
C00607,2025-04,14685.21
C00608,2024-08,13840.03
C00608,2024-09,13840.03
C00608,2024-10,13840.03
C00608,2024-11,13840.03
C00608,2024-12,13840.03
C00608,2025-01,13840.03
C00608,2025-02,13840.03
C00608,2025-03,13840.03
C00608,2025-04,13840.03
C00608,2025-05,13840.03
C00609,2024-08,6131.19
C00609,2024-09,6131.19
C00609,2024-10,6131.19
C00610,2024-08,31872.58
C00610,2024-09,31872.58
C00610,2024-10,31872.58
C00610,2024-11,31872.58
C00610,2024-12,31872.58
C00610,2025-01,31872.58
C00610,2025-02,31872.58
C00610,2025-03,31872.58
C00610,2025-04,31872.58
C00610,2025-05,31872.58
C00610,2025-06,31872.58
C00610,2025-07,31872.58
C00610,2025-08,31872.58
C00610,2025-09,31872.58
C00610,2025-10,31872.58
C00610,2025-11,31872.58
C00610,2025-12,31872.58
C00610,2026-01,31872.58
C00610,2026-02,31872.58
C00610,2026-03,31872.58
C00610,2026-04,31872.58
C00611,2024-08,22936.78
C00611,2024-09,22936.78
C00611,2024-10,22936.78
C00611,2024-11,22936.78
C00611,2024-12,22936.78
C00611,2025-01,22936.78
C00611,2025-02,22936.78
C00611,2025-03,22936.78
C00611,2025-04,22936.78
C00611,2025-05,22936.78
C00611,2025-06,22936.78
C00611,2025-07,22936.78
C00611,2025-08,22936.78
C00611,2025-09,22936.78
C00611,2025-10,22936.78
C00611,2025-11,22936.78
C00611,2025-12,22936.78
C00611,2026-01,22936.78
C00611,2026-02,22936.78
C00611,2026-03,22936.78
C00611,2026-04,22936.78
C00611,2026-05,22936.78
C00611,2026-06,22936.78
C00612,2024-08,9966.78
C00612,2024-09,9966.78
C00612,2024-10,9966.78
C00612,2024-11,9966.78
C00612,2024-12,9966.78
C00613,2024-08,30856.52
C00613,2024-09,30856.52
C00613,2024-10,30856.52
C00613,2024-11,30856.52
C00613,2024-12,30856.52
C00613,2025-01,30856.52
C00613,2025-02,30856.52
C00613,2025-03,30856.52
C00613,2025-04,30856.52
C00613,2025-05,30856.52
C00613,2025-06,30856.52
C00613,2025-07,30856.52
C00613,2025-08,30856.52
C00613,2025-09,30856.52
C00613,2025-10,30856.52
C00613,2025-11,30856.52
C00613,2025-12,30856.52
C00613,2026-01,30856.52
C00613,2026-02,30856.52
C00613,2026-03,30856.52
C00613,2026-04,30856.52
C00613,2026-05,30856.52
C00613,2026-06,30856.52
C00614,2024-08,8104.13
C00614,2024-09,8104.13
C00614,2024-10,8104.13
C00614,2024-11,8104.13
C00614,2024-12,9252.07
C00614,2025-01,9252.07
C00614,2025-02,9252.07
C00614,2025-03,9252.07
C00615,2024-08,30509.73
C00615,2024-09,30509.73
C00615,2024-10,30509.73
C00615,2024-11,30509.73
C00615,2024-12,30509.73
C00615,2025-01,30509.73
C00615,2025-02,30509.73
C00615,2025-03,30509.73
C00615,2025-04,30509.73
C00615,2025-05,30509.73
C00615,2025-06,30509.73
C00615,2025-07,30509.73
C00615,2025-08,30509.73
C00615,2025-09,30509.73
C00616,2024-08,28081.93
C00616,2024-09,28081.93
C00616,2024-10,28081.93
C00616,2024-11,28081.93
C00617,2024-08,158691.77
C00617,2024-09,158691.77
C00617,2024-10,158691.77
C00617,2024-11,158691.77
C00617,2024-12,158691.77
C00617,2025-01,124002.66
C00617,2025-02,124002.66
C00617,2025-03,124002.66
C00617,2025-04,124002.66
C00617,2025-05,124002.66
C00617,2025-06,124002.66
C00617,2025-07,124002.66
C00617,2025-08,124002.66
C00617,2025-09,124002.66
C00617,2025-10,124002.66
C00617,2025-11,124002.66
C00617,2025-12,124002.66
C00617,2026-01,124002.66
C00617,2026-02,124002.66
C00617,2026-03,124002.66
C00617,2026-04,124002.66
C00617,2026-05,124002.66
C00617,2026-06,124002.66
C00618,2024-08,8093.47
C00618,2024-09,8093.47
C00618,2024-10,8093.47
C00619,2024-08,48589.78
C00619,2024-09,48589.78
C00619,2024-10,48589.78
C00619,2024-11,48589.78
C00619,2024-12,48589.78
C00619,2025-01,48589.78
C00619,2025-02,48589.78
C00619,2025-03,48589.78
C00619,2025-04,48589.78
C00619,2025-05,48589.78
C00619,2025-06,48589.78
C00619,2025-07,48589.78
C00619,2025-08,48589.78
C00619,2025-09,48589.78
C00619,2025-10,48589.78
C00619,2025-11,48589.78
C00619,2025-12,48589.78
C00619,2026-01,48589.78
C00619,2026-02,48589.78
C00619,2026-03,48589.78
C00619,2026-04,48589.78
C00619,2026-05,48589.78
C00619,2026-06,48589.78
C00620,2024-08,37056.64
C00620,2024-09,37056.64
C00620,2024-10,37056.64
C00620,2024-11,37056.64
C00620,2024-12,37056.64
C00620,2025-01,37056.64
C00620,2025-02,37056.64
C00620,2025-03,37056.64
C00620,2025-04,37056.64
C00620,2025-05,37056.64
C00620,2025-06,37056.64
C00620,2025-07,37056.64
C00620,2025-08,37056.64
C00620,2025-09,37056.64
C00620,2025-10,37056.64
C00620,2025-11,37056.64
C00620,2025-12,26236.25
C00620,2026-01,26236.25
C00620,2026-02,26236.25
C00620,2026-03,26236.25
C00620,2026-04,26236.25
C00620,2026-05,26236.25
C00620,2026-06,26236.25
C00621,2024-08,10522.0
C00621,2024-09,10522.0
C00621,2024-10,10522.0
C00621,2024-11,10522.0
C00621,2024-12,10522.0
C00621,2025-01,10522.0
C00621,2025-02,10522.0
C00621,2025-03,10522.0
C00621,2025-04,10522.0
C00621,2025-05,10522.0
C00621,2025-06,10522.0
C00621,2025-07,10522.0
C00621,2025-08,10522.0
C00621,2025-09,10522.0
C00621,2025-10,10522.0
C00621,2025-11,10522.0
C00621,2025-12,10522.0
C00621,2026-01,10522.0
C00621,2026-02,10522.0
C00621,2026-03,10522.0
C00622,2024-08,7920.24
C00622,2024-09,7920.24
C00622,2024-10,7920.24
C00622,2024-11,7920.24
C00622,2024-12,7920.24
C00622,2025-01,7920.24
C00622,2025-02,7920.24
C00622,2025-03,7920.24
C00622,2025-04,7920.24
C00622,2025-05,7920.24
C00622,2025-06,7920.24
C00623,2024-08,15838.44
C00623,2024-09,15838.44
C00623,2024-10,15838.44
C00623,2024-11,15838.44
C00624,2024-08,41214.09
C00624,2024-09,41214.09
C00624,2024-10,41214.09
C00624,2024-11,41214.09
C00624,2024-12,41214.09
C00624,2025-01,41214.09
C00624,2025-02,41214.09
C00624,2025-03,41214.09
C00624,2025-04,41214.09
C00624,2025-05,41214.09
C00624,2025-06,41214.09
C00624,2025-07,41214.09
C00624,2025-08,41214.09
C00624,2025-09,41214.09
C00624,2025-10,41214.09
C00624,2025-11,41214.09
C00624,2025-12,41214.09
C00624,2026-01,41214.09
C00624,2026-02,41214.09
C00624,2026-03,41214.09
C00624,2026-04,41214.09
C00624,2026-05,41214.09
C00624,2026-06,41214.09
C00625,2024-08,72476.72
C00625,2024-09,72476.72
C00625,2024-10,72476.72
C00625,2024-11,72476.72
C00625,2024-12,72476.72
C00625,2025-01,72476.72
C00625,2025-02,72476.72
C00625,2025-03,72476.72
C00625,2025-04,72476.72
C00625,2025-05,72476.72
C00625,2025-06,72476.72
C00625,2025-07,72476.72
C00625,2025-08,72476.72
C00625,2025-09,72476.72
C00625,2025-10,72476.72
C00625,2025-11,72476.72
C00625,2025-12,72476.72
C00625,2026-01,72476.72
C00625,2026-02,72476.72
C00625,2026-03,72476.72
C00625,2026-04,72476.72
C00625,2026-05,72476.72
C00625,2026-06,72476.72
C00626,2024-08,75180.87
C00626,2024-09,75180.87
C00626,2024-10,75180.87
C00626,2024-11,75180.87
C00626,2024-12,75180.87
C00626,2025-01,75180.87
C00626,2025-02,75180.87
C00626,2025-03,75180.87
C00626,2025-04,75180.87
C00626,2025-05,75180.87
C00626,2025-06,75180.87
C00626,2025-07,96963.66
C00626,2025-08,96963.66
C00626,2025-09,96963.66
C00627,2024-08,20940.48
C00627,2024-09,20940.48
C00627,2024-10,20940.48
C00627,2024-11,20940.48
C00627,2024-12,20940.48
C00627,2025-01,20940.48
C00627,2025-02,20940.48
C00627,2025-03,20940.48
C00627,2025-04,20940.48
C00627,2025-05,20940.48
C00627,2025-06,20940.48
C00627,2025-07,20940.48
C00627,2025-08,20940.48
C00627,2025-09,20940.48
C00627,2025-10,20940.48
C00627,2025-11,20940.48
C00627,2025-12,20940.48
C00627,2026-01,20940.48
C00627,2026-02,20940.48
C00627,2026-03,20940.48
C00627,2026-04,20940.48
C00627,2026-05,20940.48
C00627,2026-06,20940.48
C00628,2024-08,119240.87
C00628,2024-09,119240.87
C00628,2024-10,119240.87
C00628,2024-11,119240.87
C00628,2024-12,119240.87
C00628,2025-01,119240.87
C00628,2025-02,119240.87
C00628,2025-03,119240.87
C00628,2025-04,119240.87
C00628,2025-05,119240.87
C00628,2025-06,119240.87
C00628,2025-07,119240.87
C00628,2025-08,119240.87
C00628,2025-09,107940.52
C00628,2025-10,107940.52
C00628,2025-11,107940.52
C00628,2025-12,107940.52
C00628,2026-01,107940.52
C00628,2026-02,107940.52
C00628,2026-03,107940.52
C00628,2026-04,107940.52
C00628,2026-05,107940.52
C00628,2026-06,107940.52
C00629,2024-08,4969.69
C00629,2024-09,4969.69
C00629,2024-10,4969.69
C00629,2024-11,4969.69
C00629,2024-12,4969.69
C00629,2025-01,4969.69
C00629,2025-02,4969.69
C00629,2025-03,4969.69
C00629,2025-04,4969.69
C00629,2025-05,4969.69
C00629,2025-06,4969.69
C00629,2025-07,4969.69
C00629,2025-08,4969.69
C00629,2025-09,4969.69
C00629,2025-10,4969.69
C00629,2025-11,4969.69
C00629,2025-12,4969.69
C00629,2026-01,4969.69
C00629,2026-02,4969.69
C00629,2026-03,4969.69
C00629,2026-04,4969.69
C00629,2026-05,4969.69
C00629,2026-06,4969.69
C00630,2024-08,9456.59
C00630,2024-09,9456.59
C00630,2024-10,9456.59
C00630,2024-11,9456.59
C00630,2024-12,9456.59
C00630,2025-01,9456.59
C00630,2025-02,9456.59
C00630,2025-03,9456.59
C00630,2025-04,9456.59
C00630,2025-05,9456.59
C00631,2024-08,39740.47
C00631,2024-09,39740.47
C00631,2024-10,39740.47
C00631,2024-11,39740.47
C00631,2024-12,39740.47
C00631,2025-01,39740.47
C00631,2025-02,39740.47
C00631,2025-03,39740.47
C00631,2025-04,39740.47
C00631,2025-05,39740.47
C00631,2025-06,39740.47
C00631,2025-07,39740.47
C00631,2025-08,39740.47
C00631,2025-09,39740.47
C00631,2025-10,39740.47
C00631,2025-11,39740.47
C00631,2025-12,39740.47
C00631,2026-01,39740.47
C00631,2026-02,39740.47
C00631,2026-03,39740.47
C00631,2026-04,39740.47
C00631,2026-05,39740.47
C00631,2026-06,39740.47
C00632,2024-08,1976.31
C00632,2024-09,1976.31
C00632,2024-10,1976.31
C00632,2024-11,1976.31
C00632,2024-12,1976.31
C00632,2025-01,1976.31
C00632,2025-02,2302.47
C00632,2025-03,2302.47
C00632,2025-04,2302.47
C00633,2024-08,33412.45
C00633,2024-09,33412.45
C00633,2024-10,33412.45
C00633,2024-11,33412.45
C00633,2024-12,33412.45
C00633,2025-01,33412.45
C00633,2025-02,33412.45
C00633,2025-03,33412.45
C00633,2025-04,33412.45
C00633,2025-05,33412.45
C00633,2025-06,33412.45
C00634,2024-08,1992.72
C00634,2024-09,1992.72
C00634,2024-10,1697.99
C00634,2024-11,1697.99
C00634,2024-12,1697.99
C00634,2025-01,1697.99
C00634,2025-02,1697.99
C00634,2025-03,1697.99
C00635,2024-08,10625.24
C00635,2024-09,10625.24
C00635,2024-10,10625.24
C00635,2024-11,10625.24
C00635,2024-12,10625.24
C00635,2025-01,10625.24
C00635,2025-02,10625.24
C00635,2025-03,10625.24
C00635,2025-04,10625.24
C00635,2025-05,10625.24
C00635,2025-06,10625.24
C00635,2025-07,10625.24
C00635,2025-08,10625.24
C00635,2025-09,10625.24
C00635,2025-10,10625.24
C00636,2024-08,22841.42
C00636,2024-09,22841.42
C00636,2024-10,22841.42
C00636,2024-11,22841.42
C00636,2024-12,22841.42
C00636,2025-01,22841.42
C00636,2025-02,22841.42
C00636,2025-03,22841.42
C00636,2025-04,22841.42
C00636,2025-05,22841.42
C00636,2025-06,22841.42
C00636,2025-07,22841.42
C00636,2025-08,22841.42
C00636,2025-09,22841.42
C00636,2025-10,22841.42
C00636,2025-11,22841.42
C00636,2025-12,22841.42
C00636,2026-01,22841.42
C00636,2026-02,22841.42
C00636,2026-03,22841.42
C00636,2026-04,22841.42
C00636,2026-05,22841.42
C00636,2026-06,22841.42
C00637,2024-08,11670.27
C00637,2024-09,11670.27
C00637,2024-10,11670.27
C00637,2024-11,11670.27
C00637,2024-12,11670.27
C00637,2025-01,11670.27
C00637,2025-02,11670.27
C00637,2025-03,11670.27
C00637,2025-04,11670.27
C00637,2025-05,11670.27
C00638,2024-08,11110.53
C00638,2024-09,11110.53
C00638,2024-10,11110.53
C00638,2024-11,11110.53
C00638,2024-12,11110.53
C00638,2025-01,11110.53
C00638,2025-02,11110.53
C00638,2025-03,11110.53
C00638,2025-04,11110.53
C00639,2024-08,25120.71
C00639,2024-09,25120.71
C00639,2024-10,25120.71
C00639,2024-11,25120.71
C00639,2024-12,25120.71
C00639,2025-01,25120.71
C00639,2025-02,25120.71
C00639,2025-03,25120.71
C00639,2025-04,25120.71
C00639,2025-05,25120.71
C00639,2025-06,25120.71
C00639,2025-07,25120.71
C00639,2025-08,25120.71
C00639,2025-09,25120.71
C00639,2025-10,25120.71
C00639,2025-11,25120.71
C00639,2025-12,25120.71
C00639,2026-01,25120.71
C00639,2026-02,25120.71
C00639,2026-03,25120.71
C00639,2026-04,25120.71
C00639,2026-05,25120.71
C00639,2026-06,25120.71
C00640,2024-08,6524.75
C00640,2024-09,6524.75
C00640,2024-10,6524.75
C00640,2024-11,6524.75
C00640,2024-12,6524.75
C00640,2025-01,6524.75
C00640,2025-02,6524.75
C00640,2025-03,6524.75
C00640,2025-04,6524.75
C00640,2025-05,6524.75
C00640,2025-06,6524.75
C00640,2025-07,6524.75
C00640,2025-08,6524.75
C00640,2025-09,6524.75
C00640,2025-10,6524.75
C00640,2025-11,6524.75
C00640,2025-12,6524.75
C00640,2026-01,6524.75
C00640,2026-02,6524.75
C00640,2026-03,6524.75
C00640,2026-04,6524.75
C00640,2026-05,6524.75
C00640,2026-06,6524.75
C00641,2024-09,47802.76
C00641,2024-10,47802.76
C00641,2024-11,47802.76
C00641,2024-12,47802.76
C00641,2025-01,47802.76
C00641,2025-02,47802.76
C00641,2025-03,47802.76
C00641,2025-04,47802.76
C00641,2025-05,47802.76
C00641,2025-06,47802.76
C00641,2025-07,47802.76
C00641,2025-08,47802.76
C00641,2025-09,47802.76
C00641,2025-10,47802.76
C00641,2025-11,47802.76
C00641,2025-12,47802.76
C00641,2026-01,47802.76
C00641,2026-02,47802.76
C00641,2026-03,47802.76
C00641,2026-04,47802.76
C00641,2026-05,47802.76
C00641,2026-06,47802.76
C00642,2024-09,5432.02
C00642,2024-10,5432.02
C00643,2024-09,7100.46
C00643,2024-10,7100.46
C00644,2024-09,50840.23
C00644,2024-10,50840.23
C00644,2024-11,50840.23
C00645,2024-09,44109.63
C00645,2024-10,44109.63
C00645,2024-11,44109.63
C00645,2024-12,44109.63
C00645,2025-01,44109.63
C00645,2025-02,44109.63
C00645,2025-03,44109.63
C00645,2025-04,44109.63
C00645,2025-05,44109.63
C00645,2025-06,44109.63
C00645,2025-07,44109.63
C00646,2024-09,76825.81
C00646,2024-10,76825.81
C00646,2024-11,76825.81
C00646,2024-12,76825.81
C00646,2025-01,76825.81
C00646,2025-02,76825.81
C00646,2025-03,76825.81
C00646,2025-04,76825.81
C00646,2025-05,76825.81
C00646,2025-06,76825.81
C00646,2025-07,76825.81
C00646,2025-08,76825.81
C00646,2025-09,76825.81
C00646,2025-10,76825.81
C00646,2025-11,76825.81
C00646,2025-12,76825.81
C00646,2026-01,76825.81
C00646,2026-02,76825.81
C00646,2026-03,76825.81
C00646,2026-04,76825.81
C00646,2026-05,76825.81
C00646,2026-06,76825.81
C00647,2024-09,88292.68
C00647,2024-10,88292.68
C00647,2024-11,88292.68
C00647,2024-12,88292.68
C00647,2025-01,88292.68
C00647,2025-02,88292.68
C00647,2025-03,88292.68
C00647,2025-04,88292.68
C00647,2025-05,88292.68
C00647,2025-06,88292.68
C00647,2025-07,88292.68
C00647,2025-08,88292.68
C00647,2025-09,88292.68
C00647,2025-10,88292.68
C00647,2025-11,88292.68
C00647,2025-12,88292.68
C00647,2026-01,88292.68
C00647,2026-02,88292.68
C00647,2026-03,88292.68
C00647,2026-04,88292.68
C00647,2026-05,88292.68
C00647,2026-06,88292.68
C00648,2024-09,239388.3
C00648,2024-10,239388.3
C00648,2024-11,239388.3
C00648,2024-12,239388.3
C00648,2025-01,239388.3
C00648,2025-02,239388.3
C00648,2025-03,239388.3
C00648,2025-04,239388.3
C00648,2025-05,239388.3
C00648,2025-06,239388.3
C00648,2025-07,239388.3
C00648,2025-08,239388.3
C00648,2025-09,239388.3
C00648,2025-10,239388.3
C00648,2025-11,239388.3
C00648,2025-12,239388.3
C00648,2026-01,239388.3
C00648,2026-02,239388.3
C00648,2026-03,239388.3
C00648,2026-04,239388.3
C00648,2026-05,239388.3
C00648,2026-06,239388.3
C00649,2024-09,4848.59
C00649,2024-10,4848.59
C00649,2024-11,4848.59
C00649,2024-12,4848.59
C00650,2024-09,7070.59
C00650,2024-10,7070.59
C00650,2024-11,7070.59
C00650,2024-12,7070.59
C00650,2025-01,7070.59
C00650,2025-02,7070.59
C00650,2025-03,7070.59
C00650,2025-04,7070.59
C00650,2025-05,7070.59
C00650,2025-06,7070.59
C00650,2025-07,7070.59
C00650,2025-08,7070.59
C00650,2025-09,7070.59
C00650,2025-10,7070.59
C00650,2025-11,7070.59
C00650,2025-12,7070.59
C00650,2026-01,7070.59
C00650,2026-02,7070.59
C00650,2026-03,7070.59
C00650,2026-04,7070.59
C00650,2026-05,7070.59
C00650,2026-06,7070.59
C00651,2024-09,28705.27
C00651,2024-10,28705.27
C00651,2024-11,28705.27
C00651,2024-12,28705.27
C00651,2025-01,28705.27
C00651,2025-02,28705.27
C00651,2025-03,28705.27
C00651,2025-04,28705.27
C00651,2025-05,28705.27
C00651,2025-06,28705.27
C00651,2025-07,28705.27
C00652,2024-09,185451.44
C00652,2024-10,185451.44
C00652,2024-11,185451.44
C00652,2024-12,185451.44
C00652,2025-01,185451.44
C00652,2025-02,185451.44
C00652,2025-03,185451.44
C00652,2025-04,185451.44
C00652,2025-05,185451.44
C00652,2025-06,185451.44
C00652,2025-07,185451.44
C00652,2025-08,185451.44
C00652,2025-09,185451.44
C00652,2025-10,185451.44
C00653,2024-09,21094.09
C00653,2024-10,21094.09
C00653,2024-11,21094.09
C00653,2024-12,21094.09
C00653,2025-01,21094.09
C00653,2025-02,21094.09
C00653,2025-03,21094.09
C00653,2025-04,21094.09
C00653,2025-05,21094.09
C00653,2025-06,21094.09
C00653,2025-07,21094.09
C00653,2025-08,21094.09
C00653,2025-09,21094.09
C00653,2025-10,21094.09
C00653,2025-11,21094.09
C00653,2025-12,21094.09
C00654,2024-09,10591.33
C00654,2024-10,10591.33
C00654,2024-11,10591.33
C00654,2024-12,10591.33
C00654,2025-01,10591.33
C00654,2025-02,10591.33
C00654,2025-03,10591.33
C00654,2025-04,10591.33
C00654,2025-05,10591.33
C00654,2025-06,10591.33
C00654,2025-07,10591.33
C00654,2025-08,10591.33
C00654,2025-09,10591.33
C00654,2025-10,10591.33
C00654,2025-11,10591.33
C00654,2025-12,10591.33
C00654,2026-01,10591.33
C00654,2026-02,10591.33
C00654,2026-03,10591.33
C00654,2026-04,10591.33
C00654,2026-05,10591.33
C00654,2026-06,10591.33
C00655,2024-09,45601.14
C00655,2024-10,45601.14
C00655,2024-11,45601.14
C00655,2024-12,45601.14
C00655,2025-01,45601.14
C00655,2025-02,45601.14
C00655,2025-03,45601.14
C00655,2025-04,45601.14
C00655,2025-05,45601.14
C00655,2025-06,45601.14
C00655,2025-07,45601.14
C00655,2025-08,45601.14
C00655,2025-09,45601.14
C00655,2025-10,45601.14
C00655,2025-11,45601.14
C00655,2025-12,45601.14
C00655,2026-01,45601.14
C00655,2026-02,45601.14
C00655,2026-03,45601.14
C00655,2026-04,45601.14
C00655,2026-05,45601.14
C00656,2024-09,51347.66
C00656,2024-10,51347.66
C00656,2024-11,51347.66
C00656,2024-12,51347.66
C00656,2025-01,51347.66
C00656,2025-02,51347.66
C00656,2025-03,51347.66
C00656,2025-04,51347.66
C00656,2025-05,51347.66
C00656,2025-06,51347.66
C00656,2025-07,51347.66
C00656,2025-08,51347.66
C00656,2025-09,51347.66
C00656,2025-10,51347.66
C00656,2025-11,51347.66
C00656,2025-12,51347.66
C00656,2026-01,51347.66
C00656,2026-02,51347.66
C00656,2026-03,51347.66
C00656,2026-04,51347.66
C00656,2026-05,51347.66
C00656,2026-06,51347.66
C00657,2024-09,224222.53
C00657,2024-10,224222.53
C00657,2024-11,224222.53
C00657,2024-12,224222.53
C00657,2025-01,224222.53
C00657,2025-02,224222.53
C00657,2025-03,224222.53
C00657,2025-04,224222.53
C00657,2025-05,224222.53
C00657,2025-06,224222.53
C00657,2025-07,224222.53
C00657,2025-08,224222.53
C00657,2025-09,224222.53
C00658,2024-09,9018.94
C00658,2024-10,9018.94
C00658,2024-11,9018.94
C00658,2024-12,9018.94
C00658,2025-01,9018.94
C00658,2025-02,9018.94
C00658,2025-03,9018.94
C00658,2025-04,9018.94
C00658,2025-05,9018.94
C00658,2025-06,9018.94
C00659,2024-09,17824.42
C00659,2024-10,17824.42
C00659,2024-11,17824.42
C00659,2024-12,17824.42
C00659,2025-01,17824.42
C00659,2025-02,17824.42
C00659,2025-03,17824.42
C00659,2025-04,17824.42
C00659,2025-05,17824.42
C00659,2025-06,17824.42
C00659,2025-07,17824.42
C00659,2025-08,17824.42
C00659,2025-09,17824.42
C00660,2024-09,2832.37
C00660,2024-10,2832.37
C00660,2024-11,2832.37
C00661,2024-09,33311.65
C00661,2024-10,33311.65
C00661,2024-11,33311.65
C00661,2024-12,33311.65
C00661,2025-01,33311.65
C00661,2025-02,33311.65
C00661,2025-03,33311.65
C00661,2025-04,33311.65
C00661,2025-05,33311.65
C00661,2025-06,33311.65
C00661,2025-07,33311.65
C00661,2025-08,33311.65
C00661,2025-09,33311.65
C00661,2025-10,33311.65
C00661,2025-11,33311.65
C00662,2024-09,5119.27
C00662,2024-10,5119.27
C00662,2024-11,5119.27
C00662,2024-12,5119.27
C00662,2025-01,5119.27
C00662,2025-02,5119.27
C00662,2025-03,5119.27
C00662,2025-04,5119.27
C00662,2025-05,5119.27
C00662,2025-06,5119.27
C00663,2024-09,2174.21
C00663,2024-10,2174.21
C00663,2024-11,2174.21
C00663,2024-12,2174.21
C00663,2025-01,2174.21
C00663,2025-02,2174.21
C00663,2025-03,2174.21
C00663,2025-04,2174.21
C00663,2025-05,2174.21
C00663,2025-06,2174.21
C00663,2025-07,2174.21
C00663,2025-08,2174.21
C00663,2025-09,2174.21
C00663,2025-10,2174.21
C00663,2025-11,2174.21
C00663,2025-12,2174.21
C00663,2026-01,2174.21
C00663,2026-02,2174.21
C00663,2026-03,2174.21
C00663,2026-04,2174.21
C00663,2026-05,2174.21
C00663,2026-06,2174.21
C00664,2024-09,18905.75
C00664,2024-10,18905.75
C00664,2024-11,18905.75
C00664,2024-12,18905.75
C00664,2025-01,18905.75
C00664,2025-02,18905.75
C00664,2025-03,18905.75
C00664,2025-04,18905.75
C00664,2025-05,18905.75
C00664,2025-06,18905.75
C00664,2025-07,18905.75
C00664,2025-08,18905.75
C00664,2025-09,18905.75
C00664,2025-10,18905.75
C00665,2024-09,40254.8
C00665,2024-10,40254.8
C00665,2024-11,40254.8
C00665,2024-12,40254.8
C00665,2025-01,40254.8
C00665,2025-02,40254.8
C00665,2025-03,40254.8
C00665,2025-04,40254.8
C00665,2025-05,40254.8
C00665,2025-06,40254.8
C00665,2025-07,40254.8
C00665,2025-08,40254.8
C00665,2025-09,40254.8
C00665,2025-10,40254.8
C00665,2025-11,40254.8
C00665,2025-12,40254.8
C00665,2026-01,40254.8
C00665,2026-02,40254.8
C00665,2026-03,40254.8
C00665,2026-04,40254.8
C00666,2024-09,5131.75
C00666,2024-10,5131.75
C00666,2024-11,5131.75
C00667,2024-09,134047.59
C00667,2024-10,134047.59
C00667,2024-11,134047.59
C00667,2024-12,134047.59
C00667,2025-01,134047.59
C00667,2025-02,134047.59
C00667,2025-03,134047.59
C00667,2025-04,134047.59
C00667,2025-05,134047.59
C00667,2025-06,134047.59
C00667,2025-07,134047.59
C00667,2025-08,134047.59
C00667,2025-09,134047.59
C00667,2025-10,134047.59
C00667,2025-11,134047.59
C00667,2025-12,134047.59
C00667,2026-01,134047.59
C00667,2026-02,134047.59
C00667,2026-03,134047.59
C00667,2026-04,134047.59
C00667,2026-05,134047.59
C00667,2026-06,134047.59
C00668,2024-09,9767.89
C00668,2024-10,8432.97
C00668,2024-11,8432.97
C00668,2024-12,8432.97
C00668,2025-01,8432.97
C00668,2025-02,8432.97
C00668,2025-03,8432.97
C00668,2025-04,8432.97
C00668,2025-05,8432.97
C00668,2025-06,8432.97
C00668,2025-07,8432.97
C00668,2025-08,8432.97
C00669,2024-09,3113.23
C00669,2024-10,3113.23
C00669,2024-11,3113.23
C00669,2024-12,3113.23
C00669,2025-01,3113.23
C00669,2025-02,3113.23
C00669,2025-03,3113.23
C00669,2025-04,3113.23
C00669,2025-05,3113.23
C00669,2025-06,3113.23
C00669,2025-07,3113.23
C00669,2025-08,3113.23
C00669,2025-09,3113.23
C00670,2024-09,4133.62
C00670,2024-10,4133.62
C00670,2024-11,4133.62
C00670,2024-12,4133.62
C00670,2025-01,4133.62
C00670,2025-02,4133.62
C00671,2024-09,22957.33
C00671,2024-10,22957.33
C00671,2024-11,22957.33
C00671,2024-12,22957.33
C00671,2025-01,22957.33
C00671,2025-02,22957.33
C00671,2025-03,22957.33
C00671,2025-04,22957.33
C00671,2025-05,22957.33
C00671,2025-06,22957.33
C00671,2025-07,22957.33
C00672,2024-09,4740.78
C00672,2024-10,4740.78
C00673,2024-09,7999.85
C00673,2024-10,7999.85
C00673,2024-11,7999.85
C00673,2024-12,7999.85
C00673,2025-01,7999.85
C00673,2025-02,7999.85
C00673,2025-03,7999.85
C00674,2024-09,10613.12
C00674,2024-10,10613.12
C00674,2024-11,10613.12
C00674,2024-12,10613.12
C00674,2025-01,10613.12
C00674,2025-02,10613.12
C00674,2025-03,10613.12
C00674,2025-04,10613.12
C00675,2024-09,56146.03
C00675,2024-10,56146.03
C00675,2024-11,56146.03
C00675,2024-12,56146.03
C00675,2025-01,56146.03
C00675,2025-02,56146.03
C00675,2025-03,56146.03
C00675,2025-04,56146.03
C00675,2025-05,56146.03
C00675,2025-06,56146.03
C00675,2025-07,56146.03
C00675,2025-08,67406.74
C00675,2025-09,67406.74
C00675,2025-10,67406.74
C00675,2025-11,67406.74
C00675,2025-12,67406.74
C00675,2026-01,67406.74
C00675,2026-02,67406.74
C00675,2026-03,67406.74
C00675,2026-04,67406.74
C00675,2026-05,67406.74
C00675,2026-06,67406.74
C00676,2024-09,39116.34
C00676,2024-10,39116.34
C00676,2024-11,39116.34
C00676,2024-12,39116.34
C00676,2025-01,39116.34
C00676,2025-02,39116.34
C00676,2025-03,39116.34
C00676,2025-04,39116.34
C00676,2025-05,39116.34
C00677,2024-09,5127.57
C00677,2024-10,5127.57
C00678,2024-09,6743.85
C00678,2024-10,6743.85
C00678,2024-11,6743.85
C00678,2024-12,6743.85
C00678,2025-01,6743.85
C00679,2024-09,47742.96
C00679,2024-10,47742.96
C00679,2024-11,47742.96
C00679,2024-12,47742.96
C00679,2025-01,47742.96
C00679,2025-02,47742.96
C00679,2025-03,47742.96
C00679,2025-04,47742.96
C00680,2024-09,35179.91
C00680,2024-10,35179.91
C00680,2024-11,35179.91
C00680,2024-12,37182.3
C00680,2025-01,37182.3
C00680,2025-02,37182.3
C00680,2025-03,37182.3
C00680,2025-04,37182.3
C00680,2025-05,37182.3
C00680,2025-06,37182.3
C00680,2025-07,37182.3
C00680,2025-08,37182.3
C00680,2025-09,37182.3
C00680,2025-10,37182.3
C00680,2025-11,37182.3
C00680,2025-12,37182.3
C00680,2026-01,37182.3
C00680,2026-02,37182.3
C00680,2026-03,37182.3
C00680,2026-04,37182.3
C00680,2026-05,37182.3
C00680,2026-06,37182.3
C00681,2024-09,53180.19
C00681,2024-10,53180.19
C00681,2024-11,53180.19
C00681,2024-12,53180.19
C00681,2025-01,53180.19
C00681,2025-02,53180.19
C00681,2025-03,53180.19
C00681,2025-04,53180.19
C00681,2025-05,53180.19
C00681,2025-06,53180.19
C00681,2025-07,53180.19
C00681,2025-08,53180.19
C00681,2025-09,53180.19
C00681,2025-10,53180.19
C00681,2025-11,53180.19
C00681,2025-12,53180.19
C00681,2026-01,53180.19
C00681,2026-02,53180.19
C00681,2026-03,53180.19
C00681,2026-04,53180.19
C00681,2026-05,53180.19
C00681,2026-06,53180.19
C00682,2024-09,13311.54
C00682,2024-10,13311.54
C00682,2024-11,13311.54
C00682,2024-12,13311.54
C00682,2025-01,13311.54
C00682,2025-02,13311.54
C00682,2025-03,13311.54
C00682,2025-04,13311.54
C00682,2025-05,13311.54
C00682,2025-06,13311.54
C00682,2025-07,13311.54
C00682,2025-08,13311.54
C00682,2025-09,13311.54
C00683,2024-09,1859.35
C00683,2024-10,1859.35
C00683,2024-11,1859.35
C00683,2024-12,1859.35
C00683,2025-01,1859.35
C00683,2025-02,1859.35
C00684,2024-09,48265.77
C00684,2024-10,48265.77
C00684,2024-11,48265.77
C00684,2024-12,48265.77
C00684,2025-01,48265.77
C00684,2025-02,48265.77
C00684,2025-03,48265.77
C00684,2025-04,48265.77
C00684,2025-05,48265.77
C00684,2025-06,48265.77
C00684,2025-07,48265.77
C00684,2025-08,48265.77
C00684,2025-09,48265.77
C00684,2025-10,48265.77
C00684,2025-11,48265.77
C00684,2025-12,48265.77
C00684,2026-01,48265.77
C00684,2026-02,48265.77
C00684,2026-03,48265.77
C00684,2026-04,48265.77
C00684,2026-05,48265.77
C00684,2026-06,48265.77
C00685,2024-09,62073.9
C00685,2024-10,62073.9
C00685,2024-11,62073.9
C00685,2024-12,62073.9
C00685,2025-01,62073.9
C00685,2025-02,62073.9
C00685,2025-03,62073.9
C00685,2025-04,62073.9
C00685,2025-05,62073.9
C00685,2025-06,62073.9
C00685,2025-07,62073.9
C00685,2025-08,62073.9
C00685,2025-09,62073.9
C00685,2025-10,62073.9
C00685,2025-11,62073.9
C00685,2025-12,62073.9
C00685,2026-01,62073.9
C00685,2026-02,62073.9
C00685,2026-03,62073.9
C00685,2026-04,62073.9
C00685,2026-05,62073.9
C00685,2026-06,62073.9
C00686,2024-09,133623.13
C00686,2024-10,133623.13
C00686,2024-11,133623.13
C00686,2024-12,155209.06
C00686,2025-01,155209.06
C00686,2025-02,155209.06
C00686,2025-03,155209.06
C00686,2025-04,155209.06
C00686,2025-05,155209.06
C00686,2025-06,155209.06
C00686,2025-07,155209.06
C00686,2025-08,155209.06
C00686,2025-09,155209.06
C00686,2025-10,155209.06
C00686,2025-11,155209.06
C00686,2025-12,155209.06
C00686,2026-01,155209.06
C00686,2026-02,155209.06
C00686,2026-03,155209.06
C00686,2026-04,155209.06
C00686,2026-05,155209.06
C00686,2026-06,155209.06
C00687,2024-09,11236.76
C00687,2024-10,11236.76
C00687,2024-11,11236.76
C00688,2024-09,106735.18
C00688,2024-10,106735.18
C00688,2024-11,106735.18
C00688,2024-12,106735.18
C00688,2025-01,106735.18
C00688,2025-02,106735.18
C00688,2025-03,106735.18
C00688,2025-04,106735.18
C00688,2025-05,106735.18
C00688,2025-06,106735.18
C00688,2025-07,106735.18
C00688,2025-08,106735.18
C00688,2025-09,106735.18
C00688,2025-10,106735.18
C00688,2025-11,106735.18
C00689,2024-09,55778.66
C00689,2024-10,55778.66
C00689,2024-11,55778.66
C00689,2024-12,55778.66
C00689,2025-01,55778.66
C00689,2025-02,55778.66
C00689,2025-03,55778.66
C00689,2025-04,55778.66
C00689,2025-05,55778.66
C00689,2025-06,55778.66
C00689,2025-07,55778.66
C00689,2025-08,55778.66
C00689,2025-09,55778.66
C00689,2025-10,55778.66
C00689,2025-11,55778.66
C00689,2025-12,55778.66
C00689,2026-01,55778.66
C00689,2026-02,55778.66
C00689,2026-03,55778.66
C00689,2026-04,55778.66
C00689,2026-05,55778.66
C00689,2026-06,55778.66
C00690,2024-09,48921.24
C00690,2024-10,48921.24
C00690,2024-11,48921.24
C00690,2024-12,48921.24
C00690,2025-01,48921.24
C00690,2025-02,48921.24
C00690,2025-03,48921.24
C00690,2025-04,48921.24
C00690,2025-05,48921.24
C00690,2025-06,48921.24
C00690,2025-07,48921.24
C00690,2025-08,48921.24
C00690,2025-09,48921.24
C00691,2024-09,2284.51
C00691,2024-10,2284.51
C00691,2024-11,2284.51
C00691,2024-12,2284.51
C00692,2024-09,1935.68
C00692,2024-10,1935.68
C00692,2024-11,1935.68
C00693,2024-10,2130.5
C00693,2024-11,2130.5
C00693,2024-12,2130.5
C00693,2025-01,2130.5
C00693,2025-02,2130.5
C00693,2025-03,2130.5
C00693,2025-04,2130.5
C00693,2025-05,2130.5
C00693,2025-06,2130.5
C00693,2025-07,2130.5
C00693,2025-08,2130.5
C00693,2025-09,2130.5
C00693,2025-10,2130.5
C00693,2025-11,2130.5
C00693,2025-12,2130.5
C00693,2026-01,2130.5
C00693,2026-02,2130.5
C00693,2026-03,2130.5
C00693,2026-04,2130.5
C00693,2026-05,2130.5
C00693,2026-06,2130.5
C00694,2024-10,54612.19
C00695,2024-10,38714.22
C00695,2024-11,38714.22
C00695,2024-12,38714.22
C00695,2025-01,38714.22
C00695,2025-02,38714.22
C00695,2025-03,38714.22
C00695,2025-04,38714.22
C00695,2025-05,38714.22
C00695,2025-06,38714.22
C00695,2025-07,38714.22
C00695,2025-08,38714.22
C00695,2025-09,38714.22
C00695,2025-10,38714.22
C00695,2025-11,38714.22
C00695,2025-12,38714.22
C00695,2026-01,38714.22
C00695,2026-02,38714.22
C00695,2026-03,38714.22
C00695,2026-04,38714.22
C00695,2026-05,38714.22
C00695,2026-06,38714.22
C00696,2024-10,8015.94
C00696,2024-11,8015.94
C00696,2024-12,8015.94
C00696,2025-01,8015.94
C00696,2025-02,8015.94
C00696,2025-03,8015.94
C00696,2025-04,8015.94
C00696,2025-05,8015.94
C00696,2025-06,8015.94
C00696,2025-07,8015.94
C00696,2025-08,8015.94
C00696,2025-09,8015.94
C00696,2025-10,8015.94
C00696,2025-11,8015.94
C00696,2025-12,8015.94
C00696,2026-01,8015.94
C00696,2026-02,8015.94
C00696,2026-03,8015.94
C00696,2026-04,8015.94
C00696,2026-05,8015.94
C00696,2026-06,8015.94
C00697,2024-10,23925.76
C00697,2024-11,23925.76
C00697,2024-12,23925.76
C00697,2025-01,23925.76
C00697,2025-02,23925.76
C00697,2025-03,23925.76
C00698,2024-10,49328.96
C00698,2024-11,49328.96
C00698,2024-12,49328.96
C00698,2025-01,49328.96
C00698,2025-02,49328.96
C00698,2025-03,49328.96
C00698,2025-04,49328.96
C00699,2024-10,35282.89
C00699,2024-11,35282.89
C00699,2024-12,35282.89
C00699,2025-01,35282.89
C00699,2025-02,35282.89
C00699,2025-03,35282.89
C00699,2025-04,35282.89
C00699,2025-05,35282.89
C00699,2025-06,35282.89
C00699,2025-07,35282.89
C00699,2025-08,35282.89
C00700,2024-10,2392.2
C00700,2024-11,2392.2
C00700,2024-12,2392.2
C00700,2025-01,2392.2
C00700,2025-02,2392.2
C00700,2025-03,2392.2
C00700,2025-04,2392.2
C00700,2025-05,2392.2
C00700,2025-06,2392.2
C00700,2025-07,2392.2
C00700,2025-08,2392.2
C00700,2025-09,2392.2
C00700,2025-10,2392.2
C00701,2024-10,14527.95
C00701,2024-11,14527.95
C00701,2024-12,14527.95
C00701,2025-01,14527.95
C00701,2025-02,14527.95
C00701,2025-03,14527.95
C00701,2025-04,14527.95
C00701,2025-05,14527.95
C00701,2025-06,14527.95
C00701,2025-07,14527.95
C00701,2025-08,14527.95
C00701,2025-09,14527.95
C00701,2025-10,14527.95
C00701,2025-11,14527.95
C00701,2025-12,14527.95
C00701,2026-01,14527.95
C00701,2026-02,14527.95
C00702,2024-10,105370.48
C00702,2024-11,105370.48
C00702,2024-12,105370.48
C00702,2025-01,105370.48
C00702,2025-02,105370.48
C00702,2025-03,105370.48
C00702,2025-04,105370.48
C00702,2025-05,105370.48
C00702,2025-06,105370.48
C00702,2025-07,105370.48
C00702,2025-08,105370.48
C00702,2025-09,105370.48
C00702,2025-10,105370.48
C00702,2025-11,105370.48
C00702,2025-12,105370.48
C00702,2026-01,105370.48
C00702,2026-02,105370.48
C00702,2026-03,105370.48
C00702,2026-04,105370.48
C00702,2026-05,105370.48
C00702,2026-06,136607.4
C00703,2024-10,9941.2
C00703,2024-11,9941.2
C00703,2024-12,9941.2
C00703,2025-01,9941.2
C00703,2025-02,9941.2
C00703,2025-03,9941.2
C00703,2025-04,9941.2
C00703,2025-05,9941.2
C00703,2025-06,9941.2
C00703,2025-07,9941.2
C00703,2025-08,9941.2
C00703,2025-09,9941.2
C00703,2025-10,9941.2
C00703,2025-11,9941.2
C00703,2025-12,9941.2
C00703,2026-01,9941.2
C00703,2026-02,9941.2
C00703,2026-03,9941.2
C00703,2026-04,9941.2
C00703,2026-05,9941.2
C00703,2026-06,9941.2
C00704,2024-10,5792.45
C00704,2024-11,5792.45
C00704,2024-12,5792.45
C00704,2025-01,5792.45
C00704,2025-02,5792.45
C00704,2025-03,5792.45
C00704,2025-04,5792.45
C00704,2025-05,5792.45
C00704,2025-06,5792.45
C00704,2025-07,5792.45
C00704,2025-08,5792.45
C00705,2024-10,2552.02
C00705,2024-11,2552.02
C00705,2024-12,2552.02
C00705,2025-01,2552.02
C00705,2025-02,2552.02
C00705,2025-03,2552.02
C00706,2024-10,47240.87
C00706,2024-11,47240.87
C00706,2024-12,47240.87
C00706,2025-01,47240.87
C00706,2025-02,47240.87
C00706,2025-03,47240.87
C00706,2025-04,47240.87
C00706,2025-05,47240.87
C00706,2025-06,47240.87
C00706,2025-07,47240.87
C00706,2025-08,47240.87
C00706,2025-09,47240.87
C00706,2025-10,47240.87
C00706,2025-11,47240.87
C00706,2025-12,47240.87
C00706,2026-01,47240.87
C00706,2026-02,47240.87
C00706,2026-03,47240.87
C00706,2026-04,47240.87
C00706,2026-05,47240.87
C00706,2026-06,47240.87
C00707,2024-10,10682.81
C00707,2024-11,10682.81
C00707,2024-12,10682.81
C00707,2025-01,10682.81
C00707,2025-02,10682.81
C00707,2025-03,10682.81
C00707,2025-04,10682.81
C00707,2025-05,10682.81
C00707,2025-06,10682.81
C00707,2025-07,10682.81
C00707,2025-08,10682.81
C00707,2025-09,10682.81
C00707,2025-10,10682.81
C00707,2025-11,10682.81
C00707,2025-12,10682.81
C00707,2026-01,13344.87
C00707,2026-02,13344.87
C00707,2026-03,13344.87
C00707,2026-04,13344.87
C00707,2026-05,13344.87
C00707,2026-06,13344.87
C00708,2024-10,4080.49
C00708,2024-11,4080.49
C00708,2024-12,4080.49
C00708,2025-01,4080.49
C00708,2025-02,4080.49
C00708,2025-03,4080.49
C00708,2025-04,4080.49
C00708,2025-05,4080.49
C00708,2025-06,4080.49
C00708,2025-07,4080.49
C00708,2025-08,4080.49
C00708,2025-09,4080.49
C00708,2025-10,4080.49
C00708,2025-11,4080.49
C00708,2025-12,4080.49
C00708,2026-01,4080.49
C00708,2026-02,4080.49
C00708,2026-03,4080.49
C00708,2026-04,4080.49
C00708,2026-05,4080.49
C00708,2026-06,4080.49
C00709,2024-10,3743.7
C00709,2024-11,3743.7
C00709,2024-12,3743.7
C00710,2024-10,8406.92
C00710,2024-11,8406.92
C00710,2024-12,8406.92
C00710,2025-01,8406.92
C00710,2025-02,8406.92
C00710,2025-03,8406.92
C00710,2025-04,8406.92
C00710,2025-05,8406.92
C00710,2025-06,8406.92
C00710,2025-07,8406.92
C00710,2025-08,8406.92
C00710,2025-09,8406.92
C00710,2025-10,8406.92
C00710,2025-11,8406.92
C00710,2025-12,8406.92
C00710,2026-01,8406.92
C00710,2026-02,8406.92
C00710,2026-03,8406.92
C00710,2026-04,8406.92
C00710,2026-05,8406.92
C00710,2026-06,8406.92
C00711,2024-10,200381.41
C00711,2024-11,200381.41
C00711,2024-12,200381.41
C00711,2025-01,200381.41
C00711,2025-02,200381.41
C00711,2025-03,200381.41
C00711,2025-04,200381.41
C00711,2025-05,200381.41
C00711,2025-06,200381.41
C00711,2025-07,200381.41
C00711,2025-08,200381.41
C00711,2025-09,200381.41
C00711,2025-10,200381.41
C00712,2024-10,6138.47
C00712,2024-11,6138.47
C00712,2024-12,6138.47
C00712,2025-01,6138.47
C00713,2024-10,6686.82
C00713,2024-11,6686.82
C00713,2024-12,6686.82
C00713,2025-01,6686.82
C00713,2025-02,6686.82
C00713,2025-03,6686.82
C00713,2025-04,6686.82
C00713,2025-05,6686.82
C00714,2024-10,11877.37
C00714,2024-11,11877.37
C00714,2024-12,11877.37
C00714,2025-01,11877.37
C00714,2025-02,11877.37
C00714,2025-03,11877.37
C00714,2025-04,11877.37
C00714,2025-05,11877.37
C00714,2025-06,11877.37
C00714,2025-07,11877.37
C00714,2025-08,11877.37
C00715,2024-10,158884.59
C00715,2024-11,158884.59
C00715,2024-12,158884.59
C00715,2025-01,158884.59
C00715,2025-02,158884.59
C00716,2024-10,216575.0
C00716,2024-11,216575.0
C00716,2024-12,216575.0
C00716,2025-01,216575.0
C00716,2025-02,216575.0
C00716,2025-03,216575.0
C00716,2025-04,216575.0
C00716,2025-05,216575.0
C00716,2025-06,216575.0
C00716,2025-07,216575.0
C00716,2025-08,216575.0
C00716,2025-09,216575.0
C00716,2025-10,216575.0
C00716,2025-11,216575.0
C00716,2025-12,216575.0
C00716,2026-01,216575.0
C00716,2026-02,216575.0
C00716,2026-03,216575.0
C00716,2026-04,216575.0
C00716,2026-05,216575.0
C00716,2026-06,216575.0
C00717,2024-10,7764.73
C00718,2024-10,42951.24
C00718,2024-11,42951.24
C00718,2024-12,42951.24
C00718,2025-01,42951.24
C00718,2025-02,42951.24
C00718,2025-03,42951.24
C00718,2025-04,42951.24
C00718,2025-05,42951.24
C00718,2025-06,42951.24
C00718,2025-07,42951.24
C00718,2025-08,42951.24
C00718,2025-09,42951.24
C00718,2025-10,42951.24
C00718,2025-11,42951.24
C00718,2025-12,42951.24
C00718,2026-01,42951.24
C00718,2026-02,42951.24
C00718,2026-03,42951.24
C00718,2026-04,42951.24
C00718,2026-05,42951.24
C00718,2026-06,42951.24
C00719,2024-10,53498.5
C00719,2024-11,53498.5
C00719,2024-12,53498.5
C00719,2025-01,53498.5
C00719,2025-02,53498.5
C00719,2025-03,53498.5
C00719,2025-04,53498.5
C00719,2025-05,53498.5
C00719,2025-06,53498.5
C00719,2025-07,53498.5
C00719,2025-08,53498.5
C00719,2025-09,53498.5
C00719,2025-10,37598.86
C00719,2025-11,37598.86
C00719,2025-12,37598.86
C00719,2026-01,37598.86
C00719,2026-02,37598.86
C00719,2026-03,37598.86
C00719,2026-04,37598.86
C00719,2026-05,37598.86
C00719,2026-06,37598.86
C00720,2024-10,10647.73
C00720,2024-11,10647.73
C00720,2024-12,10647.73
C00720,2025-01,10647.73
C00720,2025-02,10647.73
C00720,2025-03,10647.73
C00720,2025-04,10647.73
C00720,2025-05,10647.73
C00720,2025-06,10647.73
C00720,2025-07,10647.73
C00720,2025-08,10647.73
C00720,2025-09,8069.54
C00720,2025-10,8069.54
C00720,2025-11,8069.54
C00721,2024-10,9557.81
C00721,2024-11,9557.81
C00721,2024-12,9557.81
C00721,2025-01,9557.81
C00721,2025-02,9557.81
C00722,2024-10,203331.48
C00722,2024-11,203331.48
C00722,2024-12,203331.48
C00722,2025-01,203331.48
C00722,2025-02,203331.48
C00722,2025-03,203331.48
C00722,2025-04,203331.48
C00722,2025-05,203331.48
C00722,2025-06,203331.48
C00722,2025-07,203331.48
C00722,2025-08,203331.48
C00722,2025-09,203331.48
C00722,2025-10,203331.48
C00722,2025-11,203331.48
C00722,2025-12,203331.48
C00722,2026-01,203331.48
C00722,2026-02,203331.48
C00722,2026-03,239386.56
C00722,2026-04,239386.56
C00722,2026-05,239386.56
C00722,2026-06,239386.56
C00723,2024-10,5377.98
C00723,2024-11,5377.98
C00723,2024-12,5377.98
C00723,2025-01,5377.98
C00723,2025-02,5377.98
C00723,2025-03,5377.98
C00723,2025-04,5377.98
C00723,2025-05,5377.98
C00723,2025-06,5377.98
C00723,2025-07,5377.98
C00723,2025-08,5377.98
C00723,2025-09,5377.98
C00723,2025-10,5377.98
C00723,2025-11,5377.98
C00723,2025-12,5377.98
C00723,2026-01,5377.98
C00723,2026-02,5377.98
C00723,2026-03,5377.98
C00723,2026-04,5377.98
C00723,2026-05,5377.98
C00723,2026-06,5377.98
C00724,2024-10,2482.59
C00724,2024-11,2482.59
C00724,2024-12,2482.59
C00724,2025-01,2482.59
C00724,2025-02,2482.59
C00724,2025-03,2482.59
C00724,2025-04,2482.59
C00724,2025-05,2482.59
C00724,2025-06,2482.59
C00724,2025-07,2482.59
C00724,2025-08,2482.59
C00724,2025-09,2482.59
C00724,2025-10,2482.59
C00724,2025-11,2482.59
C00724,2025-12,2482.59
C00724,2026-01,2482.59
C00724,2026-02,2482.59
C00724,2026-03,2482.59
C00724,2026-04,2482.59
C00724,2026-05,2482.59
C00724,2026-06,2482.59
C00725,2024-10,31045.51
C00725,2024-11,31045.51
C00725,2024-12,31045.51
C00725,2025-01,31045.51
C00725,2025-02,31045.51
C00725,2025-03,31045.51
C00725,2025-04,31045.51
C00725,2025-05,31045.51
C00725,2025-06,31045.51
C00725,2025-07,31045.51
C00725,2025-08,31045.51
C00725,2025-09,31045.51
C00725,2025-10,31045.51
C00725,2025-11,31045.51
C00725,2025-12,31045.51
C00725,2026-01,31045.51
C00725,2026-02,31045.51
C00725,2026-03,31045.51
C00725,2026-04,31045.51
C00725,2026-05,31045.51
C00725,2026-06,31045.51
C00726,2024-10,196767.82
C00726,2024-11,196767.82
C00726,2024-12,196767.82
C00726,2025-01,196767.82
C00726,2025-02,196767.82
C00726,2025-03,196767.82
C00726,2025-04,196767.82
C00726,2025-05,196767.82
C00726,2025-06,196767.82
C00726,2025-07,196767.82
C00726,2025-08,196767.82
C00726,2025-09,196767.82
C00726,2025-10,196767.82
C00726,2025-11,196767.82
C00726,2025-12,196767.82
C00726,2026-01,196767.82
C00726,2026-02,196767.82
C00726,2026-03,196767.82
C00726,2026-04,196767.82
C00726,2026-05,196767.82
C00726,2026-06,196767.82
C00727,2024-10,7440.8
C00727,2024-11,7440.8
C00727,2024-12,7440.8
C00727,2025-01,7440.8
C00727,2025-02,7440.8
C00727,2025-03,7440.8
C00727,2025-04,7440.8
C00727,2025-05,7440.8
C00727,2025-06,7440.8
C00727,2025-07,7440.8
C00727,2025-08,7440.8
C00727,2025-09,7440.8
C00727,2025-10,7440.8
C00727,2025-11,7440.8
C00727,2025-12,7440.8
C00727,2026-01,7440.8
C00727,2026-02,7440.8
C00727,2026-03,7440.8
C00727,2026-04,7440.8
C00727,2026-05,7440.8
C00727,2026-06,7440.8
C00728,2024-10,7612.0
C00728,2024-11,7612.0
C00728,2024-12,7612.0
C00728,2025-01,7612.0
C00729,2024-10,57950.97
C00729,2024-11,57950.97
C00729,2024-12,57950.97
C00729,2025-01,57950.97
C00729,2025-02,57950.97
C00729,2025-03,57950.97
C00729,2025-04,57950.97
C00729,2025-05,57950.97
C00729,2025-06,57950.97
C00729,2025-07,57950.97
C00729,2025-08,57950.97
C00729,2025-09,57950.97
C00729,2025-10,57950.97
C00729,2025-11,57950.97
C00729,2025-12,57950.97
C00729,2026-01,57950.97
C00729,2026-02,57950.97
C00729,2026-03,57950.97
C00729,2026-04,57950.97
C00729,2026-05,57950.97
C00729,2026-06,57950.97
C00730,2024-10,13848.96
C00730,2024-11,13848.96
C00730,2024-12,13848.96
C00730,2025-01,13848.96
C00730,2025-02,13848.96
C00730,2025-03,13848.96
C00730,2025-04,13848.96
C00730,2025-05,13848.96
C00730,2025-06,16229.74
C00730,2025-07,16229.74
C00730,2025-08,16229.74
C00730,2025-09,16229.74
C00730,2025-10,16229.74
C00730,2025-11,16229.74
C00730,2025-12,16229.74
C00730,2026-01,16229.74
C00730,2026-02,16229.74
C00730,2026-03,16229.74
C00730,2026-04,16229.74
C00730,2026-05,16229.74
C00730,2026-06,16229.74
C00731,2024-10,8772.85
C00731,2024-11,8772.85
C00731,2024-12,8772.85
C00731,2025-01,8772.85
C00731,2025-02,8772.85
C00731,2025-03,8772.85
C00731,2025-04,8772.85
C00731,2025-05,8772.85
C00731,2025-06,8772.85
C00731,2025-07,8772.85
C00731,2025-08,8772.85
C00731,2025-09,8772.85
C00731,2025-10,8772.85
C00731,2025-11,8772.85
C00731,2025-12,8772.85
C00731,2026-01,8772.85
C00731,2026-02,8772.85
C00731,2026-03,8772.85
C00731,2026-04,8772.85
C00731,2026-05,8772.85
C00731,2026-06,8772.85
C00732,2024-10,33965.46
C00732,2024-11,33965.46
C00732,2024-12,33965.46
C00732,2025-01,33965.46
C00732,2025-02,33965.46
C00732,2025-03,33965.46
C00732,2025-04,33965.46
C00732,2025-05,33965.46
C00732,2025-06,33965.46
C00732,2025-07,33965.46
C00732,2025-08,33965.46
C00732,2025-09,33965.46
C00732,2025-10,33965.46
C00732,2025-11,33965.46
C00732,2025-12,33965.46
C00732,2026-01,33965.46
C00732,2026-02,33965.46
C00732,2026-03,33965.46
C00732,2026-04,33965.46
C00732,2026-05,33965.46
C00732,2026-06,33965.46
C00733,2024-10,8389.48
C00733,2024-11,8389.48
C00733,2024-12,8389.48
C00733,2025-01,8389.48
C00734,2024-10,9856.07
C00734,2024-11,9856.07
C00735,2024-10,8087.23
C00735,2024-11,8087.23
C00735,2024-12,8087.23
C00735,2025-01,8087.23
C00735,2025-02,8087.23
C00735,2025-03,8087.23
C00735,2025-04,8087.23
C00736,2024-10,40757.64
C00736,2024-11,40757.64
C00736,2024-12,40757.64
C00736,2025-01,40757.64
C00737,2024-10,55674.98
C00737,2024-11,55674.98
C00737,2024-12,55674.98
C00737,2025-01,55674.98
C00737,2025-02,55674.98
C00737,2025-03,55674.98
C00737,2025-04,55674.98
C00737,2025-05,55674.98
C00737,2025-06,55674.98
C00737,2025-07,55674.98
C00737,2025-08,55674.98
C00737,2025-09,55674.98
C00737,2025-10,55674.98
C00737,2025-11,55674.98
C00737,2025-12,55674.98
C00737,2026-01,55674.98
C00737,2026-02,55674.98
C00737,2026-03,55674.98
C00737,2026-04,55674.98
C00737,2026-05,55674.98
C00737,2026-06,55674.98
C00738,2024-10,7462.07
C00738,2024-11,7462.07
C00738,2024-12,7462.07
C00738,2025-01,7462.07
C00738,2025-02,7462.07
C00738,2025-03,7462.07
C00738,2025-04,7462.07
C00738,2025-05,7462.07
C00738,2025-06,7462.07
C00738,2025-07,7462.07
C00738,2025-08,7462.07
C00738,2025-09,7462.07
C00739,2024-10,52176.05
C00739,2024-11,52176.05
C00739,2024-12,52176.05
C00739,2025-01,52176.05
C00739,2025-02,52176.05
C00739,2025-03,52176.05
C00739,2025-04,52176.05
C00740,2024-11,115177.23
C00740,2024-12,115177.23
C00740,2025-01,115177.23
C00740,2025-02,115177.23
C00740,2025-03,80944.56
C00740,2025-04,80944.56
C00740,2025-05,80944.56
C00740,2025-06,80944.56
C00740,2025-07,80944.56
C00740,2025-08,80944.56
C00740,2025-09,80944.56
C00740,2025-10,80944.56
C00740,2025-11,80944.56
C00740,2025-12,80944.56
C00740,2026-01,80944.56
C00740,2026-02,80944.56
C00740,2026-03,80944.56
C00740,2026-04,80944.56
C00740,2026-05,80944.56
C00740,2026-06,80944.56
C00741,2024-11,4535.7
C00741,2024-12,4535.7
C00741,2025-01,4535.7
C00741,2025-02,4535.7
C00741,2025-03,4535.7
C00741,2025-04,4535.7
C00741,2025-05,4535.7
C00741,2025-06,4535.7
C00741,2025-07,4535.7
C00741,2025-08,4535.7
C00741,2025-09,4535.7
C00741,2025-10,4535.7
C00741,2025-11,4535.7
C00741,2025-12,4535.7
C00742,2024-11,3136.88
C00742,2024-12,3136.88
C00742,2025-01,3136.88
C00742,2025-02,3136.88
C00742,2025-03,3136.88
C00742,2025-04,3666.37
C00742,2025-05,3666.37
C00742,2025-06,3666.37
C00742,2025-07,3666.37
C00742,2025-08,3666.37
C00742,2025-09,3666.37
C00742,2025-10,3666.37
C00742,2025-11,3666.37
C00742,2025-12,3666.37
C00742,2026-01,3666.37
C00742,2026-02,3666.37
C00742,2026-03,3666.37
C00742,2026-04,3666.37
C00742,2026-05,3666.37
C00742,2026-06,3666.37
C00743,2024-11,3122.69
C00743,2024-12,3122.69
C00743,2025-01,3122.69
C00743,2025-02,3122.69
C00743,2025-03,3122.69
C00743,2025-04,3122.69
C00743,2025-05,3122.69
C00743,2025-06,3122.69
C00743,2025-07,3122.69
C00743,2025-08,3122.69
C00743,2025-09,3122.69
C00743,2025-10,3122.69
C00744,2024-11,8392.06
C00744,2024-12,8392.06
C00744,2025-01,8392.06
C00744,2025-02,8392.06
C00744,2025-03,8392.06
C00744,2025-04,8392.06
C00744,2025-05,8392.06
C00744,2025-06,8392.06
C00744,2025-07,8392.06
C00744,2025-08,8392.06
C00744,2025-09,8392.06
C00744,2025-10,8392.06
C00744,2025-11,8392.06
C00744,2025-12,8392.06
C00744,2026-01,8392.06
C00745,2024-11,11313.37
C00745,2024-12,11313.37
C00745,2025-01,11313.37
C00745,2025-02,11313.37
C00746,2024-11,123827.08
C00746,2024-12,123827.08
C00746,2025-01,123827.08
C00746,2025-02,123827.08
C00746,2025-03,123827.08
C00746,2025-04,123827.08
C00746,2025-05,123827.08
C00746,2025-06,123827.08
C00746,2025-07,123827.08
C00746,2025-08,123827.08
C00746,2025-09,123827.08
C00746,2025-10,123827.08
C00746,2025-11,123827.08
C00746,2025-12,123827.08
C00746,2026-01,123827.08
C00746,2026-02,123827.08
C00746,2026-03,123827.08
C00746,2026-04,123827.08
C00746,2026-05,123827.08
C00746,2026-06,123827.08
C00747,2024-11,203421.22
C00747,2024-12,255964.6
C00747,2025-01,255964.6
C00747,2025-02,255964.6
C00747,2025-03,255964.6
C00747,2025-04,255964.6
C00747,2025-05,291375.1
C00747,2025-06,291375.1
C00747,2025-07,291375.1
C00747,2025-08,291375.1
C00747,2025-09,291375.1
C00747,2025-10,291375.1
C00747,2025-11,291375.1
C00747,2025-12,291375.1
C00747,2026-01,291375.1
C00747,2026-02,291375.1
C00747,2026-03,291375.1
C00747,2026-04,291375.1
C00747,2026-05,291375.1
C00747,2026-06,291375.1
C00748,2024-11,51679.86
C00748,2024-12,51679.86
C00748,2025-01,51679.86
C00748,2025-02,51679.86
C00748,2025-03,51679.86
C00748,2025-04,51679.86
C00748,2025-05,51679.86
C00748,2025-06,51679.86
C00748,2025-07,51679.86
C00748,2025-08,51679.86
C00749,2024-11,5310.01
C00749,2024-12,5310.01
C00749,2025-01,5310.01
C00749,2025-02,5310.01
C00749,2025-03,5310.01
C00749,2025-04,5310.01
C00749,2025-05,5310.01
C00749,2025-06,5310.01
C00749,2025-07,5310.01
C00749,2025-08,5310.01
C00749,2025-09,5310.01
C00749,2025-10,5310.01
C00749,2025-11,5310.01
C00749,2025-12,5310.01
C00749,2026-01,5310.01
C00749,2026-02,5310.01
C00749,2026-03,5310.01
C00749,2026-04,5310.01
C00749,2026-05,5310.01
C00749,2026-06,5310.01
C00750,2024-11,38685.48
C00750,2024-12,38685.48
C00750,2025-01,38685.48
C00750,2025-02,38685.48
C00750,2025-03,38685.48
C00750,2025-04,38685.48
C00750,2025-05,38685.48
C00750,2025-06,38685.48
C00750,2025-07,38685.48
C00750,2025-08,38685.48
C00750,2025-09,38685.48
C00750,2025-10,38685.48
C00750,2025-11,38685.48
C00750,2025-12,38685.48
C00750,2026-01,38685.48
C00750,2026-02,38685.48
C00750,2026-03,38685.48
C00750,2026-04,38685.48
C00750,2026-05,38685.48
C00750,2026-06,38685.48
C00751,2024-11,235917.33
C00751,2024-12,235917.33
C00751,2025-01,235917.33
C00751,2025-02,235917.33
C00751,2025-03,235917.33
C00751,2025-04,235917.33
C00751,2025-05,235917.33
C00751,2025-06,235917.33
C00751,2025-07,235917.33
C00751,2025-08,235917.33
C00751,2025-09,235917.33
C00751,2025-10,235917.33
C00751,2025-11,235917.33
C00751,2025-12,235917.33
C00751,2026-01,235917.33
C00751,2026-02,235917.33
C00751,2026-03,235917.33
C00751,2026-04,235917.33
C00751,2026-05,235917.33
C00751,2026-06,235917.33
C00752,2024-11,33675.4
C00752,2024-12,33675.4
C00752,2025-01,33675.4
C00752,2025-02,33675.4
C00752,2025-03,33675.4
C00752,2025-04,33675.4
C00752,2025-05,33675.4
C00752,2025-06,33675.4
C00752,2025-07,33675.4
C00752,2025-08,33675.4
C00752,2025-09,33675.4
C00752,2025-10,33675.4
C00752,2025-11,33675.4
C00752,2025-12,33675.4
C00752,2026-01,33675.4
C00752,2026-02,33675.4
C00752,2026-03,33675.4
C00752,2026-04,33675.4
C00752,2026-05,33675.4
C00752,2026-06,33675.4
C00753,2024-11,131629.11
C00753,2024-12,131629.11
C00753,2025-01,131629.11
C00753,2025-02,131629.11
C00753,2025-03,131629.11
C00753,2025-04,131629.11
C00753,2025-05,131629.11
C00753,2025-06,131629.11
C00753,2025-07,131629.11
C00753,2025-08,131629.11
C00753,2025-09,131629.11
C00753,2025-10,131629.11
C00753,2025-11,131629.11
C00753,2025-12,131629.11
C00753,2026-01,131629.11
C00753,2026-02,131629.11
C00753,2026-03,131629.11
C00753,2026-04,159011.08
C00753,2026-05,159011.08
C00753,2026-06,159011.08
C00754,2024-11,8157.78
C00754,2024-12,8157.78
C00755,2024-11,3622.26
C00755,2024-12,3622.26
C00755,2025-01,3622.26
C00755,2025-02,3622.26
C00755,2025-03,3622.26
C00755,2025-04,3622.26
C00755,2025-05,3622.26
C00755,2025-06,3622.26
C00755,2025-07,3622.26
C00756,2024-11,13234.74
C00756,2024-12,13234.74
C00756,2025-01,13234.74
C00756,2025-02,13234.74
C00756,2025-03,13234.74
C00756,2025-04,13234.74
C00756,2025-05,13234.74
C00756,2025-06,13234.74
C00756,2025-07,13234.74
C00756,2025-08,13234.74
C00756,2025-09,13234.74
C00756,2025-10,13234.74
C00756,2025-11,13234.74
C00756,2025-12,13234.74
C00756,2026-01,13234.74
C00756,2026-02,13234.74
C00756,2026-03,13234.74
C00756,2026-04,13234.74
C00756,2026-05,13234.74
C00756,2026-06,13234.74
C00757,2024-11,29434.7
C00757,2024-12,29434.7
C00757,2025-01,29434.7
C00757,2025-02,29434.7
C00757,2025-03,29434.7
C00757,2025-04,29434.7
C00757,2025-05,29434.7
C00758,2024-11,33313.97
C00758,2024-12,33313.97
C00758,2025-01,33313.97
C00758,2025-02,33313.97
C00758,2025-03,33313.97
C00758,2025-04,33313.97
C00758,2025-05,33313.97
C00758,2025-06,33313.97
C00758,2025-07,33313.97
C00758,2025-08,33313.97
C00758,2025-09,33313.97
C00758,2025-10,33313.97
C00758,2025-11,33313.97
C00758,2025-12,33313.97
C00758,2026-01,33313.97
C00758,2026-02,33313.97
C00758,2026-03,33313.97
C00758,2026-04,33313.97
C00758,2026-05,33313.97
C00758,2026-06,33313.97
C00759,2024-11,51817.93
C00759,2024-12,51817.93
C00759,2025-01,51817.93
C00759,2025-02,51817.93
C00759,2025-03,51817.93
C00759,2025-04,51817.93
C00759,2025-05,51817.93
C00759,2025-06,51817.93
C00759,2025-07,51817.93
C00759,2025-08,51817.93
C00759,2025-09,51817.93
C00759,2025-10,51817.93
C00759,2025-11,51817.93
C00759,2025-12,51817.93
C00759,2026-01,51817.93
C00759,2026-02,51817.93
C00759,2026-03,51817.93
C00759,2026-04,51817.93
C00759,2026-05,51817.93
C00759,2026-06,51817.93
C00760,2024-11,19770.46
C00760,2024-12,19770.46
C00760,2025-01,19770.46
C00760,2025-02,19770.46
C00760,2025-03,19770.46
C00760,2025-04,19770.46
C00760,2025-05,19770.46
C00760,2025-06,19770.46
C00760,2025-07,19770.46
C00760,2025-08,19770.46
C00761,2024-11,40346.6
C00761,2024-12,40346.6
C00761,2025-01,40346.6
C00761,2025-02,40346.6
C00761,2025-03,40346.6
C00761,2025-04,40346.6
C00761,2025-05,40346.6
C00761,2025-06,40346.6
C00761,2025-07,40346.6
C00761,2025-08,40346.6
C00761,2025-09,40346.6
C00761,2025-10,40346.6
C00761,2025-11,40346.6
C00761,2025-12,40346.6
C00761,2026-01,40346.6
C00761,2026-02,40346.6
C00761,2026-03,40346.6
C00761,2026-04,40346.6
C00761,2026-05,40346.6
C00761,2026-06,40346.6
C00762,2024-11,9954.24
C00762,2024-12,9954.24
C00762,2025-01,9954.24
C00762,2025-02,9954.24
C00762,2025-03,9954.24
C00762,2025-04,9954.24
C00762,2025-05,9954.24
C00762,2025-06,9954.24
C00762,2025-07,9954.24
C00762,2025-08,9954.24
C00763,2024-11,5986.42
C00763,2024-12,5986.42
C00763,2025-01,5986.42
C00763,2025-02,5986.42
C00763,2025-03,5986.42
C00763,2025-04,5362.98
C00763,2025-05,5362.98
C00763,2025-06,5362.98
C00763,2025-07,5362.98
C00763,2025-08,5362.98
C00763,2025-09,5362.98
C00763,2025-10,5362.98
C00763,2025-11,5362.98
C00763,2025-12,5362.98
C00763,2026-01,5362.98
C00763,2026-02,5362.98
C00763,2026-03,5362.98
C00763,2026-04,5362.98
C00763,2026-05,5362.98
C00763,2026-06,5362.98
C00764,2024-11,42271.6
C00764,2024-12,42271.6
C00764,2025-01,42271.6
C00764,2025-02,42271.6
C00764,2025-03,42271.6
C00764,2025-04,42271.6
C00764,2025-05,42271.6
C00764,2025-06,42271.6
C00764,2025-07,42271.6
C00764,2025-08,42271.6
C00764,2025-09,42271.6
C00764,2025-10,42271.6
C00764,2025-11,42271.6
C00764,2025-12,42271.6
C00764,2026-01,42271.6
C00764,2026-02,42271.6
C00764,2026-03,42271.6
C00764,2026-04,42271.6
C00764,2026-05,42271.6
C00764,2026-06,42271.6
C00765,2024-11,4019.91
C00765,2024-12,4019.91
C00765,2025-01,4019.91
C00765,2025-02,4019.91
C00765,2025-03,4019.91
C00765,2025-04,4019.91
C00765,2025-05,4019.91
C00765,2025-06,4019.91
C00765,2025-07,4019.91
C00765,2025-08,4019.91
C00765,2025-09,4019.91
C00765,2025-10,4019.91
C00766,2024-11,42388.42
C00766,2024-12,42388.42
C00766,2025-01,42388.42
C00766,2025-02,42388.42
C00766,2025-03,42388.42
C00766,2025-04,42388.42
C00766,2025-05,42388.42
C00766,2025-06,42388.42
C00766,2025-07,42388.42
C00766,2025-08,42388.42
C00766,2025-09,42388.42
C00766,2025-10,42388.42
C00766,2025-11,42388.42
C00766,2025-12,42388.42
C00766,2026-01,42388.42
C00766,2026-02,42388.42
C00766,2026-03,42388.42
C00766,2026-04,42388.42
C00766,2026-05,42388.42
C00766,2026-06,42388.42
C00767,2024-11,17500.29
C00767,2024-12,17500.29
C00767,2025-01,17500.29
C00767,2025-02,17500.29
C00767,2025-03,17500.29
C00767,2025-04,17500.29
C00767,2025-05,17500.29
C00767,2025-06,17500.29
C00767,2025-07,17500.29
C00767,2025-08,17500.29
C00767,2025-09,17500.29
C00767,2025-10,17500.29
C00767,2025-11,17500.29
C00767,2025-12,17500.29
C00767,2026-01,17500.29
C00767,2026-02,17500.29
C00767,2026-03,17500.29
C00767,2026-04,17500.29
C00767,2026-05,17500.29
C00767,2026-06,17500.29
C00768,2024-11,181420.52
C00768,2024-12,181420.52
C00768,2025-01,181420.52
C00768,2025-02,181420.52
C00768,2025-03,181420.52
C00768,2025-04,181420.52
C00768,2025-05,181420.52
C00768,2025-06,181420.52
C00768,2025-07,181420.52
C00768,2025-08,181420.52
C00768,2025-09,181420.52
C00768,2025-10,181420.52
C00768,2025-11,181420.52
C00768,2025-12,181420.52
C00768,2026-01,181420.52
C00768,2026-02,181420.52
C00768,2026-03,181420.52
C00768,2026-04,181420.52
C00768,2026-05,181420.52
C00768,2026-06,181420.52
C00769,2024-11,20558.38
C00769,2024-12,20558.38
C00769,2025-01,20558.38
C00769,2025-02,20558.38
C00769,2025-03,20558.38
C00769,2025-04,20558.38
C00769,2025-05,20558.38
C00769,2025-06,20558.38
C00769,2025-07,20558.38
C00769,2025-08,20558.38
C00769,2025-09,20558.38
C00769,2025-10,20558.38
C00769,2025-11,20558.38
C00769,2025-12,20558.38
C00769,2026-01,20558.38
C00769,2026-02,20558.38
C00769,2026-03,20558.38
C00769,2026-04,20558.38
C00769,2026-05,20558.38
C00769,2026-06,20558.38
C00770,2024-11,35313.3
C00770,2024-12,35313.3
C00770,2025-01,35313.3
C00770,2025-02,35313.3
C00770,2025-03,35313.3
C00770,2025-04,35313.3
C00770,2025-05,35313.3
C00770,2025-06,35313.3
C00770,2025-07,35313.3
C00770,2025-08,35313.3
C00770,2025-09,35313.3
C00771,2024-11,11738.24
C00771,2024-12,11738.24
C00771,2025-01,11738.24
C00771,2025-02,11738.24
C00772,2024-11,11831.27
C00772,2024-12,11831.27
C00772,2025-01,11831.27
C00772,2025-02,11831.27
C00772,2025-03,11831.27
C00772,2025-04,11831.27
C00772,2025-05,11831.27
C00772,2025-06,11831.27
C00772,2025-07,11831.27
C00772,2025-08,11831.27
C00772,2025-09,11831.27
C00772,2025-10,11831.27
C00772,2025-11,11831.27
C00772,2025-12,11831.27
C00772,2026-01,11831.27
C00772,2026-02,11831.27
C00772,2026-03,11831.27
C00772,2026-04,11831.27
C00772,2026-05,11831.27
C00772,2026-06,11831.27
C00773,2024-11,30571.09
C00773,2024-12,30571.09
C00773,2025-01,30571.09
C00773,2025-02,30571.09
C00773,2025-03,30571.09
C00773,2025-04,30571.09
C00773,2025-05,30571.09
C00773,2025-06,30571.09
C00773,2025-07,30571.09
C00773,2025-08,30571.09
C00774,2024-11,3682.35
C00774,2024-12,3682.35
C00775,2024-11,9528.03
C00775,2024-12,9528.03
C00775,2025-01,9528.03
C00775,2025-02,9528.03
C00775,2025-03,9528.03
C00775,2025-04,9528.03
C00775,2025-05,9528.03
C00775,2025-06,9528.03
C00775,2025-07,9528.03
C00775,2025-08,9528.03
C00776,2024-11,9178.1
C00776,2024-12,9178.1
C00776,2025-01,9178.1
C00776,2025-02,9178.1
C00776,2025-03,9178.1
C00777,2024-11,3311.21
C00777,2024-12,3311.21
C00777,2025-01,3311.21
C00777,2025-02,3311.21
C00777,2025-03,3311.21
C00777,2025-04,3311.21
C00777,2025-05,3311.21
C00777,2025-06,3311.21
C00777,2025-07,3311.21
C00777,2025-08,3311.21
C00777,2025-09,3311.21
C00777,2025-10,3311.21
C00777,2025-11,3311.21
C00777,2025-12,3311.21
C00777,2026-01,3311.21
C00777,2026-02,3311.21
C00777,2026-03,3311.21
C00777,2026-04,3311.21
C00777,2026-05,3311.21
C00777,2026-06,3311.21
C00778,2024-11,41423.01
C00778,2024-12,41423.01
C00778,2025-01,41423.01
C00778,2025-02,41423.01
C00778,2025-03,41423.01
C00778,2025-04,41423.01
C00778,2025-05,41423.01
C00778,2025-06,41423.01
C00778,2025-07,41423.01
C00778,2025-08,41423.01
C00778,2025-09,41423.01
C00778,2025-10,41423.01
C00778,2025-11,41423.01
C00778,2025-12,41423.01
C00778,2026-01,41423.01
C00778,2026-02,41423.01
C00778,2026-03,41423.01
C00778,2026-04,41423.01
C00778,2026-05,41423.01
C00778,2026-06,41423.01
C00779,2024-11,58975.58
C00779,2024-12,58975.58
C00779,2025-01,58975.58
C00779,2025-02,58975.58
C00779,2025-03,58975.58
C00779,2025-04,58975.58
C00779,2025-05,58975.58
C00779,2025-06,58975.58
C00779,2025-07,58975.58
C00779,2025-08,58975.58
C00779,2025-09,58975.58
C00779,2025-10,58975.58
C00779,2025-11,58975.58
C00779,2025-12,58975.58
C00779,2026-01,58975.58
C00779,2026-02,58975.58
C00779,2026-03,58975.58
C00779,2026-04,58975.58
C00779,2026-05,58975.58
C00779,2026-06,58975.58
C00780,2024-11,50736.29
C00780,2024-12,50736.29
C00780,2025-01,50736.29
C00780,2025-02,50736.29
C00780,2025-03,50736.29
C00780,2025-04,50736.29
C00780,2025-05,50736.29
C00780,2025-06,50736.29
C00780,2025-07,50736.29
C00781,2024-11,4311.77
C00782,2024-11,126226.92
C00782,2024-12,126226.92
C00782,2025-01,126226.92
C00782,2025-02,126226.92
C00782,2025-03,126226.92
C00782,2025-04,126226.92
C00782,2025-05,126226.92
C00782,2025-06,126226.92
C00782,2025-07,126226.92
C00782,2025-08,126226.92
C00782,2025-09,126226.92
C00782,2025-10,126226.92
C00782,2025-11,126226.92
C00782,2025-12,126226.92
C00782,2026-01,126226.92
C00782,2026-02,126226.92
C00782,2026-03,126226.92
C00782,2026-04,126226.92
C00782,2026-05,126226.92
C00782,2026-06,126226.92
C00783,2024-12,9494.61
C00783,2025-01,9494.61
C00783,2025-02,9494.61
C00783,2025-03,9494.61
C00783,2025-04,9494.61
C00783,2025-05,9494.61
C00783,2025-06,9494.61
C00783,2025-07,9494.61
C00783,2025-08,9494.61
C00783,2025-09,9494.61
C00783,2025-10,9494.61
C00783,2025-11,9494.61
C00783,2025-12,9494.61
C00783,2026-01,9494.61
C00783,2026-02,9494.61
C00783,2026-03,9494.61
C00783,2026-04,12096.52
C00783,2026-05,12096.52
C00783,2026-06,12096.52
C00784,2024-12,4368.98
C00784,2025-01,4368.98
C00784,2025-02,4368.98
C00785,2024-12,22320.68
C00785,2025-01,22320.68
C00785,2025-02,22320.68
C00786,2024-12,4949.67
C00786,2025-01,4949.67
C00786,2025-02,4949.67
C00786,2025-03,4949.67
C00786,2025-04,4949.67
C00786,2025-05,4949.67
C00786,2025-06,4949.67
C00786,2025-07,4949.67
C00787,2024-12,89971.82
C00787,2025-01,89971.82
C00787,2025-02,89971.82
C00788,2024-12,45082.82
C00788,2025-01,45082.82
C00788,2025-02,45082.82
C00788,2025-03,45082.82
C00788,2025-04,45082.82
C00788,2025-05,45082.82
C00788,2025-06,45082.82
C00788,2025-07,45082.82
C00788,2025-08,45082.82
C00788,2025-09,45082.82
C00788,2025-10,45082.82
C00788,2025-11,45082.82
C00788,2025-12,45082.82
C00788,2026-01,45082.82
C00788,2026-02,45082.82
C00789,2024-12,57559.51
C00789,2025-01,57559.51
C00789,2025-02,57559.51
C00789,2025-03,57559.51
C00790,2024-12,8046.56
C00791,2024-12,8920.83
C00791,2025-01,8920.83
C00791,2025-02,8920.83
C00791,2025-03,8920.83
C00791,2025-04,8920.83
C00791,2025-05,8920.83
C00791,2025-06,8920.83
C00791,2025-07,8920.83
C00791,2025-08,8920.83
C00791,2025-09,8920.83
C00791,2025-10,8920.83
C00792,2024-12,9304.74
C00792,2025-01,9304.74
C00792,2025-02,9304.74
C00792,2025-03,9304.74
C00792,2025-04,9304.74
C00792,2025-05,9304.74
C00792,2025-06,9304.74
C00792,2025-07,9304.74
C00792,2025-08,9304.74
C00792,2025-09,9304.74
C00792,2025-10,9304.74
C00792,2025-11,9304.74
C00792,2025-12,9304.74
C00792,2026-01,9304.74
C00792,2026-02,9304.74
C00792,2026-03,9304.74
C00792,2026-04,9304.74
C00792,2026-05,9304.74
C00793,2024-12,5014.29
C00793,2025-01,5014.29
C00793,2025-02,5014.29
C00793,2025-03,5014.29
C00793,2025-04,5014.29
C00793,2025-05,5014.29
C00793,2025-06,5014.29
C00793,2025-07,5014.29
C00793,2025-08,5014.29
C00793,2025-09,5014.29
C00793,2025-10,5014.29
C00793,2025-11,5014.29
C00793,2025-12,5014.29
C00793,2026-01,5014.29
C00793,2026-02,5014.29
C00793,2026-03,5014.29
C00793,2026-04,5014.29
C00793,2026-05,5014.29
C00793,2026-06,5014.29
C00794,2024-12,16367.62
C00794,2025-01,16367.62
C00795,2024-12,9807.75
C00795,2025-01,9807.75
C00795,2025-02,9807.75
C00795,2025-03,9807.75
C00795,2025-04,9807.75
C00795,2025-05,9807.75
C00795,2025-06,9807.75
C00795,2025-07,9807.75
C00795,2025-08,9807.75
C00795,2025-09,9807.75
C00795,2025-10,9807.75
C00796,2024-12,5839.67
C00796,2025-01,5839.67
C00796,2025-02,5839.67
C00796,2025-03,5839.67
C00796,2025-04,5839.67
C00796,2025-05,5839.67
C00796,2025-06,5839.67
C00796,2025-07,5839.67
C00796,2025-08,5839.67
C00796,2025-09,5839.67
C00796,2025-10,5839.67
C00797,2024-12,46745.22
C00798,2024-12,25247.85
C00798,2025-01,25247.85
C00798,2025-02,25247.85
C00798,2025-03,25247.85
C00798,2025-04,25247.85
C00798,2025-05,25247.85
C00798,2025-06,25247.85
C00798,2025-07,25247.85
C00798,2025-08,25247.85
C00798,2025-09,25247.85
C00798,2025-10,25247.85
C00799,2024-12,3055.94
C00799,2025-01,3055.94
C00799,2025-02,3055.94
C00799,2025-03,3055.94
C00799,2025-04,3055.94
C00800,2024-12,182005.69
C00800,2025-01,182005.69
C00800,2025-02,182005.69
C00800,2025-03,195444.88
C00800,2025-04,195444.88
C00800,2025-05,195444.88
C00800,2025-06,195444.88
C00800,2025-07,195444.88
C00800,2025-08,195444.88
C00800,2025-09,195444.88
C00800,2025-10,195444.88
C00800,2025-11,195444.88
C00800,2025-12,195444.88
C00800,2026-01,195444.88
C00800,2026-02,195444.88
C00800,2026-03,195444.88
C00800,2026-04,195444.88
C00800,2026-05,195444.88
C00800,2026-06,195444.88
C00801,2024-12,3363.17
C00801,2025-01,3363.17
C00802,2024-12,18407.79
C00802,2025-01,18407.79
C00802,2025-02,18407.79
C00802,2025-03,18407.79
C00802,2025-04,18407.79
C00802,2025-05,18407.79
C00802,2025-06,18407.79
C00802,2025-07,18407.79
C00802,2025-08,18407.79
C00802,2025-09,18407.79
C00802,2025-10,18407.79
C00802,2025-11,18407.79
C00802,2025-12,18407.79
C00802,2026-01,18407.79
C00802,2026-02,18407.79
C00802,2026-03,18407.79
C00802,2026-04,18407.79
C00802,2026-05,18407.79
C00802,2026-06,18407.79
C00803,2024-12,5553.28
C00803,2025-01,5553.28
C00803,2025-02,5553.28
C00804,2024-12,232096.65
C00804,2025-01,232096.65
C00804,2025-02,232096.65
C00804,2025-03,232096.65
C00804,2025-04,232096.65
C00804,2025-05,232096.65
C00804,2025-06,232096.65
C00804,2025-07,232096.65
C00804,2025-08,232096.65
C00804,2025-09,232096.65
C00804,2025-10,232096.65
C00804,2025-11,232096.65
C00804,2025-12,232096.65
C00804,2026-01,232096.65
C00804,2026-02,232096.65
C00804,2026-03,232096.65
C00804,2026-04,232096.65
C00804,2026-05,232096.65
C00804,2026-06,232096.65
C00805,2024-12,5394.27
C00805,2025-01,5394.27
C00805,2025-02,5394.27
C00805,2025-03,5394.27
C00805,2025-04,5394.27
C00805,2025-05,5394.27
C00805,2025-06,5394.27
C00805,2025-07,5394.27
C00805,2025-08,5394.27
C00805,2025-09,5394.27
C00805,2025-10,5394.27
C00805,2025-11,5394.27
C00805,2025-12,5394.27
C00805,2026-01,5394.27
C00805,2026-02,5394.27
C00805,2026-03,5394.27
C00805,2026-04,5394.27
C00805,2026-05,5394.27
C00805,2026-06,5394.27
C00806,2024-12,37042.55
C00806,2025-01,37042.55
C00806,2025-02,37042.55
C00806,2025-03,37042.55
C00806,2025-04,37042.55
C00806,2025-05,37042.55
C00806,2025-06,37042.55
C00806,2025-07,37042.55
C00806,2025-08,37042.55
C00806,2025-09,37042.55
C00806,2025-10,37042.55
C00806,2025-11,37042.55
C00806,2025-12,37042.55
C00807,2024-12,4607.27
C00807,2025-01,4607.27
C00807,2025-02,4607.27
C00807,2025-03,4607.27
C00807,2025-04,4607.27
C00807,2025-05,4607.27
C00807,2025-06,4607.27
C00807,2025-07,4607.27
C00807,2025-08,4607.27
C00807,2025-09,4607.27
C00807,2025-10,4607.27
C00807,2025-11,4607.27
C00807,2025-12,4607.27
C00807,2026-01,4607.27
C00807,2026-02,4607.27
C00807,2026-03,4607.27
C00807,2026-04,4607.27
C00807,2026-05,4607.27
C00807,2026-06,4607.27
C00808,2024-12,49258.95
C00808,2025-01,49258.95
C00808,2025-02,49258.95
C00808,2025-03,49258.95
C00808,2025-04,49258.95
C00808,2025-05,49258.95
C00808,2025-06,49258.95
C00808,2025-07,49258.95
C00808,2025-08,49258.95
C00808,2025-09,49258.95
C00808,2025-10,49258.95
C00808,2025-11,49258.95
C00808,2025-12,49258.95
C00808,2026-01,49258.95
C00808,2026-02,49258.95
C00808,2026-03,49258.95
C00808,2026-04,49258.95
C00808,2026-05,49258.95
C00808,2026-06,49258.95
C00809,2024-12,21977.35
C00809,2025-01,21977.35
C00809,2025-02,21977.35
C00809,2025-03,21977.35
C00809,2025-04,21977.35
C00809,2025-05,21977.35
C00809,2025-06,21977.35
C00809,2025-07,21977.35
C00809,2025-08,21977.35
C00809,2025-09,21977.35
C00809,2025-10,21977.35
C00809,2025-11,21977.35
C00809,2025-12,21977.35
C00809,2026-01,21977.35
C00809,2026-02,21977.35
C00809,2026-03,21977.35
C00809,2026-04,21977.35
C00809,2026-05,21977.35
C00809,2026-06,21977.35
C00810,2024-12,156735.52
C00810,2025-01,156735.52
C00810,2025-02,156735.52
C00810,2025-03,156735.52
C00810,2025-04,156735.52
C00810,2025-05,156735.52
C00810,2025-06,156735.52
C00810,2025-07,156735.52
C00810,2025-08,156735.52
C00811,2024-12,56749.56
C00811,2025-01,56749.56
C00811,2025-02,56749.56
C00811,2025-03,56749.56
C00811,2025-04,56749.56
C00811,2025-05,56749.56
C00811,2025-06,56749.56
C00811,2025-07,56749.56
C00811,2025-08,56749.56
C00811,2025-09,56749.56
C00811,2025-10,56749.56
C00811,2025-11,56749.56
C00811,2025-12,56749.56
C00811,2026-01,56749.56
C00811,2026-02,56749.56
C00812,2024-12,21105.69
C00812,2025-01,24985.84
C00812,2025-02,24985.84
C00812,2025-03,24985.84
C00812,2025-04,24985.84
C00812,2025-05,24985.84
C00812,2025-06,24985.84
C00812,2025-07,24985.84
C00812,2025-08,24985.84
C00812,2025-09,24985.84
C00812,2025-10,24985.84
C00812,2025-11,24985.84
C00812,2025-12,24985.84
C00812,2026-01,24985.84
C00812,2026-02,24985.84
C00812,2026-03,24985.84
C00812,2026-04,24985.84
C00812,2026-05,24985.84
C00812,2026-06,24985.84
C00813,2024-12,8651.35
C00813,2025-01,8651.35
C00813,2025-02,8651.35
C00813,2025-03,8651.35
C00813,2025-04,8651.35
C00813,2025-05,8651.35
C00813,2025-06,8651.35
C00814,2024-12,45425.93
C00814,2025-01,45425.93
C00814,2025-02,45425.93
C00814,2025-03,45425.93
C00814,2025-04,45425.93
C00815,2024-12,7768.04
C00815,2025-01,7768.04
C00815,2025-02,7768.04
C00815,2025-03,7768.04
C00815,2025-04,7768.04
C00815,2025-05,7768.04
C00815,2025-06,7768.04
C00815,2025-07,7768.04
C00815,2025-08,7768.04
C00815,2025-09,7768.04
C00815,2025-10,7768.04
C00816,2024-12,11736.14
C00816,2025-01,11736.14
C00816,2025-02,11736.14
C00816,2025-03,11736.14
C00816,2025-04,11736.14
C00816,2025-05,11736.14
C00816,2025-06,11736.14
C00816,2025-07,11736.14
C00816,2025-08,11736.14
C00816,2025-09,11736.14
C00816,2025-10,11736.14
C00816,2025-11,11736.14
C00816,2025-12,11736.14
C00816,2026-01,11736.14
C00816,2026-02,11736.14
C00816,2026-03,11736.14
C00816,2026-04,11736.14
C00816,2026-05,11736.14
C00816,2026-06,11736.14
C00817,2024-12,57622.0
C00817,2025-01,57622.0
C00817,2025-02,57622.0
C00817,2025-03,57622.0
C00817,2025-04,57622.0
C00817,2025-05,57622.0
C00817,2025-06,57622.0
C00817,2025-07,57622.0
C00817,2025-08,57622.0
C00817,2025-09,57622.0
C00817,2025-10,57622.0
C00817,2025-11,57622.0
C00817,2025-12,57622.0
C00817,2026-01,57622.0
C00817,2026-02,57622.0
C00817,2026-03,57622.0
C00817,2026-04,57622.0
C00817,2026-05,64540.28
C00817,2026-06,64540.28
C00818,2024-12,11067.82
C00818,2025-01,11067.82
C00818,2025-02,11067.82
C00818,2025-03,11067.82
C00818,2025-04,11067.82
C00818,2025-05,11067.82
C00818,2025-06,11067.82
C00818,2025-07,11067.82
C00818,2025-08,11067.82
C00818,2025-09,11067.82
C00818,2025-10,11067.82
C00819,2024-12,31499.73
C00819,2025-01,31499.73
C00819,2025-02,31499.73
C00819,2025-03,31499.73
C00819,2025-04,31499.73
C00819,2025-05,31499.73
C00819,2025-06,31499.73
C00819,2025-07,31499.73
C00819,2025-08,31499.73
C00819,2025-09,31499.73
C00819,2025-10,31499.73
C00819,2025-11,31499.73
C00819,2025-12,31499.73
C00819,2026-01,31499.73
C00819,2026-02,31499.73
C00819,2026-03,31499.73
C00819,2026-04,31499.73
C00819,2026-05,31499.73
C00819,2026-06,31499.73
C00820,2024-12,5036.72
C00820,2025-01,5036.72
C00820,2025-02,3724.73
C00820,2025-03,3724.73
C00820,2025-04,3724.73
C00820,2025-05,3724.73
C00820,2025-06,3724.73
C00820,2025-07,3724.73
C00820,2025-08,3724.73
C00820,2025-09,3724.73
C00820,2025-10,3724.73
C00820,2025-11,3724.73
C00820,2025-12,3724.73
C00820,2026-01,3724.73
C00820,2026-02,3724.73
C00820,2026-03,3724.73
C00820,2026-04,3724.73
C00820,2026-05,3724.73
C00820,2026-06,3724.73
C00821,2024-12,25699.11
C00821,2025-01,25699.11
C00821,2025-02,25699.11
C00821,2025-03,25699.11
C00821,2025-04,25699.11
C00821,2025-05,25699.11
C00821,2025-06,25699.11
C00821,2025-07,25699.11
C00821,2025-08,25699.11
C00821,2025-09,25699.11
C00821,2025-10,25699.11
C00821,2025-11,25699.11
C00821,2025-12,25699.11
C00821,2026-01,25699.11
C00821,2026-02,25699.11
C00821,2026-03,25699.11
C00821,2026-04,25699.11
C00821,2026-05,25699.11
C00821,2026-06,25699.11
C00822,2024-12,58884.78
C00822,2025-01,58884.78
C00822,2025-02,58884.78
C00822,2025-03,58884.78
C00822,2025-04,58884.78
C00822,2025-05,58884.78
C00822,2025-06,58884.78
C00822,2025-07,58884.78
C00822,2025-08,58884.78
C00822,2025-09,58884.78
C00822,2025-10,58884.78
C00822,2025-11,58884.78
C00823,2024-12,7668.98
C00823,2025-01,7668.98
C00823,2025-02,7668.98
C00823,2025-03,7668.98
C00823,2025-04,7668.98
C00823,2025-05,7668.98
C00823,2025-06,7668.98
C00823,2025-07,7668.98
C00823,2025-08,7668.98
C00823,2025-09,7668.98
C00823,2025-10,7668.98
C00823,2025-11,7668.98
C00823,2025-12,7668.98
C00823,2026-01,7668.98
C00823,2026-02,7668.98
C00823,2026-03,6774.94
C00823,2026-04,6774.94
C00823,2026-05,6774.94
C00823,2026-06,6774.94
C00824,2024-12,9679.79
C00824,2025-01,9679.79
C00824,2025-02,9679.79
C00825,2024-12,53204.63
C00825,2025-01,53204.63
C00825,2025-02,53204.63
C00825,2025-03,53204.63
C00825,2025-04,53204.63
C00825,2025-05,53204.63
C00825,2025-06,53204.63
C00825,2025-07,53204.63
C00825,2025-08,53204.63
C00825,2025-09,53204.63
C00825,2025-10,53204.63
C00825,2025-11,53204.63
C00825,2025-12,53204.63
C00825,2026-01,53204.63
C00825,2026-02,53204.63
C00825,2026-03,53204.63
C00825,2026-04,53204.63
C00825,2026-05,53204.63
C00825,2026-06,53204.63
C00826,2024-12,7526.32
C00826,2025-01,7526.32
C00826,2025-02,7526.32
C00826,2025-03,7526.32
C00826,2025-04,7526.32
C00826,2025-05,7526.32
C00826,2025-06,7526.32
C00826,2025-07,7526.32
C00826,2025-08,7526.32
C00826,2025-09,7526.32
C00826,2025-10,7526.32
C00826,2025-11,7526.32
C00826,2025-12,7526.32
C00826,2026-01,6642.69
C00826,2026-02,6642.69
C00827,2024-12,32475.41
C00827,2025-01,32475.41
C00827,2025-02,32475.41
C00827,2025-03,32475.41
C00827,2025-04,32475.41
C00827,2025-05,32475.41
C00827,2025-06,32475.41
C00827,2025-07,32475.41
C00827,2025-08,32475.41
C00827,2025-09,32475.41
C00827,2025-10,32475.41
C00827,2025-11,32475.41
C00827,2025-12,32475.41
C00827,2026-01,32475.41
C00827,2026-02,32475.41
C00827,2026-03,32475.41
C00827,2026-04,32475.41
C00827,2026-05,32475.41
C00827,2026-06,32475.41
C00828,2024-12,7075.97
C00828,2025-01,7075.97
C00828,2025-02,7075.97
C00828,2025-03,7075.97
C00828,2025-04,7075.97
C00828,2025-05,7075.97
C00829,2024-12,50187.19
C00829,2025-01,50187.19
C00829,2025-02,50187.19
C00829,2025-03,50187.19
C00829,2025-04,50187.19
C00829,2025-05,50187.19
C00829,2025-06,50187.19
C00829,2025-07,50187.19
C00829,2025-08,50187.19
C00829,2025-09,50187.19
C00829,2025-10,50187.19
C00829,2025-11,50187.19
C00829,2025-12,50187.19
C00829,2026-01,50187.19
C00829,2026-02,50187.19
C00829,2026-03,50187.19
C00829,2026-04,50187.19
C00829,2026-05,50187.19
C00829,2026-06,50187.19
C00830,2024-12,40906.15
C00830,2025-01,40906.15
C00830,2025-02,40906.15
C00830,2025-03,40906.15
C00830,2025-04,40906.15
C00830,2025-05,40906.15
C00830,2025-06,40906.15
C00830,2025-07,40906.15
C00830,2025-08,40906.15
C00830,2025-09,40906.15
C00830,2025-10,40906.15
C00830,2025-11,40906.15
C00830,2025-12,40906.15
C00830,2026-01,40906.15
C00830,2026-02,40906.15
C00830,2026-03,40906.15
C00830,2026-04,40906.15
C00830,2026-05,40906.15
C00830,2026-06,40906.15
C00831,2024-12,16541.02
C00831,2025-01,16541.02
C00831,2025-02,16541.02
C00831,2025-03,16541.02
C00831,2025-04,16541.02
C00831,2025-05,16541.02
C00831,2025-06,16541.02
C00831,2025-07,16541.02
C00831,2025-08,16541.02
C00831,2025-09,16541.02
C00831,2025-10,16541.02
C00831,2025-11,16541.02
C00831,2025-12,16541.02
C00831,2026-01,16541.02
C00831,2026-02,16541.02
C00831,2026-03,16541.02
C00831,2026-04,16541.02
C00831,2026-05,16541.02
C00831,2026-06,16541.02
C00832,2024-12,13482.68
C00832,2025-01,13482.68
C00832,2025-02,13482.68
C00832,2025-03,13482.68
C00832,2025-04,13482.68
C00832,2025-05,13482.68
C00832,2025-06,13482.68
C00832,2025-07,13482.68
C00832,2025-08,13482.68
C00832,2025-09,13482.68
C00832,2025-10,13482.68
C00832,2025-11,13482.68
C00832,2025-12,13482.68
C00832,2026-01,13482.68
C00832,2026-02,13482.68
C00832,2026-03,13482.68
C00832,2026-04,13482.68
C00832,2026-05,13482.68
C00832,2026-06,13482.68
C00833,2024-12,5485.1
C00833,2025-01,5485.1
C00833,2025-02,5485.1
C00833,2025-03,5485.1
C00833,2025-04,5485.1
C00833,2025-05,5485.1
C00833,2025-06,5485.1
C00833,2025-07,5485.1
C00833,2025-08,5485.1
C00833,2025-09,5485.1
C00833,2025-10,5485.1
C00833,2025-11,5485.1
C00833,2025-12,5485.1
C00833,2026-01,5485.1
C00833,2026-02,5485.1
C00833,2026-03,5485.1
C00833,2026-04,5485.1
C00834,2024-12,6280.55
C00834,2025-01,6280.55
C00834,2025-02,6280.55
C00834,2025-03,6280.55
C00834,2025-04,6280.55
C00834,2025-05,6280.55
C00834,2025-06,6280.55
C00834,2025-07,6280.55
C00834,2025-08,6280.55
C00834,2025-09,6280.55
C00834,2025-10,6280.55
C00834,2025-11,6280.55
C00834,2025-12,6280.55
C00834,2026-01,6280.55
C00834,2026-02,6280.55
C00834,2026-03,6280.55
C00835,2024-12,50314.32
C00835,2025-01,50314.32
C00835,2025-02,50314.32
C00835,2025-03,50314.32
C00835,2025-04,50314.32
C00835,2025-05,50314.32
C00835,2025-06,50314.32
C00835,2025-07,50314.32
C00835,2025-08,50314.32
C00835,2025-09,50314.32
C00835,2025-10,50314.32
C00835,2025-11,50314.32
C00835,2025-12,50314.32
C00835,2026-01,50314.32
C00835,2026-02,50314.32
C00835,2026-03,50314.32
C00835,2026-04,50314.32
C00835,2026-05,50314.32
C00835,2026-06,50314.32
C00836,2024-12,45987.9
C00836,2025-01,45987.9
C00836,2025-02,45987.9
C00836,2025-03,45987.9
C00836,2025-04,45987.9
C00836,2025-05,45987.9
C00836,2025-06,45987.9
C00836,2025-07,45987.9
C00836,2025-08,45987.9
C00836,2025-09,45987.9
C00836,2025-10,45987.9
C00836,2025-11,45987.9
C00836,2025-12,45987.9
C00836,2026-01,45987.9
C00836,2026-02,45987.9
C00836,2026-03,45987.9
C00836,2026-04,45987.9
C00836,2026-05,45987.9
C00836,2026-06,45987.9
C00837,2024-12,25660.0
C00837,2025-01,25660.0
C00837,2025-02,25660.0
C00837,2025-03,25660.0
C00837,2025-04,25660.0
C00837,2025-05,25660.0
C00837,2025-06,25660.0
C00837,2025-07,25660.0
C00837,2025-08,25660.0
C00837,2025-09,25660.0
C00837,2025-10,25660.0
C00837,2025-11,25660.0
C00838,2024-12,27897.67
C00838,2025-01,27897.67
C00838,2025-02,27897.67
C00838,2025-03,27897.67
C00838,2025-04,27897.67
C00838,2025-05,27897.67
C00838,2025-06,27897.67
C00838,2025-07,27897.67
C00838,2025-08,27897.67
C00838,2025-09,27897.67
C00838,2025-10,27897.67
C00838,2025-11,27897.67
C00838,2025-12,27897.67
C00838,2026-01,27897.67
C00838,2026-02,27897.67
C00838,2026-03,27897.67
C00838,2026-04,27897.67
C00838,2026-05,27897.67
C00838,2026-06,27897.67
C00839,2024-12,183617.52
C00839,2025-01,183617.52
C00839,2025-02,183617.52
C00839,2025-03,183617.52
C00839,2025-04,183617.52
C00839,2025-05,183617.52
C00839,2025-06,183617.52
C00839,2025-07,183617.52
C00839,2025-08,183617.52
C00839,2025-09,183617.52
C00839,2025-10,183617.52
C00839,2025-11,183617.52
C00839,2025-12,183617.52
C00839,2026-01,183617.52
C00839,2026-02,183617.52
C00839,2026-03,183617.52
C00839,2026-04,183617.52
C00839,2026-05,183617.52
C00839,2026-06,183617.52
C00840,2024-12,3030.24
C00840,2025-01,3030.24
C00840,2025-02,3030.24
C00840,2025-03,3030.24
C00840,2025-04,3030.24
C00840,2025-05,3030.24
C00840,2025-06,3030.24
C00840,2025-07,3030.24
C00840,2025-08,3030.24
C00840,2025-09,3030.24
C00840,2025-10,3030.24
C00840,2025-11,3030.24
C00840,2025-12,3030.24
C00840,2026-01,3030.24
C00840,2026-02,3030.24
C00841,2024-12,51132.98
C00841,2025-01,51132.98
C00841,2025-02,51132.98
C00841,2025-03,51132.98
C00841,2025-04,51132.98
C00841,2025-05,51132.98
C00841,2025-06,51132.98
C00841,2025-07,51132.98
C00841,2025-08,51132.98
C00841,2025-09,51132.98
C00841,2025-10,51132.98
C00841,2025-11,51132.98
C00842,2024-12,10859.74
C00842,2025-01,10859.74
C00842,2025-02,10859.74
C00842,2025-03,10859.74
C00842,2025-04,10859.74
C00842,2025-05,10859.74
C00842,2025-06,10859.74
C00842,2025-07,10859.74
C00842,2025-08,10859.74
C00842,2025-09,10859.74
C00842,2025-10,10859.74
C00842,2025-11,10859.74
C00842,2025-12,10859.74
C00842,2026-01,10859.74
C00842,2026-02,10859.74
C00842,2026-03,10859.74
C00843,2024-12,13401.16
C00843,2025-01,13401.16
C00843,2025-02,13401.16
C00843,2025-03,13401.16
C00843,2025-04,13401.16
C00843,2025-05,13401.16
C00843,2025-06,13401.16
C00843,2025-07,13401.16
C00843,2025-08,13401.16
C00843,2025-09,13401.16
C00843,2025-10,13401.16
C00843,2025-11,13401.16
C00843,2025-12,13401.16
C00843,2026-01,13401.16
C00843,2026-02,13401.16
C00844,2025-01,5680.61
C00844,2025-02,5680.61
C00844,2025-03,5680.61
C00844,2025-04,5680.61
C00844,2025-05,5680.61
C00844,2025-06,5680.61
C00844,2025-07,5680.61
C00844,2025-08,5680.61
C00844,2025-09,5680.61
C00844,2025-10,5680.61
C00844,2025-11,5680.61
C00844,2025-12,5680.61
C00844,2026-01,5680.61
C00844,2026-02,5680.61
C00844,2026-03,5680.61
C00844,2026-04,5680.61
C00844,2026-05,5680.61
C00844,2026-06,5680.61
C00845,2025-01,25458.49
C00845,2025-02,25458.49
C00845,2025-03,25458.49
C00845,2025-04,25458.49
C00845,2025-05,25458.49
C00845,2025-06,25458.49
C00845,2025-07,25458.49
C00845,2025-08,25458.49
C00845,2025-09,25458.49
C00845,2025-10,25458.49
C00845,2025-11,25458.49
C00845,2025-12,25458.49
C00845,2026-01,25458.49
C00845,2026-02,25458.49
C00845,2026-03,25458.49
C00845,2026-04,25458.49
C00845,2026-05,25458.49
C00845,2026-06,25458.49
C00846,2025-01,27532.4
C00846,2025-02,27532.4
C00846,2025-03,27532.4
C00846,2025-04,27532.4
C00846,2025-05,27532.4
C00846,2025-06,27532.4
C00846,2025-07,27532.4
C00846,2025-08,27532.4
C00846,2025-09,27532.4
C00846,2025-10,27532.4
C00846,2025-11,19639.43
C00846,2025-12,19639.43
C00846,2026-01,19639.43
C00846,2026-02,19639.43
C00846,2026-03,19639.43
C00847,2025-01,22379.82
C00847,2025-02,22379.82
C00847,2025-03,22379.82
C00847,2025-04,22379.82
C00847,2025-05,22379.82
C00847,2025-06,22379.82
C00847,2025-07,22379.82
C00847,2025-08,22379.82
C00847,2025-09,22379.82
C00847,2025-10,22379.82
C00847,2025-11,22379.82
C00847,2025-12,22379.82
C00847,2026-01,22379.82
C00847,2026-02,22379.82
C00847,2026-03,22379.82
C00847,2026-04,22379.82
C00847,2026-05,22379.82
C00847,2026-06,22379.82
C00848,2025-01,11382.01
C00848,2025-02,11382.01
C00848,2025-03,11382.01
C00848,2025-04,11382.01
C00848,2025-05,11382.01
C00848,2025-06,11382.01
C00848,2025-07,11382.01
C00848,2025-08,11382.01
C00848,2025-09,11382.01
C00848,2025-10,11382.01
C00848,2025-11,11382.01
C00848,2025-12,11382.01
C00849,2025-01,51152.74
C00849,2025-02,51152.74
C00849,2025-03,51152.74
C00849,2025-04,51152.74
C00849,2025-05,51152.74
C00849,2025-06,51152.74
C00849,2025-07,51152.74
C00849,2025-08,51152.74
C00849,2025-09,51152.74
C00849,2025-10,51152.74
C00849,2025-11,51152.74
C00849,2025-12,51152.74
C00849,2026-01,51152.74
C00849,2026-02,51152.74
C00849,2026-03,51152.74
C00849,2026-04,51152.74
C00849,2026-05,51152.74
C00849,2026-06,51152.74
C00850,2025-01,46171.36
C00850,2025-02,46171.36
C00850,2025-03,46171.36
C00850,2025-04,46171.36
C00850,2025-05,46171.36
C00850,2025-06,46171.36
C00850,2025-07,46171.36
C00850,2025-08,46171.36
C00850,2025-09,46171.36
C00850,2025-10,46171.36
C00850,2025-11,46171.36
C00850,2025-12,46171.36
C00850,2026-01,46171.36
C00850,2026-02,46171.36
C00850,2026-03,46171.36
C00850,2026-04,46171.36
C00850,2026-05,46171.36
C00850,2026-06,46171.36
C00851,2025-01,10450.56
C00851,2025-02,10450.56
C00851,2025-03,10450.56
C00851,2025-04,10450.56
C00851,2025-05,10450.56
C00851,2025-06,10450.56
C00851,2025-07,10450.56
C00851,2025-08,10450.56
C00851,2025-09,10450.56
C00851,2025-10,10450.56
C00851,2025-11,10450.56
C00851,2025-12,10450.56
C00851,2026-01,10450.56
C00851,2026-02,10450.56
C00851,2026-03,10450.56
C00851,2026-04,10450.56
C00852,2025-01,17995.59
C00852,2025-02,17995.59
C00852,2025-03,17995.59
C00852,2025-04,17995.59
C00852,2025-05,17995.59
C00852,2025-06,17995.59
C00852,2025-07,17995.59
C00852,2025-08,17995.59
C00852,2025-09,17995.59
C00852,2025-10,17995.59
C00852,2025-11,17995.59
C00852,2025-12,17995.59
C00852,2026-01,17995.59
C00852,2026-02,17995.59
C00852,2026-03,17995.59
C00852,2026-04,17995.59
C00852,2026-05,17995.59
C00853,2025-01,37869.31
C00853,2025-02,37869.31
C00853,2025-03,37869.31
C00853,2025-04,37869.31
C00853,2025-05,37869.31
C00853,2025-06,37869.31
C00853,2025-07,37869.31
C00853,2025-08,37869.31
C00853,2025-09,37869.31
C00853,2025-10,37869.31
C00853,2025-11,37869.31
C00853,2025-12,37869.31
C00853,2026-01,37869.31
C00853,2026-02,37869.31
C00853,2026-03,37869.31
C00853,2026-04,37869.31
C00854,2025-01,2991.67
C00854,2025-02,2991.67
C00854,2025-03,2991.67
C00854,2025-04,2991.67
C00854,2025-05,2991.67
C00854,2025-06,2991.67
C00854,2025-07,2991.67
C00854,2025-08,2991.67
C00854,2025-09,2991.67
C00854,2025-10,2991.67
C00854,2025-11,2991.67
C00854,2025-12,2991.67
C00854,2026-01,2991.67
C00855,2025-01,34085.2
C00855,2025-02,34085.2
C00855,2025-03,34085.2
C00855,2025-04,34085.2
C00855,2025-05,34085.2
C00855,2025-06,34085.2
C00855,2025-07,34085.2
C00855,2025-08,34085.2
C00855,2025-09,34085.2
C00855,2025-10,34085.2
C00855,2025-11,34085.2
C00855,2025-12,34085.2
C00855,2026-01,34085.2
C00855,2026-02,34085.2
C00855,2026-03,34085.2
C00855,2026-04,34085.2
C00855,2026-05,34085.2
C00855,2026-06,34085.2
C00856,2025-01,41217.7
C00856,2025-02,41217.7
C00856,2025-03,41217.7
C00856,2025-04,41217.7
C00856,2025-05,41217.7
C00856,2025-06,41217.7
C00856,2025-07,41217.7
C00856,2025-08,41217.7
C00856,2025-09,43701.35
C00856,2025-10,43701.35
C00856,2025-11,43701.35
C00856,2025-12,43701.35
C00856,2026-01,43701.35
C00856,2026-02,43701.35
C00856,2026-03,43701.35
C00856,2026-04,43701.35
C00856,2026-05,43701.35
C00856,2026-06,43701.35
C00857,2025-01,2447.71
C00857,2025-02,2447.71
C00857,2025-03,2447.71
C00857,2025-04,2447.71
C00857,2025-05,2447.71
C00857,2025-06,2447.71
C00857,2025-07,2803.69
C00857,2025-08,2803.69
C00857,2025-09,2803.69
C00857,2025-10,2803.69
C00857,2025-11,2803.69
C00857,2025-12,2803.69
C00857,2026-01,2803.69
C00857,2026-02,2803.69
C00857,2026-03,2803.69
C00857,2026-04,2803.69
C00857,2026-05,2803.69
C00857,2026-06,2803.69
C00858,2025-01,225323.04
C00858,2025-02,225323.04
C00858,2025-03,225323.04
C00858,2025-04,225323.04
C00858,2025-05,298969.79
C00858,2025-06,298969.79
C00858,2025-07,298969.79
C00858,2025-08,298969.79
C00858,2025-09,298969.79
C00858,2025-10,298969.79
C00858,2025-11,298969.79
C00858,2025-12,298969.79
C00858,2026-01,298969.79
C00858,2026-02,298969.79
C00858,2026-03,298969.79
C00858,2026-04,298969.79
C00858,2026-05,298969.79
C00858,2026-06,298969.79
C00859,2025-01,6862.17
C00859,2025-02,6862.17
C00859,2025-03,6862.17
C00859,2025-04,6862.17
C00860,2025-01,10600.15
C00860,2025-02,10600.15
C00860,2025-03,10600.15
C00860,2025-04,10600.15
C00860,2025-05,10600.15
C00860,2025-06,10600.15
C00861,2025-01,55809.19
C00861,2025-02,55809.19
C00861,2025-03,55809.19
C00861,2025-04,55809.19
C00861,2025-05,55809.19
C00861,2025-06,55809.19
C00861,2025-07,55809.19
C00861,2025-08,55809.19
C00861,2025-09,55809.19
C00861,2025-10,55809.19
C00861,2025-11,55809.19
C00861,2025-12,55809.19
C00861,2026-01,55809.19
C00861,2026-02,55809.19
C00861,2026-03,55809.19
C00861,2026-04,55809.19
C00861,2026-05,55809.19
C00861,2026-06,55809.19
C00862,2025-01,8980.92
C00862,2025-02,8980.92
C00863,2025-01,2280.62
C00863,2025-02,2280.62
C00863,2025-03,2280.62
C00863,2025-04,2280.62
C00863,2025-05,2280.62
C00863,2025-06,2280.62
C00863,2025-07,2280.62
C00863,2025-08,2280.62
C00863,2025-09,2280.62
C00863,2025-10,2280.62
C00863,2025-11,2280.62
C00863,2025-12,2280.62
C00863,2026-01,2280.62
C00863,2026-02,2280.62
C00863,2026-03,2280.62
C00863,2026-04,2280.62
C00863,2026-05,2280.62
C00863,2026-06,2280.62
C00864,2025-01,42471.76
C00864,2025-02,42471.76
C00864,2025-03,42471.76
C00864,2025-04,42471.76
C00864,2025-05,42471.76
C00864,2025-06,42471.76
C00864,2025-07,42471.76
C00864,2025-08,42471.76
C00864,2025-09,42471.76
C00864,2025-10,42471.76
C00864,2025-11,42471.76
C00864,2025-12,42471.76
C00864,2026-01,42471.76
C00864,2026-02,42471.76
C00864,2026-03,42471.76
C00864,2026-04,42471.76
C00864,2026-05,42471.76
C00864,2026-06,42471.76
C00865,2025-01,17664.07
C00865,2025-02,17664.07
C00865,2025-03,17664.07
C00865,2025-04,17664.07
C00865,2025-05,17664.07
C00865,2025-06,17664.07
C00865,2025-07,17664.07
C00865,2025-08,17664.07
C00865,2025-09,17664.07
C00865,2025-10,17664.07
C00865,2025-11,17664.07
C00865,2025-12,17664.07
C00865,2026-01,17664.07
C00865,2026-02,17664.07
C00865,2026-03,17664.07
C00865,2026-04,17664.07
C00865,2026-05,17664.07
C00865,2026-06,17664.07
C00866,2025-01,57731.95
C00866,2025-02,57731.95
C00866,2025-03,57731.95
C00866,2025-04,57731.95
C00866,2025-05,57731.95
C00866,2025-06,57731.95
C00866,2025-07,57731.95
C00866,2025-08,57731.95
C00866,2025-09,57731.95
C00866,2025-10,57731.95
C00866,2025-11,57731.95
C00866,2025-12,57731.95
C00866,2026-01,57731.95
C00866,2026-02,57731.95
C00866,2026-03,57731.95
C00866,2026-04,57731.95
C00866,2026-05,57731.95
C00866,2026-06,57731.95
C00867,2025-01,11176.32
C00867,2025-02,11176.32
C00867,2025-03,11176.32
C00867,2025-04,11176.32
C00867,2025-05,11176.32
C00867,2025-06,11176.32
C00867,2025-07,11176.32
C00867,2025-08,11176.32
C00867,2025-09,11176.32
C00867,2025-10,11176.32
C00867,2025-11,11176.32
C00867,2025-12,11176.32
C00867,2026-01,11176.32
C00867,2026-02,11176.32
C00867,2026-03,11176.32
C00867,2026-04,11176.32
C00867,2026-05,11176.32
C00867,2026-06,11176.32
C00868,2025-01,81242.0
C00868,2025-02,81242.0
C00868,2025-03,81242.0
C00868,2025-04,81242.0
C00868,2025-05,81242.0
C00868,2025-06,81242.0
C00868,2025-07,81242.0
C00868,2025-08,81242.0
C00868,2025-09,81242.0
C00868,2025-10,81242.0
C00868,2025-11,81242.0
C00868,2025-12,81242.0
C00868,2026-01,81242.0
C00868,2026-02,81242.0
C00868,2026-03,81242.0
C00868,2026-04,81242.0
C00868,2026-05,81242.0
C00868,2026-06,81242.0
C00869,2025-01,25267.31
C00869,2025-02,18627.48
C00869,2025-03,18627.48
C00869,2025-04,18627.48
C00869,2025-05,18627.48
C00869,2025-06,18627.48
C00869,2025-07,18627.48
C00869,2025-08,18627.48
C00869,2025-09,18627.48
C00869,2025-10,18627.48
C00869,2025-11,18627.48
C00869,2025-12,18627.48
C00869,2026-01,18627.48
C00869,2026-02,18627.48
C00869,2026-03,18627.48
C00869,2026-04,18627.48
C00869,2026-05,18627.48
C00869,2026-06,18627.48
C00870,2025-01,31481.13
C00870,2025-02,31481.13
C00870,2025-03,31481.13
C00870,2025-04,31481.13
C00870,2025-05,31481.13
C00870,2025-06,31481.13
C00870,2025-07,31481.13
C00870,2025-08,31481.13
C00870,2025-09,31481.13
C00870,2025-10,31481.13
C00870,2025-11,31481.13
C00870,2025-12,31481.13
C00870,2026-01,31481.13
C00870,2026-02,31481.13
C00870,2026-03,31481.13
C00870,2026-04,31481.13
C00870,2026-05,31481.13
C00870,2026-06,31481.13
C00871,2025-01,3086.94
C00871,2025-02,3086.94
C00871,2025-03,3086.94
C00871,2025-04,3086.94
C00871,2025-05,3086.94
C00871,2025-06,3086.94
C00871,2025-07,3086.94
C00871,2025-08,3086.94
C00871,2025-09,3086.94
C00871,2025-10,3086.94
C00871,2025-11,3086.94
C00871,2025-12,2556.62
C00871,2026-01,2556.62
C00871,2026-02,2556.62
C00871,2026-03,2556.62
C00871,2026-04,2556.62
C00871,2026-05,2556.62
C00871,2026-06,2556.62
C00872,2025-01,41606.46
C00872,2025-02,41606.46
C00872,2025-03,41606.46
C00872,2025-04,41606.46
C00872,2025-05,41606.46
C00872,2025-06,41606.46
C00872,2025-07,41606.46
C00872,2025-08,41606.46
C00872,2025-09,41606.46
C00872,2025-10,41606.46
C00872,2025-11,41606.46
C00872,2025-12,41606.46
C00872,2026-01,41606.46
C00872,2026-02,41606.46
C00872,2026-03,41606.46
C00872,2026-04,41606.46
C00872,2026-05,41606.46
C00872,2026-06,41606.46
C00873,2025-01,5524.41
C00873,2025-02,5524.41
C00873,2025-03,5524.41
C00873,2025-04,5524.41
C00873,2025-05,5524.41
C00873,2025-06,5524.41
C00873,2025-07,5524.41
C00873,2025-08,5524.41
C00873,2025-09,5524.41
C00873,2025-10,5524.41
C00873,2025-11,5524.41
C00873,2025-12,5524.41
C00873,2026-01,5524.41
C00873,2026-02,5524.41
C00873,2026-03,5524.41
C00873,2026-04,5524.41
C00873,2026-05,5524.41
C00873,2026-06,5524.41
C00874,2025-02,2905.91
C00874,2025-03,2905.91
C00874,2025-04,2905.91
C00874,2025-05,2905.91
C00874,2025-06,2905.91
C00874,2025-07,2905.91
C00874,2025-08,2905.91
C00874,2025-09,2905.91
C00874,2025-10,2905.91
C00874,2025-11,2905.91
C00874,2025-12,2905.91
C00874,2026-01,2905.91
C00874,2026-02,2905.91
C00874,2026-03,2905.91
C00874,2026-04,2905.91
C00874,2026-05,2905.91
C00874,2026-06,2905.91
C00875,2025-02,183623.14
C00875,2025-03,183623.14
C00875,2025-04,183623.14
C00875,2025-05,183623.14
C00875,2025-06,183623.14
C00875,2025-07,183623.14
C00875,2025-08,183623.14
C00875,2025-09,183623.14
C00875,2025-10,183623.14
C00875,2025-11,183623.14
C00875,2025-12,183623.14
C00875,2026-01,183623.14
C00875,2026-02,183623.14
C00875,2026-03,183623.14
C00875,2026-04,183623.14
C00875,2026-05,183623.14
C00875,2026-06,183623.14
C00876,2025-02,4345.52
C00876,2025-03,4345.52
C00877,2025-02,4865.11
C00877,2025-03,4865.11
C00877,2025-04,4865.11
C00877,2025-05,4865.11
C00877,2025-06,4865.11
C00877,2025-07,4865.11
C00877,2025-08,4865.11
C00877,2025-09,4865.11
C00877,2025-10,4865.11
C00877,2025-11,4865.11
C00877,2025-12,4865.11
C00877,2026-01,4865.11
C00877,2026-02,4865.11
C00877,2026-03,4865.11
C00877,2026-04,4865.11
C00877,2026-05,4865.11
C00877,2026-06,4865.11
C00878,2025-02,59761.53
C00878,2025-03,59761.53
C00878,2025-04,59761.53
C00878,2025-05,59761.53
C00878,2025-06,59761.53
C00878,2025-07,59761.53
C00878,2025-08,59761.53
C00878,2025-09,59761.53
C00878,2025-10,59761.53
C00878,2025-11,59761.53
C00878,2025-12,59761.53
C00878,2026-01,59761.53
C00878,2026-02,59761.53
C00878,2026-03,59761.53
C00878,2026-04,59761.53
C00878,2026-05,59761.53
C00878,2026-06,59761.53
C00879,2025-02,3079.8
C00879,2025-03,3079.8
C00879,2025-04,3079.8
C00879,2025-05,3079.8
C00879,2025-06,3079.8
C00879,2025-07,3079.8
C00879,2025-08,3079.8
C00879,2025-09,3079.8
C00879,2025-10,3079.8
C00879,2025-11,3079.8
C00879,2025-12,3079.8
C00879,2026-01,3079.8
C00879,2026-02,3079.8
C00879,2026-03,3079.8
C00879,2026-04,3079.8
C00879,2026-05,3079.8
C00879,2026-06,3079.8
C00880,2025-02,4658.71
C00881,2025-02,5130.87
C00881,2025-03,5130.87
C00881,2025-04,5130.87
C00881,2025-05,6767.59
C00881,2025-06,6767.59
C00881,2025-07,6767.59
C00881,2025-08,6767.59
C00881,2025-09,6767.59
C00881,2025-10,6767.59
C00882,2025-02,52344.43
C00882,2025-03,52344.43
C00882,2025-04,52344.43
C00882,2025-05,52344.43
C00882,2025-06,52344.43
C00882,2025-07,52344.43
C00882,2025-08,52344.43
C00882,2025-09,52344.43
C00882,2025-10,52344.43
C00882,2025-11,52344.43
C00882,2025-12,52344.43
C00882,2026-01,52344.43
C00882,2026-02,52344.43
C00882,2026-03,52344.43
C00882,2026-04,52344.43
C00882,2026-05,52344.43
C00882,2026-06,52344.43
C00883,2025-02,24525.56
C00883,2025-03,24525.56
C00883,2025-04,24525.56
C00883,2025-05,24525.56
C00883,2025-06,24525.56
C00883,2025-07,24525.56
C00883,2025-08,24525.56
C00883,2025-09,24525.56
C00884,2025-02,1841.55
C00884,2025-03,1841.55
C00884,2025-04,1841.55
C00884,2025-05,1841.55
C00884,2025-06,1841.55
C00884,2025-07,1841.55
C00884,2025-08,1841.55
C00884,2025-09,1841.55
C00884,2025-10,1841.55
C00884,2025-11,1841.55
C00884,2025-12,1841.55
C00884,2026-01,1841.55
C00884,2026-02,1841.55
C00884,2026-03,1841.55
C00884,2026-04,1841.55
C00884,2026-05,1841.55
C00884,2026-06,1841.55
C00885,2025-02,56300.32
C00885,2025-03,56300.32
C00885,2025-04,56300.32
C00885,2025-05,56300.32
C00885,2025-06,56300.32
C00885,2025-07,56300.32
C00885,2025-08,56300.32
C00885,2025-09,56300.32
C00885,2025-10,56300.32
C00885,2025-11,56300.32
C00885,2025-12,56300.32
C00885,2026-01,56300.32
C00885,2026-02,56300.32
C00885,2026-03,56300.32
C00885,2026-04,71203.97
C00885,2026-05,71203.97
C00885,2026-06,71203.97
C00886,2025-02,3089.31
C00886,2025-03,3089.31
C00886,2025-04,3089.31
C00886,2025-05,3089.31
C00886,2025-06,3089.31
C00886,2025-07,3089.31
C00886,2025-08,3089.31
C00886,2025-09,3089.31
C00886,2025-10,3089.31
C00886,2025-11,3089.31
C00886,2025-12,3089.31
C00886,2026-01,3089.31
C00886,2026-02,3089.31
C00886,2026-03,3089.31
C00886,2026-04,3089.31
C00886,2026-05,3089.31
C00886,2026-06,3089.31
C00887,2025-02,40490.86
C00887,2025-03,40490.86
C00887,2025-04,40490.86
C00887,2025-05,40490.86
C00887,2025-06,40490.86
C00887,2025-07,40490.86
C00887,2025-08,40490.86
C00887,2025-09,40490.86
C00887,2025-10,40490.86
C00887,2025-11,40490.86
C00887,2025-12,40490.86
C00887,2026-01,40490.86
C00887,2026-02,40490.86
C00887,2026-03,40490.86
C00887,2026-04,40490.86
C00887,2026-05,40490.86
C00887,2026-06,40490.86
C00888,2025-02,195585.82
C00888,2025-03,195585.82
C00888,2025-04,195585.82
C00888,2025-05,195585.82
C00888,2025-06,195585.82
C00888,2025-07,195585.82
C00888,2025-08,195585.82
C00888,2025-09,195585.82
C00888,2025-10,219953.93
C00888,2025-11,219953.93
C00888,2025-12,219953.93
C00888,2026-01,219953.93
C00888,2026-02,219953.93
C00888,2026-03,219953.93
C00888,2026-04,219953.93
C00888,2026-05,275366.03
C00888,2026-06,275366.03
C00889,2025-02,7775.66
C00889,2025-03,7775.66
C00889,2025-04,7775.66
C00889,2025-05,7775.66
C00889,2025-06,7775.66
C00889,2025-07,7775.66
C00889,2025-08,7775.66
C00889,2025-09,7775.66
C00889,2025-10,7775.66
C00889,2025-11,7775.66
C00889,2025-12,7775.66
C00889,2026-01,7775.66
C00889,2026-02,7775.66
C00889,2026-03,7775.66
C00889,2026-04,7775.66
C00889,2026-05,7775.66
C00889,2026-06,7775.66
C00890,2025-02,3870.58
C00890,2025-03,3870.58
C00890,2025-04,3870.58
C00890,2025-05,3870.58
C00890,2025-06,3870.58
C00890,2025-07,3870.58
C00890,2025-08,3870.58
C00890,2025-09,3870.58
C00890,2025-10,3870.58
C00890,2025-11,3870.58
C00890,2025-12,3870.58
C00890,2026-01,3870.58
C00890,2026-02,3870.58
C00890,2026-03,3870.58
C00891,2025-02,44048.07
C00891,2025-03,44048.07
C00891,2025-04,44048.07
C00891,2025-05,44048.07
C00891,2025-06,44048.07
C00891,2025-07,44048.07
C00891,2025-08,44048.07
C00891,2025-09,31085.12
C00891,2025-10,31085.12
C00891,2025-11,31085.12
C00891,2025-12,31085.12
C00891,2026-01,31085.12
C00891,2026-02,31085.12
C00891,2026-03,31085.12
C00891,2026-04,31085.12
C00891,2026-05,31085.12
C00891,2026-06,31085.12
C00892,2025-02,6087.9
C00892,2025-03,6087.9
C00892,2025-04,6087.9
C00892,2025-05,6087.9
C00892,2025-06,6087.9
C00892,2025-07,6087.9
C00892,2025-08,6087.9
C00892,2025-09,6087.9
C00892,2025-10,6087.9
C00892,2025-11,6087.9
C00892,2025-12,6087.9
C00892,2026-01,6087.9
C00892,2026-02,6087.9
C00892,2026-03,6087.9
C00892,2026-04,6087.9
C00892,2026-05,6087.9
C00892,2026-06,6087.9
C00893,2025-02,213002.57
C00893,2025-03,213002.57
C00893,2025-04,213002.57
C00893,2025-05,213002.57
C00893,2025-06,213002.57
C00893,2025-07,213002.57
C00893,2025-08,213002.57
C00893,2025-09,213002.57
C00893,2025-10,213002.57
C00893,2025-11,213002.57
C00893,2025-12,213002.57
C00893,2026-01,213002.57
C00893,2026-02,213002.57
C00893,2026-03,213002.57
C00893,2026-04,213002.57
C00893,2026-05,213002.57
C00893,2026-06,213002.57
C00894,2025-02,5097.26
C00894,2025-03,5097.26
C00894,2025-04,5097.26
C00894,2025-05,5097.26
C00894,2025-06,5097.26
C00894,2025-07,5097.26
C00894,2025-08,5097.26
C00894,2025-09,5097.26
C00894,2025-10,5097.26
C00894,2025-11,5097.26
C00894,2025-12,5097.26
C00894,2026-01,5097.26
C00895,2025-02,31551.62
C00895,2025-03,31551.62
C00895,2025-04,31551.62
C00895,2025-05,31551.62
C00895,2025-06,31551.62
C00895,2025-07,31551.62
C00895,2025-08,31551.62
C00895,2025-09,31551.62
C00895,2025-10,31551.62
C00895,2025-11,31551.62
C00895,2025-12,31551.62
C00895,2026-01,31551.62
C00895,2026-02,31551.62
C00895,2026-03,31551.62
C00895,2026-04,31551.62
C00895,2026-05,31551.62
C00895,2026-06,31551.62
C00896,2025-02,54631.21
C00896,2025-03,54631.21
C00896,2025-04,54631.21
C00896,2025-05,54631.21
C00896,2025-06,54631.21
C00896,2025-07,54631.21
C00896,2025-08,54631.21
C00896,2025-09,54631.21
C00896,2025-10,54631.21
C00896,2025-11,54631.21
C00896,2025-12,54631.21
C00896,2026-01,54631.21
C00896,2026-02,54631.21
C00896,2026-03,54631.21
C00896,2026-04,54631.21
C00896,2026-05,54631.21
C00896,2026-06,54631.21
C00897,2025-02,10510.86
C00897,2025-03,10510.86
C00897,2025-04,10510.86
C00897,2025-05,10510.86
C00897,2025-06,10510.86
C00897,2025-07,10510.86
C00897,2025-08,10510.86
C00897,2025-09,10510.86
C00898,2025-02,9223.73
C00898,2025-03,9223.73
C00898,2025-04,9223.73
C00898,2025-05,9223.73
C00898,2025-06,9223.73
C00898,2025-07,9223.73
C00898,2025-08,9223.73
C00898,2025-09,9223.73
C00898,2025-10,9223.73
C00898,2025-11,9223.73
C00898,2025-12,9223.73
C00898,2026-01,9223.73
C00898,2026-02,9223.73
C00898,2026-03,9223.73
C00898,2026-04,9223.73
C00898,2026-05,9223.73
C00898,2026-06,9223.73
C00899,2025-02,36585.19
C00899,2025-03,36585.19
C00899,2025-04,36585.19
C00899,2025-05,36585.19
C00899,2025-06,36585.19
C00899,2025-07,36585.19
C00899,2025-08,36585.19
C00900,2025-02,5318.68
C00900,2025-03,5318.68
C00900,2025-04,5318.68
C00900,2025-05,5318.68
C00900,2025-06,5318.68
C00900,2025-07,5318.68
C00900,2025-08,5318.68
C00900,2025-09,5318.68
C00900,2025-10,5318.68
C00900,2025-11,5318.68
C00900,2025-12,5318.68
C00900,2026-01,5318.68
C00900,2026-02,5318.68
C00900,2026-03,5318.68
C00900,2026-04,5318.68
C00900,2026-05,5318.68
C00900,2026-06,5318.68
C00901,2025-02,7003.28
C00901,2025-03,7003.28
C00901,2025-04,7003.28
C00901,2025-05,7003.28
C00901,2025-06,7003.28
C00901,2025-07,7003.28
C00901,2025-08,7003.28
C00901,2025-09,7003.28
C00901,2025-10,7003.28
C00901,2025-11,7003.28
C00901,2025-12,7003.28
C00901,2026-01,7003.28
C00901,2026-02,7003.28
C00901,2026-03,7003.28
C00901,2026-04,7003.28
C00901,2026-05,7003.28
C00901,2026-06,7003.28
C00902,2025-03,3232.39
C00902,2025-04,3232.39
C00902,2025-05,3232.39
C00902,2025-06,3232.39
C00902,2025-07,3232.39
C00902,2025-08,3232.39
C00902,2025-09,3232.39
C00902,2025-10,3232.39
C00902,2025-11,3232.39
C00902,2025-12,3232.39
C00902,2026-01,3232.39
C00902,2026-02,3232.39
C00902,2026-03,3232.39
C00902,2026-04,3232.39
C00902,2026-05,3232.39
C00902,2026-06,3232.39
C00903,2025-03,6326.82
C00903,2025-04,6326.82
C00903,2025-05,6326.82
C00903,2025-06,6326.82
C00903,2025-07,6326.82
C00903,2025-08,6326.82
C00903,2025-09,6326.82
C00903,2025-10,6326.82
C00903,2025-11,6326.82
C00903,2025-12,6326.82
C00903,2026-01,6326.82
C00903,2026-02,6326.82
C00903,2026-03,6326.82
C00903,2026-04,6326.82
C00903,2026-05,6326.82
C00903,2026-06,6326.82
C00904,2025-03,26097.47
C00904,2025-04,26097.47
C00904,2025-05,26097.47
C00904,2025-06,26097.47
C00904,2025-07,26097.47
C00904,2025-08,26097.47
C00904,2025-09,26097.47
C00904,2025-10,26097.47
C00904,2025-11,26097.47
C00904,2025-12,26097.47
C00904,2026-01,26097.47
C00904,2026-02,27501.19
C00904,2026-03,27501.19
C00904,2026-04,27501.19
C00904,2026-05,27501.19
C00904,2026-06,27501.19
C00905,2025-03,8468.44
C00905,2025-04,8468.44
C00905,2025-05,8468.44
C00905,2025-06,8468.44
C00905,2025-07,8468.44
C00905,2025-08,8468.44
C00905,2025-09,8468.44
C00905,2025-10,8468.44
C00905,2025-11,8468.44
C00905,2025-12,8468.44
C00905,2026-01,8468.44
C00905,2026-02,8468.44
C00905,2026-03,8468.44
C00905,2026-04,8468.44
C00905,2026-05,7440.29
C00905,2026-06,7440.29
C00906,2025-03,73172.61
C00906,2025-04,73172.61
C00906,2025-05,73172.61
C00906,2025-06,73172.61
C00906,2025-07,73172.61
C00906,2025-08,73172.61
C00906,2025-09,73172.61
C00906,2025-10,73172.61
C00906,2025-11,73172.61
C00906,2025-12,73172.61
C00906,2026-01,92560.77
C00906,2026-02,92560.77
C00906,2026-03,92560.77
C00906,2026-04,65987.16
C00906,2026-05,65987.16
C00906,2026-06,65987.16
C00907,2025-03,47513.92
C00907,2025-04,47513.92
C00907,2025-05,47513.92
C00907,2025-06,47513.92
C00907,2025-07,47513.92
C00907,2025-08,56606.41
C00907,2025-09,56606.41
C00907,2025-10,56606.41
C00907,2025-11,56606.41
C00907,2025-12,56606.41
C00907,2026-01,56606.41
C00907,2026-02,56606.41
C00907,2026-03,56606.41
C00907,2026-04,56606.41
C00907,2026-05,56606.41
C00907,2026-06,56606.41
C00908,2025-03,10606.62
C00908,2025-04,10606.62
C00908,2025-05,10606.62
C00908,2025-06,10606.62
C00908,2025-07,10606.62
C00908,2025-08,10606.62
C00908,2025-09,10606.62
C00908,2025-10,10606.62
C00908,2025-11,10606.62
C00908,2025-12,10606.62
C00908,2026-01,10606.62
C00908,2026-02,10606.62
C00908,2026-03,10606.62
C00908,2026-04,10606.62
C00908,2026-05,10606.62
C00908,2026-06,10606.62
C00909,2025-03,30844.29
C00909,2025-04,30844.29
C00909,2025-05,30844.29
C00909,2025-06,30844.29
C00909,2025-07,30844.29
C00909,2025-08,30844.29
C00909,2025-09,30844.29
C00909,2025-10,30844.29
C00909,2025-11,30844.29
C00909,2025-12,30844.29
C00909,2026-01,30844.29
C00909,2026-02,30844.29
C00909,2026-03,30844.29
C00909,2026-04,30844.29
C00909,2026-05,30844.29
C00909,2026-06,30844.29
C00910,2025-03,134205.2
C00910,2025-04,134205.2
C00910,2025-05,134205.2
C00910,2025-06,134205.2
C00910,2025-07,134205.2
C00910,2025-08,167397.03
C00910,2025-09,167397.03
C00910,2025-10,167397.03
C00910,2025-11,167397.03
C00910,2025-12,167397.03
C00910,2026-01,167397.03
C00910,2026-02,167397.03
C00910,2026-03,167397.03
C00910,2026-04,167397.03
C00910,2026-05,167397.03
C00910,2026-06,167397.03
C00911,2025-03,7617.13
C00911,2025-04,7617.13
C00911,2025-05,7617.13
C00911,2025-06,7617.13
C00911,2025-07,7617.13
C00911,2025-08,7617.13
C00911,2025-09,7617.13
C00911,2025-10,7617.13
C00911,2025-11,7617.13
C00911,2025-12,7617.13
C00911,2026-01,7617.13
C00911,2026-02,7617.13
C00911,2026-03,7617.13
C00911,2026-04,7617.13
C00911,2026-05,7617.13
C00911,2026-06,7617.13
C00912,2025-03,10692.23
C00912,2025-04,10692.23
C00912,2025-05,10692.23
C00912,2025-06,10692.23
C00912,2025-07,10692.23
C00912,2025-08,10692.23
C00912,2025-09,10692.23
C00912,2025-10,10692.23
C00912,2025-11,10692.23
C00912,2025-12,10692.23
C00912,2026-01,10692.23
C00912,2026-02,10692.23
C00912,2026-03,10692.23
C00912,2026-04,10692.23
C00912,2026-05,10692.23
C00912,2026-06,10692.23
C00913,2025-03,7224.51
C00913,2025-04,7224.51
C00913,2025-05,7224.51
C00913,2025-06,7224.51
C00913,2025-07,7224.51
C00913,2025-08,7224.51
C00913,2025-09,7224.51
C00913,2025-10,7224.51
C00913,2025-11,7224.51
C00913,2025-12,7224.51
C00913,2026-01,7224.51
C00913,2026-02,7224.51
C00913,2026-03,7224.51
C00913,2026-04,7224.51
C00913,2026-05,7224.51
C00913,2026-06,7224.51
C00914,2025-03,2753.16
C00915,2025-03,8967.31
C00915,2025-04,8967.31
C00915,2025-05,8967.31
C00915,2025-06,8967.31
C00915,2025-07,8967.31
C00915,2025-08,8967.31
C00915,2025-09,8967.31
C00915,2025-10,8967.31
C00915,2025-11,8967.31
C00915,2025-12,8967.31
C00915,2026-01,8967.31
C00915,2026-02,8967.31
C00915,2026-03,8967.31
C00916,2025-03,8454.9
C00916,2025-04,8454.9
C00916,2025-05,8454.9
C00916,2025-06,8454.9
C00916,2025-07,8454.9
C00916,2025-08,8454.9
C00916,2025-09,8454.9
C00916,2025-10,8454.9
C00916,2025-11,8454.9
C00916,2025-12,8454.9
C00916,2026-01,8454.9
C00916,2026-02,8454.9
C00916,2026-03,8454.9
C00916,2026-04,8454.9
C00916,2026-05,8454.9
C00916,2026-06,8454.9
C00917,2025-03,9521.66
C00917,2025-04,9521.66
C00917,2025-05,9521.66
C00917,2025-06,9521.66
C00917,2025-07,9521.66
C00917,2025-08,9521.66
C00917,2025-09,9521.66
C00917,2025-10,9521.66
C00917,2025-11,9521.66
C00917,2025-12,9521.66
C00917,2026-01,9521.66
C00917,2026-02,9521.66
C00917,2026-03,9521.66
C00917,2026-04,9521.66
C00917,2026-05,9521.66
C00917,2026-06,9521.66
C00918,2025-03,8315.28
C00918,2025-04,8315.28
C00918,2025-05,8315.28
C00918,2025-06,8315.28
C00918,2025-07,8315.28
C00918,2025-08,8315.28
C00918,2025-09,8315.28
C00918,2025-10,8315.28
C00918,2025-11,8315.28
C00918,2025-12,8315.28
C00918,2026-01,8315.28
C00918,2026-02,8315.28
C00918,2026-03,8315.28
C00918,2026-04,8315.28
C00918,2026-05,7203.65
C00918,2026-06,7203.65
C00919,2025-03,5680.46
C00919,2025-04,5680.46
C00919,2025-05,5680.46
C00919,2025-06,5680.46
C00919,2025-07,5680.46
C00919,2025-08,5097.79
C00919,2025-09,5097.79
C00919,2025-10,5097.79
C00919,2025-11,5097.79
C00919,2025-12,5097.79
C00919,2026-01,5097.79
C00919,2026-02,5097.79
C00919,2026-03,5097.79
C00919,2026-04,5097.79
C00919,2026-05,5097.79
C00919,2026-06,5097.79
C00920,2025-03,39710.85
C00920,2025-04,39710.85
C00920,2025-05,39710.85
C00920,2025-06,39710.85
C00920,2025-07,39710.85
C00920,2025-08,39710.85
C00920,2025-09,39710.85
C00920,2025-10,39710.85
C00920,2025-11,39710.85
C00920,2025-12,39710.85
C00920,2026-01,39710.85
C00920,2026-02,39710.85
C00920,2026-03,39710.85
C00920,2026-04,39710.85
C00920,2026-05,39710.85
C00920,2026-06,39710.85
C00921,2025-03,141809.92
C00921,2025-04,141809.92
C00921,2025-05,141809.92
C00921,2025-06,141809.92
C00921,2025-07,141809.92
C00921,2025-08,141809.92
C00921,2025-09,141809.92
C00921,2025-10,141809.92
C00921,2025-11,141809.92
C00921,2025-12,158775.84
C00921,2026-01,158775.84
C00921,2026-02,158775.84
C00921,2026-03,142669.83
C00921,2026-04,142669.83
C00921,2026-05,142669.83
C00921,2026-06,142669.83
C00922,2025-03,157598.14
C00922,2025-04,157598.14
C00922,2025-05,157598.14
C00922,2025-06,157598.14
C00922,2025-07,157598.14
C00922,2025-08,157598.14
C00922,2025-09,157598.14
C00922,2025-10,157598.14
C00922,2025-11,157598.14
C00922,2025-12,157598.14
C00922,2026-01,157598.14
C00922,2026-02,205974.39
C00922,2026-03,205974.39
C00922,2026-04,205974.39
C00922,2026-05,205974.39
C00922,2026-06,205974.39
C00923,2025-03,5758.33
C00923,2025-04,5758.33
C00923,2025-05,5758.33
C00923,2025-06,5758.33
C00923,2025-07,5758.33
C00923,2025-08,5758.33
C00923,2025-09,5758.33
C00923,2025-10,5758.33
C00923,2025-11,5758.33
C00923,2025-12,5758.33
C00923,2026-01,5758.33
C00923,2026-02,5758.33
C00923,2026-03,5758.33
C00923,2026-04,5758.33
C00923,2026-05,5758.33
C00923,2026-06,5758.33
C00924,2025-03,52062.02
C00924,2025-04,52062.02
C00924,2025-05,52062.02
C00924,2025-06,52062.02
C00924,2025-07,52062.02
C00924,2025-08,52062.02
C00924,2025-09,52062.02
C00924,2025-10,52062.02
C00924,2025-11,52062.02
C00924,2025-12,52062.02
C00924,2026-01,52062.02
C00924,2026-02,52062.02
C00924,2026-03,52062.02
C00924,2026-04,52062.02
C00924,2026-05,52062.02
C00924,2026-06,52062.02
C00925,2025-03,7334.08
C00925,2025-04,7334.08
C00925,2025-05,7334.08
C00925,2025-06,7334.08
C00925,2025-07,7334.08
C00925,2025-08,7334.08
C00925,2025-09,7334.08
C00925,2025-10,7334.08
C00925,2025-11,7334.08
C00925,2025-12,7334.08
C00925,2026-01,7334.08
C00925,2026-02,7334.08
C00925,2026-03,7334.08
C00925,2026-04,7334.08
C00925,2026-05,7334.08
C00925,2026-06,7334.08
C00926,2025-03,39273.25
C00926,2025-04,39273.25
C00926,2025-05,39273.25
C00926,2025-06,39273.25
C00926,2025-07,39273.25
C00926,2025-08,39273.25
C00926,2025-09,39273.25
C00926,2025-10,39273.25
C00926,2025-11,39273.25
C00926,2025-12,39273.25
C00926,2026-01,39273.25
C00926,2026-02,39273.25
C00926,2026-03,39273.25
C00926,2026-04,39273.25
C00926,2026-05,39273.25
C00926,2026-06,39273.25
C00927,2025-03,7195.57
C00927,2025-04,7195.57
C00927,2025-05,7195.57
C00927,2025-06,7195.57
C00927,2025-07,7195.57
C00927,2025-08,7195.57
C00927,2025-09,7195.57
C00927,2025-10,7195.57
C00927,2025-11,7195.57
C00927,2025-12,7195.57
C00927,2026-01,7195.57
C00927,2026-02,7195.57
C00927,2026-03,7195.57
C00927,2026-04,7195.57
C00927,2026-05,7195.57
C00927,2026-06,7195.57
C00928,2025-03,5708.72
C00928,2025-04,5708.72
C00928,2025-05,5708.72
C00928,2025-06,5708.72
C00928,2025-07,5708.72
C00928,2025-08,5708.72
C00928,2025-09,5708.72
C00928,2025-10,5708.72
C00928,2025-11,5708.72
C00928,2025-12,5708.72
C00928,2026-01,5708.72
C00928,2026-02,5708.72
C00928,2026-03,5708.72
C00929,2025-03,55227.57
C00929,2025-04,55227.57
C00929,2025-05,55227.57
C00929,2025-06,46036.98
C00929,2025-07,46036.98
C00929,2025-08,46036.98
C00929,2025-09,46036.98
C00929,2025-10,46036.98
C00929,2025-11,46036.98
C00929,2025-12,46036.98
C00929,2026-01,46036.98
C00929,2026-02,46036.98
C00929,2026-03,46036.98
C00929,2026-04,46036.98
C00929,2026-05,46036.98
C00929,2026-06,46036.98
C00930,2025-03,10351.98
C00930,2025-04,10351.98
C00930,2025-05,10351.98
C00930,2025-06,10351.98
C00930,2025-07,10351.98
C00930,2025-08,10351.98
C00930,2025-09,10351.98
C00930,2025-10,10351.98
C00930,2025-11,10351.98
C00930,2025-12,10351.98
C00930,2026-01,10351.98
C00930,2026-02,10351.98
C00930,2026-03,10351.98
C00930,2026-04,10351.98
C00930,2026-05,10351.98
C00930,2026-06,10351.98
C00931,2025-03,9825.89
C00931,2025-04,9825.89
C00931,2025-05,9825.89
C00931,2025-06,9825.89
C00931,2025-07,9825.89
C00931,2025-08,9825.89
C00931,2025-09,9825.89
C00931,2025-10,9825.89
C00931,2025-11,9825.89
C00931,2025-12,9825.89
C00931,2026-01,9825.89
C00931,2026-02,9825.89
C00931,2026-03,9825.89
C00931,2026-04,9825.89
C00931,2026-05,9825.89
C00931,2026-06,9825.89
C00932,2025-03,5470.16
C00932,2025-04,5470.16
C00932,2025-05,5470.16
C00932,2025-06,5470.16
C00932,2025-07,5470.16
C00932,2025-08,5470.16
C00932,2025-09,5470.16
C00932,2025-10,5470.16
C00933,2025-03,1841.87
C00933,2025-04,1841.87
C00933,2025-05,1841.87
C00933,2025-06,1841.87
C00933,2025-07,1841.87
C00933,2025-08,1841.87
C00933,2025-09,1841.87
C00933,2025-10,1841.87
C00933,2025-11,1841.87
C00933,2025-12,1841.87
C00933,2026-01,1841.87
C00933,2026-02,1841.87
C00933,2026-03,1841.87
C00933,2026-04,1841.87
C00933,2026-05,1841.87
C00933,2026-06,1841.87
C00934,2025-03,55759.11
C00934,2025-04,55759.11
C00934,2025-05,55759.11
C00934,2025-06,55759.11
C00934,2025-07,55759.11
C00934,2025-08,55759.11
C00934,2025-09,55759.11
C00934,2025-10,55759.11
C00934,2025-11,55759.11
C00934,2025-12,63612.75
C00934,2026-01,63612.75
C00935,2025-03,10341.06
C00935,2025-04,10341.06
C00935,2025-05,10341.06
C00935,2025-06,10341.06
C00935,2025-07,10341.06
C00935,2025-08,10341.06
C00935,2025-09,10341.06
C00935,2025-10,10341.06
C00935,2025-11,10341.06
C00935,2025-12,10341.06
C00935,2026-01,10341.06
C00935,2026-02,10341.06
C00935,2026-03,10341.06
C00936,2025-03,4658.46
C00936,2025-04,4658.46
C00936,2025-05,4658.46
C00936,2025-06,4658.46
C00936,2025-07,4658.46
C00936,2025-08,4658.46
C00936,2025-09,4658.46
C00936,2025-10,4658.46
C00936,2025-11,4658.46
C00936,2025-12,4658.46
C00936,2026-01,4658.46
C00936,2026-02,4658.46
C00936,2026-03,4658.46
C00936,2026-04,4658.46
C00936,2026-05,4658.46
C00936,2026-06,4658.46
C00937,2025-03,35928.88
C00937,2025-04,35928.88
C00937,2025-05,35928.88
C00937,2025-06,35928.88
C00937,2025-07,35928.88
C00937,2025-08,35928.88
C00937,2025-09,35928.88
C00937,2025-10,35928.88
C00937,2025-11,45295.2
C00937,2025-12,33008.94
C00937,2026-01,33008.94
C00937,2026-02,33008.94
C00937,2026-03,33008.94
C00938,2025-03,22214.14
C00938,2025-04,22214.14
C00938,2025-05,22214.14
C00938,2025-06,22214.14
C00938,2025-07,22214.14
C00938,2025-08,22214.14
C00938,2025-09,22214.14
C00938,2025-10,22214.14
C00938,2025-11,22214.14
C00938,2025-12,22214.14
C00938,2026-01,22214.14
C00938,2026-02,22214.14
C00938,2026-03,22214.14
C00938,2026-04,22214.14
C00938,2026-05,22214.14
C00938,2026-06,22214.14
C00939,2025-04,2713.12
C00939,2025-05,2713.12
C00939,2025-06,2713.12
C00939,2025-07,1913.28
C00939,2025-08,1913.28
C00939,2025-09,1913.28
C00939,2025-10,1913.28
C00939,2025-11,1913.28
C00940,2025-04,79985.78
C00940,2025-05,105596.76
C00940,2025-06,105596.76
C00940,2025-07,105596.76
C00940,2025-08,105596.76
C00940,2025-09,105596.76
C00940,2025-10,105596.76
C00940,2025-11,105596.76
C00940,2025-12,105596.76
C00940,2026-01,105596.76
C00940,2026-02,105596.76
C00940,2026-03,105596.76
C00940,2026-04,105596.76
C00940,2026-05,105596.76
C00940,2026-06,105596.76
C00941,2025-04,9743.21
C00941,2025-05,9743.21
C00941,2025-06,9743.21
C00941,2025-07,9743.21
C00941,2025-08,9743.21
C00941,2025-09,9743.21
C00941,2025-10,9743.21
C00941,2025-11,9743.21
C00941,2025-12,9743.21
C00941,2026-01,9743.21
C00941,2026-02,9743.21
C00941,2026-03,9743.21
C00941,2026-04,9743.21
C00941,2026-05,9743.21
C00941,2026-06,9743.21
C00942,2025-04,31913.44
C00942,2025-05,31913.44
C00942,2025-06,31913.44
C00942,2025-07,31913.44
C00942,2025-08,31913.44
C00942,2025-09,31913.44
C00942,2025-10,31913.44
C00942,2025-11,31913.44
C00942,2025-12,31913.44
C00942,2026-01,31913.44
C00942,2026-02,31913.44
C00942,2026-03,31913.44
C00942,2026-04,31913.44
C00942,2026-05,31913.44
C00942,2026-06,31913.44
C00943,2025-04,96794.81
C00943,2025-05,96794.81
C00943,2025-06,96794.81
C00943,2025-07,96794.81
C00943,2025-08,96794.81
C00943,2025-09,96794.81
C00943,2025-10,96794.81
C00943,2025-11,96794.81
C00943,2025-12,96794.81
C00943,2026-01,96794.81
C00943,2026-02,96794.81
C00943,2026-03,96794.81
C00943,2026-04,96794.81
C00943,2026-05,96794.81
C00943,2026-06,96794.81
C00944,2025-04,26857.03
C00944,2025-05,26857.03
C00944,2025-06,26857.03
C00944,2025-07,26857.03
C00944,2025-08,26857.03
C00944,2025-09,26857.03
C00944,2025-10,26857.03
C00944,2025-11,26857.03
C00944,2025-12,26857.03
C00944,2026-01,26857.03
C00944,2026-02,26857.03
C00944,2026-03,26857.03
C00944,2026-04,26857.03
C00944,2026-05,26857.03
C00944,2026-06,26857.03
C00945,2025-04,1998.1
C00945,2025-05,1998.1
C00945,2025-06,1998.1
C00945,2025-07,1998.1
C00945,2025-08,1998.1
C00945,2025-09,1998.1
C00945,2025-10,1998.1
C00945,2025-11,1998.1
C00945,2025-12,1998.1
C00945,2026-01,1998.1
C00945,2026-02,1998.1
C00945,2026-03,1998.1
C00945,2026-04,1998.1
C00945,2026-05,1998.1
C00945,2026-06,1998.1
C00946,2025-04,6309.71
C00946,2025-05,6309.71
C00946,2025-06,6309.71
C00946,2025-07,6309.71
C00946,2025-08,6309.71
C00946,2025-09,6309.71
C00946,2025-10,6309.71
C00946,2025-11,6309.71
C00946,2025-12,6309.71
C00946,2026-01,6309.71
C00946,2026-02,6309.71
C00946,2026-03,6309.71
C00946,2026-04,6309.71
C00946,2026-05,6309.71
C00946,2026-06,6309.71
C00947,2025-04,49860.1
C00947,2025-05,49860.1
C00947,2025-06,49860.1
C00947,2025-07,49860.1
C00947,2025-08,49860.1
C00947,2025-09,49860.1
C00947,2025-10,49860.1
C00947,2025-11,49860.1
C00947,2025-12,49860.1
C00947,2026-01,49860.1
C00947,2026-02,49860.1
C00947,2026-03,49860.1
C00947,2026-04,49860.1
C00947,2026-05,49860.1
C00947,2026-06,49860.1
C00948,2025-04,115271.63
C00948,2025-05,115271.63
C00948,2025-06,115271.63
C00948,2025-07,115271.63
C00948,2025-08,115271.63
C00948,2025-09,115271.63
C00948,2025-10,115271.63
C00948,2025-11,115271.63
C00948,2025-12,115271.63
C00948,2026-01,115271.63
C00948,2026-02,125765.81
C00948,2026-03,125765.81
C00948,2026-04,125765.81
C00948,2026-05,125765.81
C00948,2026-06,125765.81
C00949,2025-04,25737.47
C00949,2025-05,25737.47
C00949,2025-06,25737.47
C00949,2025-07,25737.47
C00949,2025-08,25737.47
C00949,2025-09,25737.47
C00949,2025-10,25737.47
C00949,2025-11,25737.47
C00949,2025-12,25737.47
C00949,2026-01,25737.47
C00949,2026-02,25737.47
C00949,2026-03,25737.47
C00949,2026-04,25737.47
C00949,2026-05,25737.47
C00949,2026-06,25737.47
C00950,2025-04,26792.22
C00950,2025-05,26792.22
C00950,2025-06,26792.22
C00950,2025-07,26792.22
C00950,2025-08,26792.22
C00950,2025-09,26792.22
C00950,2025-10,26792.22
C00950,2025-11,26792.22
C00950,2025-12,26792.22
C00950,2026-01,26792.22
C00950,2026-02,35327.2
C00950,2026-03,35327.2
C00950,2026-04,35327.2
C00950,2026-05,35327.2
C00950,2026-06,35327.2
C00951,2025-04,5930.86
C00951,2025-05,5930.86
C00951,2025-06,5930.86
C00951,2025-07,5930.86
C00951,2025-08,5930.86
C00951,2025-09,5930.86
C00951,2025-10,5930.86
C00951,2025-11,5930.86
C00951,2025-12,5930.86
C00951,2026-01,5930.86
C00951,2026-02,5930.86
C00951,2026-03,5930.86
C00951,2026-04,5930.86
C00951,2026-05,5930.86
C00951,2026-06,5930.86
C00952,2025-04,9344.22
C00952,2025-05,9344.22
C00952,2025-06,9344.22
C00952,2025-07,9344.22
C00952,2025-08,9344.22
C00952,2025-09,9344.22
C00952,2025-10,9344.22
C00952,2025-11,9344.22
C00952,2025-12,9344.22
C00952,2026-01,9344.22
C00952,2026-02,9344.22
C00952,2026-03,9344.22
C00952,2026-04,9344.22
C00952,2026-05,9344.22
C00953,2025-04,10520.49
C00953,2025-05,10520.49
C00953,2025-06,11506.83
C00953,2025-07,11506.83
C00953,2025-08,11506.83
C00953,2025-09,11506.83
C00953,2025-10,11506.83
C00953,2025-11,11506.83
C00953,2025-12,11506.83
C00953,2026-01,11506.83
C00953,2026-02,11506.83
C00953,2026-03,11506.83
C00953,2026-04,11506.83
C00953,2026-05,11506.83
C00953,2026-06,11506.83
C00954,2025-04,10705.62
C00954,2025-05,10705.62
C00954,2025-06,10705.62
C00954,2025-07,10705.62
C00954,2025-08,10705.62
C00954,2025-09,10705.62
C00954,2025-10,10705.62
C00954,2025-11,10705.62
C00954,2025-12,10705.62
C00954,2026-01,10705.62
C00954,2026-02,10705.62
C00954,2026-03,10705.62
C00954,2026-04,10705.62
C00954,2026-05,10705.62
C00954,2026-06,10705.62
C00955,2025-04,20156.8
C00955,2025-05,20156.8
C00955,2025-06,20156.8
C00955,2025-07,20156.8
C00955,2025-08,20156.8
C00955,2025-09,20156.8
C00955,2025-10,20156.8
C00955,2025-11,20156.8
C00955,2025-12,20156.8
C00955,2026-01,20156.8
C00955,2026-02,20156.8
C00955,2026-03,20156.8
C00955,2026-04,20156.8
C00955,2026-05,20156.8
C00955,2026-06,20156.8
C00956,2025-04,125552.07
C00956,2025-05,125552.07
C00956,2025-06,125552.07
C00956,2025-07,125552.07
C00956,2025-08,125552.07
C00956,2025-09,125552.07
C00956,2025-10,125552.07
C00956,2025-11,125552.07
C00956,2025-12,125552.07
C00956,2026-01,125552.07
C00956,2026-02,148132.22
C00956,2026-03,148132.22
C00956,2026-04,148132.22
C00956,2026-05,148132.22
C00956,2026-06,148132.22
C00957,2025-04,184223.26
C00957,2025-05,184223.26
C00957,2025-06,184223.26
C00957,2025-07,184223.26
C00957,2025-08,184223.26
C00957,2025-09,184223.26
C00957,2025-10,184223.26
C00957,2025-11,184223.26
C00957,2025-12,184223.26
C00957,2026-01,184223.26
C00957,2026-02,184223.26
C00957,2026-03,184223.26
C00957,2026-04,184223.26
C00957,2026-05,184223.26
C00957,2026-06,184223.26
C00958,2025-04,206119.37
C00958,2025-05,206119.37
C00958,2025-06,206119.37
C00958,2025-07,206119.37
C00958,2025-08,206119.37
C00958,2025-09,206119.37
C00958,2025-10,206119.37
C00958,2025-11,206119.37
C00958,2025-12,206119.37
C00958,2026-01,206119.37
C00958,2026-02,206119.37
C00958,2026-03,206119.37
C00958,2026-04,206119.37
C00958,2026-05,206119.37
C00958,2026-06,206119.37
C00959,2025-04,23452.98
C00959,2025-05,23452.98
C00959,2025-06,23452.98
C00959,2025-07,23452.98
C00959,2025-08,23452.98
C00959,2025-09,23452.98
C00959,2025-10,23452.98
C00959,2025-11,23452.98
C00959,2025-12,23452.98
C00959,2026-01,23452.98
C00959,2026-02,23452.98
C00959,2026-03,23452.98
C00959,2026-04,23452.98
C00959,2026-05,23452.98
C00959,2026-06,23452.98
C00960,2025-04,13730.07
C00960,2025-05,13730.07
C00960,2025-06,13730.07
C00960,2025-07,13730.07
C00960,2025-08,13730.07
C00960,2025-09,13730.07
C00960,2025-10,13730.07
C00960,2025-11,13730.07
C00960,2025-12,13730.07
C00960,2026-01,13730.07
C00960,2026-02,13730.07
C00960,2026-03,13730.07
C00960,2026-04,13730.07
C00960,2026-05,13730.07
C00960,2026-06,13730.07
C00961,2025-04,144208.67
C00961,2025-05,144208.67
C00962,2025-04,52554.62
C00962,2025-05,52554.62
C00962,2025-06,52554.62
C00962,2025-07,52554.62
C00962,2025-08,52554.62
C00963,2025-04,50896.96
C00963,2025-05,50896.96
C00963,2025-06,50896.96
C00963,2025-07,50896.96
C00963,2025-08,50896.96
C00963,2025-09,50896.96
C00963,2025-10,50896.96
C00963,2025-11,50896.96
C00963,2025-12,50896.96
C00963,2026-01,50896.96
C00963,2026-02,50896.96
C00963,2026-03,50896.96
C00963,2026-04,50896.96
C00964,2025-04,3356.69
C00964,2025-05,3356.69
C00964,2025-06,3356.69
C00964,2025-07,3356.69
C00964,2025-08,3356.69
C00964,2025-09,3356.69
C00964,2025-10,3356.69
C00964,2025-11,3356.69
C00964,2025-12,3356.69
C00964,2026-01,3356.69
C00964,2026-02,3356.69
C00964,2026-03,3356.69
C00964,2026-04,3356.69
C00964,2026-05,3356.69
C00964,2026-06,3356.69
C00965,2025-04,36764.53
C00965,2025-05,36764.53
C00965,2025-06,36764.53
C00965,2025-07,36764.53
C00965,2025-08,36764.53
C00965,2025-09,36764.53
C00965,2025-10,36764.53
C00965,2025-11,36764.53
C00965,2025-12,36764.53
C00965,2026-01,36764.53
C00965,2026-02,36764.53
C00965,2026-03,36764.53
C00965,2026-04,36764.53
C00965,2026-05,36764.53
C00965,2026-06,36764.53
C00966,2025-04,11280.35
C00966,2025-05,11280.35
C00966,2025-06,11280.35
C00966,2025-07,11280.35
C00966,2025-08,11280.35
C00966,2025-09,11280.35
C00966,2025-10,11280.35
C00966,2025-11,11280.35
C00966,2025-12,11280.35
C00966,2026-01,11280.35
C00966,2026-02,11280.35
C00966,2026-03,11280.35
C00966,2026-04,11280.35
C00966,2026-05,11280.35
C00966,2026-06,11280.35
C00967,2025-04,7854.11
C00967,2025-05,7854.11
C00967,2025-06,7854.11
C00967,2025-07,7854.11
C00967,2025-08,7854.11
C00967,2025-09,7854.11
C00967,2025-10,7854.11
C00967,2025-11,7854.11
C00967,2025-12,7854.11
C00967,2026-01,7854.11
C00967,2026-02,7854.11
C00967,2026-03,7854.11
C00967,2026-04,7854.11
C00967,2026-05,7854.11
C00967,2026-06,7854.11
C00968,2025-05,6939.51
C00968,2025-06,6939.51
C00968,2025-07,6939.51
C00968,2025-08,6939.51
C00968,2025-09,6939.51
C00968,2025-10,6939.51
C00969,2025-05,28500.99
C00969,2025-06,28500.99
C00969,2025-07,28500.99
C00969,2025-08,28500.99
C00969,2025-09,28500.99
C00969,2025-10,28500.99
C00969,2025-11,28500.99
C00969,2025-12,28500.99
C00969,2026-01,28500.99
C00969,2026-02,28500.99
C00969,2026-03,28500.99
C00969,2026-04,28500.99
C00969,2026-05,28500.99
C00969,2026-06,28500.99
C00970,2025-05,10224.94
C00970,2025-06,10224.94
C00970,2025-07,10224.94
C00970,2025-08,10224.94
C00970,2025-09,10224.94
C00970,2025-10,10224.94
C00970,2025-11,10224.94
C00970,2025-12,10224.94
C00970,2026-01,10224.94
C00970,2026-02,10224.94
C00970,2026-03,10224.94
C00970,2026-04,10224.94
C00970,2026-05,10224.94
C00970,2026-06,10224.94
C00971,2025-05,9571.42
C00971,2025-06,9571.42
C00971,2025-07,9571.42
C00971,2025-08,9571.42
C00971,2025-09,7637.77
C00971,2025-10,7637.77
C00971,2025-11,7637.77
C00971,2025-12,7637.77
C00971,2026-01,7637.77
C00971,2026-02,7637.77
C00971,2026-03,7637.77
C00971,2026-04,7637.77
C00971,2026-05,7637.77
C00971,2026-06,7637.77
C00972,2025-05,186621.63
C00972,2025-06,186621.63
C00972,2025-07,186621.63
C00972,2025-08,186621.63
C00972,2025-09,186621.63
C00972,2025-10,186621.63
C00972,2025-11,186621.63
C00972,2025-12,186621.63
C00972,2026-01,186621.63
C00972,2026-02,186621.63
C00972,2026-03,186621.63
C00972,2026-04,186621.63
C00972,2026-05,186621.63
C00972,2026-06,186621.63
C00973,2025-05,32642.42
C00973,2025-06,32642.42
C00973,2025-07,32642.42
C00973,2025-08,32642.42
C00973,2025-09,32642.42
C00973,2025-10,32642.42
C00973,2025-11,32642.42
C00973,2025-12,32642.42
C00973,2026-01,32642.42
C00973,2026-02,32642.42
C00973,2026-03,32642.42
C00973,2026-04,32642.42
C00973,2026-05,32642.42
C00973,2026-06,32642.42
C00974,2025-05,4605.62
C00974,2025-06,4605.62
C00974,2025-07,4605.62
C00974,2025-08,4605.62
C00974,2025-09,4605.62
C00974,2025-10,4605.62
C00974,2025-11,4605.62
C00974,2025-12,4605.62
C00974,2026-01,4605.62
C00974,2026-02,4605.62
C00974,2026-03,4605.62
C00974,2026-04,4605.62
C00974,2026-05,4605.62
C00974,2026-06,4605.62
C00975,2025-05,3198.84
C00975,2025-06,3198.84
C00975,2025-07,3198.84
C00975,2025-08,3198.84
C00975,2025-09,3198.84
C00975,2025-10,3198.84
C00975,2025-11,3198.84
C00976,2025-05,157812.11
C00976,2025-06,157812.11
C00976,2025-07,157812.11
C00976,2025-08,157812.11
C00976,2025-09,157812.11
C00976,2025-10,157812.11
C00976,2025-11,157812.11
C00976,2025-12,157812.11
C00976,2026-01,157812.11
C00976,2026-02,200157.09
C00976,2026-03,200157.09
C00976,2026-04,200157.09
C00976,2026-05,200157.09
C00976,2026-06,200157.09
C00977,2025-05,3265.1
C00977,2025-06,3265.1
C00977,2025-07,3265.1
C00977,2025-08,3265.1
C00977,2025-09,3265.1
C00977,2025-10,3265.1
C00977,2025-11,3265.1
C00977,2025-12,3265.1
C00977,2026-01,3265.1
C00977,2026-02,3265.1
C00977,2026-03,3265.1
C00977,2026-04,3265.1
C00977,2026-05,3265.1
C00977,2026-06,3265.1
C00978,2025-05,10115.2
C00978,2025-06,10115.2
C00978,2025-07,10115.2
C00978,2025-08,10115.2
C00978,2025-09,10115.2
C00978,2025-10,10115.2
C00978,2025-11,10115.2
C00978,2025-12,10115.2
C00978,2026-01,10115.2
C00978,2026-02,10115.2
C00978,2026-03,10115.2
C00978,2026-04,10115.2
C00978,2026-05,10115.2
C00978,2026-06,10115.2
C00979,2025-05,152076.05
C00979,2025-06,152076.05
C00979,2025-07,152076.05
C00979,2025-08,152076.05
C00979,2025-09,152076.05
C00979,2025-10,152076.05
C00979,2025-11,152076.05
C00979,2025-12,152076.05
C00979,2026-01,152076.05
C00979,2026-02,152076.05
C00979,2026-03,152076.05
C00979,2026-04,152076.05
C00979,2026-05,152076.05
C00979,2026-06,152076.05
C00980,2025-05,11413.97
C00980,2025-06,11413.97
C00980,2025-07,11413.97
C00980,2025-08,11413.97
C00980,2025-09,11413.97
C00980,2025-10,11413.97
C00980,2025-11,11413.97
C00980,2025-12,11413.97
C00980,2026-01,11413.97
C00980,2026-02,11413.97
C00980,2026-03,11413.97
C00980,2026-04,11413.97
C00980,2026-05,11413.97
C00980,2026-06,11413.97
C00981,2025-05,213755.35
C00981,2025-06,213755.35
C00981,2025-07,213755.35
C00981,2025-08,213755.35
C00981,2025-09,213755.35
C00981,2025-10,213755.35
C00982,2025-05,10126.92
C00982,2025-06,10126.92
C00982,2025-07,10126.92
C00982,2025-08,10126.92
C00983,2025-05,42057.71
C00983,2025-06,42057.71
C00983,2025-07,42057.71
C00983,2025-08,42057.71
C00983,2025-09,42057.71
C00983,2025-10,42057.71
C00983,2025-11,42057.71
C00983,2025-12,42057.71
C00983,2026-01,42057.71
C00983,2026-02,42057.71
C00983,2026-03,42057.71
C00983,2026-04,42057.71
C00983,2026-05,42057.71
C00983,2026-06,42057.71
C00984,2025-05,36726.23
C00985,2025-05,23299.24
C00985,2025-06,23299.24
C00985,2025-07,23299.24
C00985,2025-08,23299.24
C00985,2025-09,23299.24
C00985,2025-10,23299.24
C00985,2025-11,23299.24
C00985,2025-12,23299.24
C00985,2026-01,23299.24
C00985,2026-02,23299.24
C00985,2026-03,23299.24
C00985,2026-04,23299.24
C00985,2026-05,23299.24
C00985,2026-06,23299.24
C00986,2025-05,20179.79
C00986,2025-06,20179.79
C00986,2025-07,20179.79
C00986,2025-08,20179.79
C00986,2025-09,20179.79
C00986,2025-10,20179.79
C00986,2025-11,20179.79
C00986,2025-12,20179.79
C00986,2026-01,20179.79
C00986,2026-02,20179.79
C00986,2026-03,20179.79
C00986,2026-04,20179.79
C00986,2026-05,20179.79
C00986,2026-06,20179.79
C00987,2025-05,8036.02
C00987,2025-06,8036.02
C00987,2025-07,8036.02
C00988,2025-05,45887.59
C00988,2025-06,45887.59
C00988,2025-07,45887.59
C00988,2025-08,45887.59
C00988,2025-09,45887.59
C00988,2025-10,45887.59
C00988,2025-11,45887.59
C00988,2025-12,45887.59
C00988,2026-01,45887.59
C00988,2026-02,45887.59
C00988,2026-03,45887.59
C00988,2026-04,45887.59
C00988,2026-05,45887.59
C00988,2026-06,45887.59
C00989,2025-05,50129.04
C00989,2025-06,50129.04
C00989,2025-07,50129.04
C00989,2025-08,50129.04
C00989,2025-09,50129.04
C00989,2025-10,50129.04
C00989,2025-11,50129.04
C00989,2025-12,50129.04
C00989,2026-01,50129.04
C00989,2026-02,50129.04
C00989,2026-03,50129.04
C00989,2026-04,50129.04
C00989,2026-05,50129.04
C00989,2026-06,50129.04
C00990,2025-05,8040.77
C00990,2025-06,8040.77
C00990,2025-07,8040.77
C00990,2025-08,8040.77
C00990,2025-09,8040.77
C00990,2025-10,8040.77
C00991,2025-05,53014.98
C00991,2025-06,53014.98
C00991,2025-07,53014.98
C00991,2025-08,53014.98
C00991,2025-09,53014.98
C00991,2025-10,53014.98
C00991,2025-11,53014.98
C00991,2025-12,53014.98
C00991,2026-01,53014.98
C00991,2026-02,53014.98
C00991,2026-03,53014.98
C00991,2026-04,53014.98
C00991,2026-05,53014.98
C00991,2026-06,53014.98
C00992,2025-05,9231.75
C00992,2025-06,9231.75
C00992,2025-07,9231.75
C00992,2025-08,9231.75
C00992,2025-09,9231.75
C00992,2025-10,9231.75
C00992,2025-11,9231.75
C00992,2025-12,9231.75
C00992,2026-01,9231.75
C00992,2026-02,9231.75
C00992,2026-03,9231.75
C00992,2026-04,9231.75
C00992,2026-05,9231.75
C00992,2026-06,9231.75
C00993,2025-05,22098.77
C00993,2025-06,22098.77
C00993,2025-07,22098.77
C00993,2025-08,22098.77
C00993,2025-09,22098.77
C00993,2025-10,22098.77
C00993,2025-11,22098.77
C00993,2025-12,22098.77
C00993,2026-01,22098.77
C00993,2026-02,22098.77
C00993,2026-03,22098.77
C00993,2026-04,22098.77
C00993,2026-05,22098.77
C00993,2026-06,22098.77
C00994,2025-05,38783.07
C00994,2025-06,38783.07
C00994,2025-07,38783.07
C00994,2025-08,38783.07
C00994,2025-09,38783.07
C00994,2025-10,38783.07
C00994,2025-11,38783.07
C00994,2025-12,38783.07
C00994,2026-01,38783.07
C00994,2026-02,38783.07
C00994,2026-03,38783.07
C00994,2026-04,38783.07
C00994,2026-05,38783.07
C00994,2026-06,38783.07
C00995,2025-05,41358.31
C00995,2025-06,41358.31
C00995,2025-07,41358.31
C00995,2025-08,41358.31
C00995,2025-09,41358.31
C00995,2025-10,41358.31
C00995,2025-11,41358.31
C00995,2025-12,41358.31
C00995,2026-01,41358.31
C00995,2026-02,41358.31
C00995,2026-03,41358.31
C00995,2026-04,41358.31
C00995,2026-05,41358.31
C00995,2026-06,41358.31
C00996,2025-05,18869.45
C00996,2025-06,18869.45
C00996,2025-07,18869.45
C00996,2025-08,18869.45
C00996,2025-09,18869.45
C00996,2025-10,18869.45
C00997,2025-05,131932.74
C00997,2025-06,131932.74
C00997,2025-07,131932.74
C00997,2025-08,131932.74
C00997,2025-09,104131.88
C00997,2025-10,104131.88
C00997,2025-11,104131.88
C00997,2025-12,104131.88
C00997,2026-01,104131.88
C00997,2026-02,104131.88
C00997,2026-03,104131.88
C00997,2026-04,104131.88
C00997,2026-05,104131.88
C00997,2026-06,104131.88
C00998,2025-05,42810.45
C00998,2025-06,42810.45
C00999,2025-05,187330.21
C00999,2025-06,187330.21
C00999,2025-07,187330.21
C00999,2025-08,187330.21
C00999,2025-09,187330.21
C00999,2025-10,187330.21
C00999,2025-11,187330.21
C00999,2025-12,187330.21
C00999,2026-01,187330.21
C00999,2026-02,187330.21
C00999,2026-03,187330.21
C00999,2026-04,187330.21
C00999,2026-05,187330.21
C00999,2026-06,187330.21
C01000,2025-05,53568.97
C01000,2025-06,53568.97
C01000,2025-07,53568.97
C01000,2025-08,53568.97
C01000,2025-09,53568.97
C01000,2025-10,53568.97
C01000,2025-11,53568.97
C01000,2025-12,53568.97
C01000,2026-01,53568.97
C01000,2026-02,53568.97
C01000,2026-03,53568.97
C01000,2026-04,53568.97
C01000,2026-05,53568.97
C01000,2026-06,53568.97
C01001,2025-05,3359.39
C01001,2025-06,3359.39
C01001,2025-07,3359.39
C01001,2025-08,3359.39
C01001,2025-09,3359.39
C01001,2025-10,3359.39
C01001,2025-11,3359.39
C01001,2025-12,3359.39
C01001,2026-01,3359.39
C01001,2026-02,3359.39
C01001,2026-03,3359.39
C01001,2026-04,3359.39
C01001,2026-05,3359.39
C01001,2026-06,3359.39
C01002,2025-05,59352.38
C01002,2025-06,59352.38
C01002,2025-07,59352.38
C01002,2025-08,59352.38
C01002,2025-09,59352.38
C01002,2025-10,59352.38
C01002,2025-11,59352.38
C01002,2025-12,59352.38
C01002,2026-01,59352.38
C01002,2026-02,59352.38
C01002,2026-03,59352.38
C01002,2026-04,59352.38
C01002,2026-05,59352.38
C01002,2026-06,59352.38
C01003,2025-05,5707.92
C01003,2025-06,5707.92
C01003,2025-07,5707.92
C01003,2025-08,5707.92
C01003,2025-09,5707.92
C01003,2025-10,5707.92
C01003,2025-11,5707.92
C01003,2025-12,5707.92
C01003,2026-01,5707.92
C01003,2026-02,5707.92
C01003,2026-03,5707.92
C01003,2026-04,5707.92
C01003,2026-05,5707.92
C01003,2026-06,5707.92
C01004,2025-05,31451.89
C01004,2025-06,31451.89
C01004,2025-07,31451.89
C01004,2025-08,31451.89
C01004,2025-09,31451.89
C01004,2025-10,31451.89
C01004,2025-11,31451.89
C01004,2025-12,31451.89
C01004,2026-01,31451.89
C01004,2026-02,31451.89
C01004,2026-03,31451.89
C01004,2026-04,31451.89
C01004,2026-05,31451.89
C01004,2026-06,31451.89
C01005,2025-05,16643.78
C01005,2025-06,16643.78
C01005,2025-07,16643.78
C01005,2025-08,16643.78
C01005,2025-09,16643.78
C01005,2025-10,16643.78
C01005,2025-11,16643.78
C01005,2025-12,16643.78
C01005,2026-01,16643.78
C01005,2026-02,16643.78
C01005,2026-03,16643.78
C01005,2026-04,16643.78
C01005,2026-05,16643.78
C01005,2026-06,16643.78
C01006,2025-06,2490.01
C01006,2025-07,2490.01
C01007,2025-06,25654.35
C01007,2025-07,25654.35
C01007,2025-08,25654.35
C01007,2025-09,25654.35
C01007,2025-10,25654.35
C01007,2025-11,25654.35
C01007,2025-12,25654.35
C01007,2026-01,25654.35
C01007,2026-02,25654.35
C01007,2026-03,25654.35
C01007,2026-04,25654.35
C01007,2026-05,25654.35
C01007,2026-06,25654.35
C01008,2025-06,10931.87
C01008,2025-07,10931.87
C01008,2025-08,10931.87
C01009,2025-06,22171.04
C01009,2025-07,22171.04
C01009,2025-08,22171.04
C01009,2025-09,22171.04
C01009,2025-10,22171.04
C01009,2025-11,22171.04
C01009,2025-12,22171.04
C01009,2026-01,22171.04
C01009,2026-02,22171.04
C01009,2026-03,22171.04
C01009,2026-04,22171.04
C01009,2026-05,22171.04
C01009,2026-06,22171.04
C01010,2025-06,9690.88
C01010,2025-07,9690.88
C01010,2025-08,9690.88
C01010,2025-09,9690.88
C01010,2025-10,9690.88
C01010,2025-11,9690.88
C01010,2025-12,9690.88
C01010,2026-01,9690.88
C01010,2026-02,9690.88
C01010,2026-03,9690.88
C01010,2026-04,9690.88
C01010,2026-05,9690.88
C01010,2026-06,9690.88
C01011,2025-06,11576.08
C01011,2025-07,11576.08
C01011,2025-08,11576.08
C01011,2025-09,11576.08
C01011,2025-10,11576.08
C01011,2025-11,11576.08
C01011,2025-12,11576.08
C01011,2026-01,11576.08
C01011,2026-02,11576.08
C01011,2026-03,11576.08
C01011,2026-04,11576.08
C01011,2026-05,11576.08
C01011,2026-06,11576.08
C01012,2025-06,52174.37
C01012,2025-07,52174.37
C01012,2025-08,52174.37
C01012,2025-09,52174.37
C01012,2025-10,52174.37
C01012,2025-11,52174.37
C01012,2025-12,52174.37
C01012,2026-01,52174.37
C01012,2026-02,52174.37
C01012,2026-03,52174.37
C01012,2026-04,52174.37
C01012,2026-05,52174.37
C01012,2026-06,52174.37
C01013,2025-06,35449.06
C01013,2025-07,35449.06
C01013,2025-08,35449.06
C01013,2025-09,35449.06
C01013,2025-10,35449.06
C01013,2025-11,35449.06
C01013,2025-12,35449.06
C01013,2026-01,35449.06
C01013,2026-02,35449.06
C01013,2026-03,35449.06
C01013,2026-04,35449.06
C01013,2026-05,35449.06
C01013,2026-06,35449.06
C01014,2025-06,11433.36
C01014,2025-07,11433.36
C01014,2025-08,11433.36
C01014,2025-09,11433.36
C01014,2025-10,11433.36
C01014,2025-11,11433.36
C01014,2025-12,11433.36
C01014,2026-01,11433.36
C01014,2026-02,11433.36
C01015,2025-06,9162.67
C01015,2025-07,9162.67
C01015,2025-08,9162.67
C01015,2025-09,9162.67
C01015,2025-10,9162.67
C01015,2025-11,9162.67
C01015,2025-12,9162.67
C01015,2026-01,9162.67
C01015,2026-02,9162.67
C01015,2026-03,9162.67
C01015,2026-04,9162.67
C01015,2026-05,9162.67
C01015,2026-06,9162.67
C01016,2025-06,18652.1
C01016,2025-07,18652.1
C01016,2025-08,18652.1
C01016,2025-09,18652.1
C01016,2025-10,18652.1
C01016,2025-11,18652.1
C01016,2025-12,18652.1
C01016,2026-01,18652.1
C01016,2026-02,18652.1
C01016,2026-03,18652.1
C01016,2026-04,18652.1
C01016,2026-05,18652.1
C01016,2026-06,18652.1
C01017,2025-06,38223.13
C01017,2025-07,38223.13
C01017,2025-08,38223.13
C01017,2025-09,38223.13
C01017,2025-10,38223.13
C01017,2025-11,38223.13
C01017,2025-12,38223.13
C01017,2026-01,38223.13
C01017,2026-02,38223.13
C01017,2026-03,38223.13
C01017,2026-04,38223.13
C01017,2026-05,38223.13
C01017,2026-06,38223.13
C01018,2025-06,59997.54
C01018,2025-07,59997.54
C01018,2025-08,59997.54
C01018,2025-09,59997.54
C01018,2025-10,59997.54
C01018,2025-11,59997.54
C01018,2025-12,59997.54
C01018,2026-01,59997.54
C01018,2026-02,59997.54
C01018,2026-03,59997.54
C01018,2026-04,59997.54
C01018,2026-05,59997.54
C01018,2026-06,59997.54
C01019,2025-06,21465.92
C01019,2025-07,21465.92
C01019,2025-08,21465.92
C01019,2025-09,21465.92
C01019,2025-10,21465.92
C01019,2025-11,21465.92
C01019,2025-12,21465.92
C01019,2026-01,21465.92
C01019,2026-02,21465.92
C01019,2026-03,21465.92
C01019,2026-04,21465.92
C01019,2026-05,21465.92
C01019,2026-06,21465.92
C01020,2025-06,7122.12
C01020,2025-07,7122.12
C01020,2025-08,7122.12
C01020,2025-09,7122.12
C01020,2025-10,7122.12
C01020,2025-11,7122.12
C01020,2025-12,7122.12
C01020,2026-01,7122.12
C01020,2026-02,7122.12
C01020,2026-03,7122.12
C01020,2026-04,7122.12
C01020,2026-05,7122.12
C01020,2026-06,7122.12
C01021,2025-06,128911.25
C01021,2025-07,128911.25
C01021,2025-08,128911.25
C01021,2025-09,128911.25
C01021,2025-10,128911.25
C01021,2025-11,128911.25
C01021,2025-12,128911.25
C01021,2026-01,128911.25
C01021,2026-02,128911.25
C01021,2026-03,128911.25
C01021,2026-04,128911.25
C01021,2026-05,128911.25
C01021,2026-06,128911.25
C01022,2025-06,39490.87
C01022,2025-07,39490.87
C01022,2025-08,39490.87
C01022,2025-09,39490.87
C01022,2025-10,39490.87
C01022,2025-11,39490.87
C01022,2025-12,39490.87
C01022,2026-01,39490.87
C01022,2026-02,39490.87
C01022,2026-03,39490.87
C01022,2026-04,39490.87
C01022,2026-05,39490.87
C01022,2026-06,39490.87
C01023,2025-06,8604.66
C01023,2025-07,8604.66
C01023,2025-08,8604.66
C01023,2025-09,8604.66
C01023,2025-10,8604.66
C01023,2025-11,8604.66
C01023,2025-12,8604.66
C01023,2026-01,8604.66
C01023,2026-02,8604.66
C01023,2026-03,8604.66
C01023,2026-04,8604.66
C01023,2026-05,8604.66
C01023,2026-06,8604.66
C01024,2025-06,91326.13
C01024,2025-07,91326.13
C01024,2025-08,91326.13
C01024,2025-09,91326.13
C01024,2025-10,91326.13
C01024,2025-11,91326.13
C01024,2025-12,91326.13
C01024,2026-01,91326.13
C01024,2026-02,91326.13
C01024,2026-03,91326.13
C01024,2026-04,91326.13
C01024,2026-05,116884.45
C01024,2026-06,116884.45
C01025,2025-06,49956.22
C01025,2025-07,49956.22
C01025,2025-08,49956.22
C01025,2025-09,49956.22
C01025,2025-10,49956.22
C01025,2025-11,49956.22
C01025,2025-12,49956.22
C01025,2026-01,49956.22
C01025,2026-02,49956.22
C01025,2026-03,49956.22
C01025,2026-04,49956.22
C01025,2026-05,49956.22
C01025,2026-06,49956.22
C01026,2025-06,36311.59
C01026,2025-07,36311.59
C01026,2025-08,36311.59
C01026,2025-09,36311.59
C01026,2025-10,36311.59
C01026,2025-11,36311.59
C01026,2025-12,36311.59
C01026,2026-01,36311.59
C01026,2026-02,36311.59
C01026,2026-03,36311.59
C01026,2026-04,36311.59
C01026,2026-05,36311.59
C01026,2026-06,36311.59
C01027,2025-06,206323.59
C01027,2025-07,206323.59
C01027,2025-08,206323.59
C01027,2025-09,206323.59
C01027,2025-10,206323.59
C01027,2025-11,206323.59
C01027,2025-12,206323.59
C01027,2026-01,206323.59
C01027,2026-02,206323.59
C01027,2026-03,206323.59
C01027,2026-04,206323.59
C01027,2026-05,206323.59
C01027,2026-06,206323.59
C01028,2025-06,4469.0
C01028,2025-07,4469.0
C01028,2025-08,4469.0
C01028,2025-09,4469.0
C01028,2025-10,4469.0
C01028,2025-11,4469.0
C01028,2025-12,4469.0
C01028,2026-01,4469.0
C01028,2026-02,4469.0
C01028,2026-03,4469.0
C01028,2026-04,4469.0
C01028,2026-05,4469.0
C01028,2026-06,4469.0
C01029,2025-06,3327.14
C01030,2025-06,33512.6
C01030,2025-07,33512.6
C01030,2025-08,33512.6
C01030,2025-09,33512.6
C01030,2025-10,33512.6
C01030,2025-11,33512.6
C01030,2025-12,33512.6
C01030,2026-01,33512.6
C01030,2026-02,33512.6
C01030,2026-03,33512.6
C01031,2025-06,11726.81
C01031,2025-07,11726.81
C01031,2025-08,11726.81
C01031,2025-09,11726.81
C01031,2025-10,11726.81
C01031,2025-11,11726.81
C01031,2025-12,11726.81
C01031,2026-01,11726.81
C01031,2026-02,11726.81
C01031,2026-03,11726.81
C01031,2026-04,11726.81
C01031,2026-05,11726.81
C01031,2026-06,11726.81
C01032,2025-06,20324.04
C01032,2025-07,20324.04
C01032,2025-08,20324.04
C01032,2025-09,20324.04
C01032,2025-10,20324.04
C01032,2025-11,20324.04
C01032,2025-12,20324.04
C01032,2026-01,20324.04
C01032,2026-02,20324.04
C01032,2026-03,20324.04
C01032,2026-04,20324.04
C01032,2026-05,20324.04
C01032,2026-06,17576.53
C01033,2025-06,8832.52
C01033,2025-07,8832.52
C01033,2025-08,8832.52
C01033,2025-09,8832.52
C01033,2025-10,8832.52
C01033,2025-11,8832.52
C01033,2025-12,8832.52
C01033,2026-01,8832.52
C01033,2026-02,8832.52
C01033,2026-03,8832.52
C01033,2026-04,8832.52
C01033,2026-05,8832.52
C01033,2026-06,8832.52
C01034,2025-06,42546.93
C01034,2025-07,42546.93
C01034,2025-08,42546.93
C01034,2025-09,42546.93
C01034,2025-10,42546.93
C01034,2025-11,42546.93
C01034,2025-12,42546.93
C01034,2026-01,42546.93
C01034,2026-02,42546.93
C01034,2026-03,42546.93
C01034,2026-04,42546.93
C01034,2026-05,42546.93
C01034,2026-06,42546.93
C01035,2025-06,57261.96
C01035,2025-07,57261.96
C01035,2025-08,57261.96
C01035,2025-09,57261.96
C01035,2025-10,57261.96
C01035,2025-11,57261.96
C01035,2025-12,57261.96
C01035,2026-01,57261.96
C01035,2026-02,73961.21
C01035,2026-03,73961.21
C01035,2026-04,73961.21
C01035,2026-05,73961.21
C01035,2026-06,73961.21
C01036,2025-06,9651.83
C01036,2025-07,9651.83
C01036,2025-08,9651.83
C01036,2025-09,9651.83
C01036,2025-10,9651.83
C01036,2025-11,9651.83
C01036,2025-12,9651.83
C01036,2026-01,9651.83
C01036,2026-02,9651.83
C01036,2026-03,9651.83
C01036,2026-04,9651.83
C01036,2026-05,9651.83
C01036,2026-06,9651.83
C01037,2025-06,7010.54
C01037,2025-07,7010.54
C01037,2025-08,7010.54
C01037,2025-09,7010.54
C01037,2025-10,7010.54
C01037,2025-11,7010.54
C01037,2025-12,7010.54
C01037,2026-01,7010.54
C01037,2026-02,5943.01
C01037,2026-03,5943.01
C01037,2026-04,5943.01
C01037,2026-05,5943.01
C01037,2026-06,5943.01
C01038,2025-06,53315.88
C01038,2025-07,53315.88
C01038,2025-08,53315.88
C01038,2025-09,53315.88
C01038,2025-10,53315.88
C01038,2025-11,53315.88
C01038,2025-12,53315.88
C01038,2026-01,53315.88
C01038,2026-02,53315.88
C01038,2026-03,53315.88
C01038,2026-04,53315.88
C01038,2026-05,53315.88
C01038,2026-06,53315.88
C01039,2025-06,31172.73
C01039,2025-07,31172.73
C01039,2025-08,31172.73
C01039,2025-09,31172.73
C01039,2025-10,31172.73
C01039,2025-11,31172.73
C01039,2025-12,31172.73
C01039,2026-01,31172.73
C01039,2026-02,31172.73
C01039,2026-03,31172.73
C01039,2026-04,31172.73
C01039,2026-05,31172.73
C01039,2026-06,31172.73
C01040,2025-06,166637.98
C01040,2025-07,166637.98
C01040,2025-08,166637.98
C01040,2025-09,166637.98
C01040,2025-10,166637.98
C01040,2025-11,166637.98
C01040,2025-12,166637.98
C01040,2026-01,166637.98
C01040,2026-02,166637.98
C01040,2026-03,166637.98
C01040,2026-04,166637.98
C01041,2025-06,9778.43
C01041,2025-07,9778.43
C01042,2025-06,18538.41
C01042,2025-07,18538.41
C01042,2025-08,18538.41
C01042,2025-09,18538.41
C01042,2025-10,18538.41
C01042,2025-11,18538.41
C01042,2025-12,18538.41
C01042,2026-01,18538.41
C01042,2026-02,18538.41
C01042,2026-03,18538.41
C01042,2026-04,18538.41
C01042,2026-05,18538.41
C01042,2026-06,18538.41
C01043,2025-07,46323.17
C01043,2025-08,46323.17
C01043,2025-09,46323.17
C01043,2025-10,46323.17
C01043,2025-11,46323.17
C01043,2025-12,46323.17
C01043,2026-01,46323.17
C01043,2026-02,46323.17
C01043,2026-03,46323.17
C01043,2026-04,46323.17
C01043,2026-05,46323.17
C01043,2026-06,46323.17
C01044,2025-07,50654.61
C01044,2025-08,50654.61
C01044,2025-09,50654.61
C01044,2025-10,50654.61
C01044,2025-11,50654.61
C01044,2025-12,54915.78
C01044,2026-01,54915.78
C01044,2026-02,54915.78
C01044,2026-03,54915.78
C01044,2026-04,54915.78
C01044,2026-05,54915.78
C01044,2026-06,54915.78
C01045,2025-07,56555.89
C01045,2025-08,56555.89
C01045,2025-09,56555.89
C01045,2025-10,56555.89
C01045,2025-11,56555.89
C01045,2025-12,56555.89
C01045,2026-01,56555.89
C01045,2026-02,56555.89
C01045,2026-03,56555.89
C01045,2026-04,56555.89
C01045,2026-05,56555.89
C01045,2026-06,56555.89
C01046,2025-07,10662.45
C01046,2025-08,10662.45
C01046,2025-09,10662.45
C01046,2025-10,10662.45
C01046,2025-11,10662.45
C01046,2025-12,10662.45
C01046,2026-01,10662.45
C01046,2026-02,10662.45
C01046,2026-03,10662.45
C01046,2026-04,10662.45
C01046,2026-05,10662.45
C01046,2026-06,10662.45
C01047,2025-07,3829.02
C01047,2025-08,3829.02
C01047,2025-09,3829.02
C01047,2025-10,3829.02
C01047,2025-11,3829.02
C01047,2025-12,3829.02
C01047,2026-01,3829.02
C01047,2026-02,3829.02
C01047,2026-03,3829.02
C01047,2026-04,3829.02
C01047,2026-05,3829.02
C01047,2026-06,3829.02
C01048,2025-07,8677.86
C01048,2025-08,8677.86
C01048,2025-09,8677.86
C01048,2025-10,8677.86
C01048,2025-11,8677.86
C01048,2025-12,8677.86
C01048,2026-01,8677.86
C01048,2026-02,8677.86
C01048,2026-03,8677.86
C01048,2026-04,8677.86
C01048,2026-05,8677.86
C01048,2026-06,8677.86
C01049,2025-07,11756.42
C01049,2025-08,11756.42
C01049,2025-09,11756.42
C01049,2025-10,11756.42
C01050,2025-07,13213.7
C01050,2025-08,13213.7
C01050,2025-09,13213.7
C01050,2025-10,13213.7
C01050,2025-11,14403.58
C01050,2025-12,14403.58
C01050,2026-01,14403.58
C01050,2026-02,14403.58
C01050,2026-03,14403.58
C01050,2026-04,14403.58
C01050,2026-05,14403.58
C01050,2026-06,14403.58
C01051,2025-07,59822.01
C01051,2025-08,59822.01
C01051,2025-09,59822.01
C01051,2025-10,59822.01
C01051,2025-11,59822.01
C01051,2025-12,59822.01
C01051,2026-01,59822.01
C01051,2026-02,59822.01
C01051,2026-03,59822.01
C01051,2026-04,59822.01
C01051,2026-05,59822.01
C01051,2026-06,59822.01
C01052,2025-07,15577.25
C01052,2025-08,15577.25
C01052,2025-09,15577.25
C01052,2025-10,15577.25
C01052,2025-11,15577.25
C01052,2025-12,15577.25
C01052,2026-01,15577.25
C01052,2026-02,15577.25
C01052,2026-03,15577.25
C01052,2026-04,15577.25
C01052,2026-05,15577.25
C01052,2026-06,15577.25
C01053,2025-07,10877.42
C01053,2025-08,10877.42
C01053,2025-09,10877.42
C01053,2025-10,10877.42
C01053,2025-11,10877.42
C01053,2025-12,10877.42
C01053,2026-01,10877.42
C01053,2026-02,10877.42
C01053,2026-03,10877.42
C01053,2026-04,10877.42
C01053,2026-05,10877.42
C01053,2026-06,10877.42
C01054,2025-07,20088.87
C01054,2025-08,20088.87
C01054,2025-09,20088.87
C01054,2025-10,20088.87
C01054,2025-11,20088.87
C01054,2025-12,20088.87
C01054,2026-01,20088.87
C01054,2026-02,20088.87
C01054,2026-03,20088.87
C01054,2026-04,20088.87
C01054,2026-05,20088.87
C01054,2026-06,20088.87
C01055,2025-07,3781.82
C01055,2025-08,3781.82
C01055,2025-09,3781.82
C01055,2025-10,3781.82
C01055,2025-11,3781.82
C01055,2025-12,3781.82
C01055,2026-01,3781.82
C01055,2026-02,3781.82
C01055,2026-03,3781.82
C01055,2026-04,3781.82
C01055,2026-05,3781.82
C01055,2026-06,3781.82
C01056,2025-07,4108.09
C01056,2025-08,4108.09
C01056,2025-09,4108.09
C01056,2025-10,4108.09
C01056,2025-11,4108.09
C01056,2025-12,4108.09
C01056,2026-01,4108.09
C01056,2026-02,4108.09
C01056,2026-03,4108.09
C01056,2026-04,4108.09
C01056,2026-05,4108.09
C01056,2026-06,4108.09
C01057,2025-07,102813.68
C01057,2025-08,102813.68
C01057,2025-09,102813.68
C01057,2025-10,102813.68
C01057,2025-11,102813.68
C01057,2025-12,102813.68
C01057,2026-01,102813.68
C01057,2026-02,102813.68
C01057,2026-03,102813.68
C01058,2025-07,40096.16
C01058,2025-08,40096.16
C01058,2025-09,40096.16
C01058,2025-10,40096.16
C01058,2025-11,40096.16
C01058,2025-12,40096.16
C01058,2026-01,40096.16
C01058,2026-02,40096.16
C01058,2026-03,40096.16
C01058,2026-04,40096.16
C01058,2026-05,40096.16
C01058,2026-06,40096.16
C01059,2025-07,2867.95
C01059,2025-08,2867.95
C01059,2025-09,2867.95
C01059,2025-10,2867.95
C01059,2025-11,2867.95
C01059,2025-12,2867.95
C01059,2026-01,2867.95
C01059,2026-02,2867.95
C01059,2026-03,2867.95
C01059,2026-04,2867.95
C01059,2026-05,2867.95
C01059,2026-06,2867.95
C01060,2025-07,28478.44
C01060,2025-08,28478.44
C01060,2025-09,28478.44
C01060,2025-10,28478.44
C01060,2025-11,28478.44
C01060,2025-12,28478.44
C01060,2026-01,28478.44
C01060,2026-02,28478.44
C01060,2026-03,28478.44
C01060,2026-04,28478.44
C01060,2026-05,28478.44
C01060,2026-06,28478.44
C01061,2025-07,6329.59
C01061,2025-08,6329.59
C01061,2025-09,6329.59
C01062,2025-07,53286.04
C01062,2025-08,53286.04
C01062,2025-09,53286.04
C01062,2025-10,53286.04
C01062,2025-11,53286.04
C01062,2025-12,53286.04
C01062,2026-01,53286.04
C01062,2026-02,53286.04
C01062,2026-03,53286.04
C01062,2026-04,53286.04
C01062,2026-05,53286.04
C01062,2026-06,53286.04
C01063,2025-07,6368.46
C01063,2025-08,6368.46
C01063,2025-09,6368.46
C01063,2025-10,6368.46
C01063,2025-11,6368.46
C01063,2025-12,6368.46
C01063,2026-01,6368.46
C01063,2026-02,6368.46
C01063,2026-03,6368.46
C01063,2026-04,6368.46
C01063,2026-05,6368.46
C01064,2025-07,42510.69
C01064,2025-08,42510.69
C01064,2025-09,42510.69
C01064,2025-10,42510.69
C01064,2025-11,42510.69
C01064,2025-12,42510.69
C01064,2026-01,42510.69
C01064,2026-02,42510.69
C01064,2026-03,42510.69
C01064,2026-04,42510.69
C01064,2026-05,42510.69
C01064,2026-06,42510.69
C01065,2025-07,154077.78
C01065,2025-08,154077.78
C01065,2025-09,154077.78
C01065,2025-10,154077.78
C01065,2025-11,154077.78
C01065,2025-12,154077.78
C01065,2026-01,154077.78
C01065,2026-02,154077.78
C01065,2026-03,154077.78
C01065,2026-04,154077.78
C01065,2026-05,154077.78
C01065,2026-06,154077.78
C01066,2025-07,141414.88
C01066,2025-08,141414.88
C01066,2025-09,141414.88
C01066,2025-10,141414.88
C01066,2025-11,141414.88
C01066,2025-12,141414.88
C01066,2026-01,141414.88
C01066,2026-02,141414.88
C01066,2026-03,141414.88
C01066,2026-04,141414.88
C01066,2026-05,141414.88
C01066,2026-06,141414.88
C01067,2025-07,42427.01
C01067,2025-08,42427.01
C01067,2025-09,42427.01
C01067,2025-10,42427.01
C01067,2025-11,42427.01
C01067,2025-12,42427.01
C01067,2026-01,42427.01
C01067,2026-02,42427.01
C01067,2026-03,42427.01
C01067,2026-04,42427.01
C01067,2026-05,42427.01
C01067,2026-06,42427.01
C01068,2025-07,39229.21
C01068,2025-08,39229.21
C01068,2025-09,39229.21
C01068,2025-10,39229.21
C01068,2025-11,39229.21
C01068,2025-12,39229.21
C01068,2026-01,39229.21
C01068,2026-02,39229.21
C01068,2026-03,39229.21
C01068,2026-04,39229.21
C01068,2026-05,39229.21
C01068,2026-06,39229.21
C01069,2025-07,10192.04
C01069,2025-08,10192.04
C01070,2025-07,53274.7
C01070,2025-08,53274.7
C01070,2025-09,53274.7
C01070,2025-10,53274.7
C01070,2025-11,53274.7
C01070,2025-12,53274.7
C01070,2026-01,53274.7
C01070,2026-02,53274.7
C01070,2026-03,53274.7
C01070,2026-04,53274.7
C01070,2026-05,53274.7
C01070,2026-06,53274.7
C01071,2025-07,3918.62
C01071,2025-08,3918.62
C01071,2025-09,3918.62
C01071,2025-10,3918.62
C01071,2025-11,3918.62
C01071,2025-12,3918.62
C01071,2026-01,3918.62
C01071,2026-02,3918.62
C01071,2026-03,3918.62
C01071,2026-04,3918.62
C01071,2026-05,3918.62
C01071,2026-06,3918.62
C01072,2025-08,207909.64
C01072,2025-09,207909.64
C01072,2025-10,207909.64
C01072,2025-11,207909.64
C01072,2025-12,207909.64
C01072,2026-01,207909.64
C01072,2026-02,207909.64
C01072,2026-03,207909.64
C01072,2026-04,207909.64
C01072,2026-05,207909.64
C01072,2026-06,207909.64
C01073,2025-08,125791.51
C01073,2025-09,95703.79
C01073,2025-10,95703.79
C01073,2025-11,128393.46
C01073,2025-12,128393.46
C01073,2026-01,128393.46
C01073,2026-02,128393.46
C01073,2026-03,128393.46
C01073,2026-04,128393.46
C01073,2026-05,128393.46
C01073,2026-06,128393.46
C01074,2025-08,52204.65
C01074,2025-09,52204.65
C01074,2025-10,52204.65
C01074,2025-11,52204.65
C01074,2025-12,52204.65
C01074,2026-01,52204.65
C01074,2026-02,52204.65
C01074,2026-03,52204.65
C01074,2026-04,52204.65
C01074,2026-05,52204.65
C01074,2026-06,52204.65
C01075,2025-08,219298.26
C01075,2025-09,219298.26
C01075,2025-10,219298.26
C01075,2025-11,219298.26
C01075,2025-12,219298.26
C01075,2026-01,219298.26
C01075,2026-02,219298.26
C01075,2026-03,219298.26
C01075,2026-04,219298.26
C01075,2026-05,219298.26
C01075,2026-06,219298.26
C01076,2025-08,43845.12
C01076,2025-09,43845.12
C01076,2025-10,43845.12
C01076,2025-11,43845.12
C01076,2025-12,43845.12
C01076,2026-01,43845.12
C01076,2026-02,43845.12
C01076,2026-03,43845.12
C01076,2026-04,43845.12
C01076,2026-05,43845.12
C01076,2026-06,43845.12
C01077,2025-08,14429.66
C01077,2025-09,14429.66
C01077,2025-10,14429.66
C01077,2025-11,14429.66
C01077,2025-12,14429.66
C01077,2026-01,14429.66
C01077,2026-02,14429.66
C01077,2026-03,14429.66
C01077,2026-04,14429.66
C01077,2026-05,14429.66
C01077,2026-06,14429.66
C01078,2025-08,40199.31
C01079,2025-08,9575.56
C01079,2025-09,9575.56
C01079,2025-10,9575.56
C01079,2025-11,9575.56
C01079,2025-12,9575.56
C01079,2026-01,9575.56
C01079,2026-02,9575.56
C01079,2026-03,9575.56
C01079,2026-04,9575.56
C01079,2026-05,9575.56
C01079,2026-06,9575.56
C01080,2025-08,15754.37
C01080,2025-09,15754.37
C01080,2025-10,15754.37
C01080,2025-11,15754.37
C01080,2025-12,15754.37
C01080,2026-01,15754.37
C01080,2026-02,15754.37
C01080,2026-03,15754.37
C01080,2026-04,15754.37
C01080,2026-05,15754.37
C01080,2026-06,15754.37
C01081,2025-08,5218.99
C01081,2025-09,5218.99
C01081,2025-10,5218.99
C01081,2025-11,5218.99
C01081,2025-12,5218.99
C01081,2026-01,5218.99
C01081,2026-02,5218.99
C01081,2026-03,5218.99
C01081,2026-04,5218.99
C01081,2026-05,5218.99
C01081,2026-06,5218.99
C01082,2025-08,5799.15
C01082,2025-09,5799.15
C01082,2025-10,5799.15
C01082,2025-11,5799.15
C01082,2025-12,5799.15
C01082,2026-01,5799.15
C01082,2026-02,5799.15
C01082,2026-03,5799.15
C01082,2026-04,5799.15
C01082,2026-05,5799.15
C01082,2026-06,5799.15
C01083,2025-08,11175.61
C01083,2025-09,11175.61
C01083,2025-10,11175.61
C01083,2025-11,11175.61
C01083,2025-12,11175.61
C01083,2026-01,11175.61
C01083,2026-02,11175.61
C01083,2026-03,11175.61
C01083,2026-04,11175.61
C01083,2026-05,11175.61
C01083,2026-06,11175.61
C01084,2025-08,9784.48
C01084,2025-09,9784.48
C01084,2025-10,9784.48
C01084,2025-11,9784.48
C01084,2025-12,9784.48
C01084,2026-01,9784.48
C01084,2026-02,9784.48
C01084,2026-03,9784.48
C01084,2026-04,9784.48
C01084,2026-05,9784.48
C01084,2026-06,9784.48
C01085,2025-08,4775.39
C01085,2025-09,4775.39
C01085,2025-10,4775.39
C01085,2025-11,4775.39
C01085,2025-12,4775.39
C01085,2026-01,4775.39
C01085,2026-02,4775.39
C01085,2026-03,4775.39
C01085,2026-04,4775.39
C01085,2026-05,4775.39
C01085,2026-06,4775.39
C01086,2025-08,10497.16
C01086,2025-09,10497.16
C01086,2025-10,10497.16
C01086,2025-11,10497.16
C01086,2025-12,10497.16
C01086,2026-01,10497.16
C01086,2026-02,10497.16
C01086,2026-03,10497.16
C01086,2026-04,10497.16
C01086,2026-05,10497.16
C01086,2026-06,10497.16
C01087,2025-08,11323.85
C01087,2025-09,11323.85
C01087,2025-10,11323.85
C01087,2025-11,11323.85
C01087,2025-12,11323.85
C01087,2026-01,11323.85
C01087,2026-02,11323.85
C01087,2026-03,11323.85
C01087,2026-04,11323.85
C01088,2025-08,210751.89
C01088,2025-09,210751.89
C01088,2025-10,210751.89
C01088,2025-11,210751.89
C01088,2025-12,210751.89
C01088,2026-01,210751.89
C01088,2026-02,210751.89
C01088,2026-03,210751.89
C01088,2026-04,210751.89
C01088,2026-05,210751.89
C01088,2026-06,210751.89
C01089,2025-08,52846.73
C01089,2025-09,52846.73
C01089,2025-10,52846.73
C01089,2025-11,52846.73
C01089,2025-12,52846.73
C01089,2026-01,52846.73
C01089,2026-02,52846.73
C01089,2026-03,52846.73
C01089,2026-04,52846.73
C01089,2026-05,52846.73
C01089,2026-06,52846.73
C01090,2025-08,33773.93
C01090,2025-09,33773.93
C01090,2025-10,33773.93
C01090,2025-11,33773.93
C01090,2025-12,33773.93
C01090,2026-01,33773.93
C01090,2026-02,33773.93
C01090,2026-03,33773.93
C01090,2026-04,33773.93
C01090,2026-05,33773.93
C01090,2026-06,33773.93
C01091,2025-08,9585.96
C01091,2025-09,9585.96
C01091,2025-10,9585.96
C01091,2025-11,9585.96
C01091,2025-12,9585.96
C01091,2026-01,9585.96
C01091,2026-02,9585.96
C01091,2026-03,9585.96
C01091,2026-04,9585.96
C01091,2026-05,9585.96
C01091,2026-06,9585.96
C01092,2025-08,6570.49
C01092,2025-09,6570.49
C01092,2025-10,6570.49
C01092,2025-11,6570.49
C01092,2025-12,6570.49
C01092,2026-01,6570.49
C01092,2026-02,6570.49
C01093,2025-08,33060.96
C01093,2025-09,33060.96
C01093,2025-10,33060.96
C01093,2025-11,33060.96
C01093,2025-12,33060.96
C01093,2026-01,33060.96
C01093,2026-02,33060.96
C01093,2026-03,33060.96
C01093,2026-04,33060.96
C01093,2026-05,40062.77
C01093,2026-06,40062.77
C01094,2025-08,22651.87
C01094,2025-09,22651.87
C01094,2025-10,22651.87
C01094,2025-11,22651.87
C01094,2025-12,22651.87
C01094,2026-01,22651.87
C01094,2026-02,22651.87
C01094,2026-03,22651.87
C01094,2026-04,22651.87
C01094,2026-05,22651.87
C01094,2026-06,22651.87
C01095,2025-08,10793.21
C01096,2025-08,8806.33
C01096,2025-09,8806.33
C01096,2025-10,8806.33
C01096,2025-11,8806.33
C01096,2025-12,8806.33
C01096,2026-01,8806.33
C01096,2026-02,8806.33
C01096,2026-03,8806.33
C01096,2026-04,8806.33
C01096,2026-05,8806.33
C01096,2026-06,8806.33
C01097,2025-08,5850.71
C01097,2025-09,5850.71
C01097,2025-10,5850.71
C01097,2025-11,5850.71
C01097,2025-12,5850.71
C01097,2026-01,5850.71
C01097,2026-02,5850.71
C01097,2026-03,5850.71
C01097,2026-04,5850.71
C01097,2026-05,5850.71
C01097,2026-06,5850.71
C01098,2025-08,58741.74
C01098,2025-09,58741.74
C01098,2025-10,58741.74
C01098,2025-11,58741.74
C01098,2025-12,58741.74
C01098,2026-01,58741.74
C01098,2026-02,58741.74
C01098,2026-03,58741.74
C01098,2026-04,58741.74
C01098,2026-05,58741.74
C01098,2026-06,58741.74
C01099,2025-08,9754.57
C01099,2025-09,9754.57
C01099,2025-10,9754.57
C01099,2025-11,9754.57
C01099,2025-12,9754.57
C01099,2026-01,9754.57
C01099,2026-02,9754.57
C01099,2026-03,9754.57
C01099,2026-04,9754.57
C01099,2026-05,9754.57
C01099,2026-06,9754.57
C01100,2025-08,12743.76
C01100,2025-09,12743.76
C01100,2025-10,12743.76
C01100,2025-11,12743.76
C01100,2025-12,12743.76
C01100,2026-01,12743.76
C01100,2026-02,12743.76
C01100,2026-03,12743.76
C01100,2026-04,12743.76
C01100,2026-05,12743.76
C01100,2026-06,12743.76
C01101,2025-08,9583.81
C01101,2025-09,9583.81
C01101,2025-10,9583.81
C01101,2025-11,9583.81
C01101,2025-12,9583.81
C01101,2026-01,9583.81
C01101,2026-02,9583.81
C01101,2026-03,9583.81
C01101,2026-04,9583.81
C01101,2026-05,9583.81
C01101,2026-06,10065.41
C01102,2025-08,11561.31
C01102,2025-09,11561.31
C01102,2025-10,11561.31
C01102,2025-11,11561.31
C01102,2025-12,11561.31
C01102,2026-01,11561.31
C01102,2026-02,11561.31
C01102,2026-03,11561.31
C01102,2026-04,11561.31
C01102,2026-05,11561.31
C01102,2026-06,11561.31
C01103,2025-08,14916.3
C01103,2025-09,14916.3
C01103,2025-10,14916.3
C01103,2025-11,14916.3
C01103,2025-12,14916.3
C01103,2026-01,14916.3
C01103,2026-02,14916.3
C01103,2026-03,14916.3
C01103,2026-04,14916.3
C01103,2026-05,14916.3
C01103,2026-06,14916.3
C01104,2025-09,60305.87
C01104,2025-10,60305.87
C01104,2025-11,60305.87
C01104,2025-12,60305.87
C01104,2026-01,60305.87
C01104,2026-02,60305.87
C01104,2026-03,60305.87
C01104,2026-04,60305.87
C01104,2026-05,60305.87
C01104,2026-06,60305.87
C01105,2025-09,3105.07
C01105,2025-10,3105.07
C01105,2025-11,3105.07
C01105,2025-12,3105.07
C01105,2026-01,3105.07
C01105,2026-02,3105.07
C01105,2026-03,3105.07
C01105,2026-04,3105.07
C01105,2026-05,3105.07
C01105,2026-06,3105.07
C01106,2025-09,15233.55
C01106,2025-10,15233.55
C01106,2025-11,15233.55
C01106,2025-12,15233.55
C01106,2026-01,15233.55
C01106,2026-02,15233.55
C01106,2026-03,15233.55
C01106,2026-04,15233.55
C01106,2026-05,15233.55
C01106,2026-06,15233.55
C01107,2025-09,222290.19
C01107,2025-10,222290.19
C01107,2025-11,222290.19
C01107,2025-12,222290.19
C01107,2026-01,222290.19
C01107,2026-02,222290.19
C01107,2026-03,222290.19
C01107,2026-04,222290.19
C01107,2026-05,222290.19
C01107,2026-06,222290.19
C01108,2025-09,8157.87
C01108,2025-10,8157.87
C01108,2025-11,8157.87
C01108,2025-12,8157.87
C01108,2026-01,8157.87
C01108,2026-02,8157.87
C01108,2026-03,8157.87
C01108,2026-04,8157.87
C01108,2026-05,8157.87
C01108,2026-06,5974.01
C01109,2025-09,4113.4
C01109,2025-10,4113.4
C01109,2025-11,4113.4
C01109,2025-12,4113.4
C01109,2026-01,4113.4
C01109,2026-02,4113.4
C01109,2026-03,4113.4
C01109,2026-04,4113.4
C01109,2026-05,4113.4
C01109,2026-06,4113.4
C01110,2025-09,33255.38
C01110,2025-10,33255.38
C01110,2025-11,33255.38
C01110,2025-12,33255.38
C01110,2026-01,33255.38
C01110,2026-02,33255.38
C01110,2026-03,33255.38
C01110,2026-04,33255.38
C01110,2026-05,33255.38
C01110,2026-06,33255.38
C01111,2025-09,7797.5
C01111,2025-10,7797.5
C01111,2025-11,7797.5
C01111,2025-12,7797.5
C01111,2026-01,7797.5
C01111,2026-02,7797.5
C01111,2026-03,7797.5
C01111,2026-04,7797.5
C01111,2026-05,7797.5
C01112,2025-09,4400.53
C01112,2025-10,4400.53
C01112,2025-11,4400.53
C01112,2025-12,4400.53
C01112,2026-01,4400.53
C01112,2026-02,4400.53
C01112,2026-03,4400.53
C01112,2026-04,4400.53
C01112,2026-05,4400.53
C01112,2026-06,4400.53
C01113,2025-09,11069.83
C01113,2025-10,11069.83
C01113,2025-11,11069.83
C01113,2025-12,11069.83
C01113,2026-01,11069.83
C01113,2026-02,11069.83
C01113,2026-03,11069.83
C01113,2026-04,11069.83
C01113,2026-05,11069.83
C01113,2026-06,11069.83
C01114,2025-09,80028.9
C01114,2025-10,80028.9
C01114,2025-11,80028.9
C01114,2025-12,80028.9
C01114,2026-01,80028.9
C01114,2026-02,80028.9
C01114,2026-03,80028.9
C01114,2026-04,80028.9
C01114,2026-05,80028.9
C01114,2026-06,80028.9
C01115,2025-09,55181.0
C01115,2025-10,47305.26
C01115,2025-11,47305.26
C01115,2025-12,47305.26
C01115,2026-01,47305.26
C01115,2026-02,47305.26
C01115,2026-03,47305.26
C01115,2026-04,47305.26
C01115,2026-05,47305.26
C01115,2026-06,47305.26
C01116,2025-09,54156.8
C01116,2025-10,54156.8
C01116,2025-11,54156.8
C01116,2025-12,54156.8
C01116,2026-01,54156.8
C01116,2026-02,54156.8
C01116,2026-03,54156.8
C01116,2026-04,54156.8
C01116,2026-05,54156.8
C01116,2026-06,54156.8
C01117,2025-09,8974.84
C01117,2025-10,8974.84
C01117,2025-11,8974.84
C01117,2025-12,8974.84
C01117,2026-01,8974.84
C01117,2026-02,8974.84
C01117,2026-03,8974.84
C01117,2026-04,8974.84
C01117,2026-05,8974.84
C01117,2026-06,8974.84
C01118,2025-09,221778.62
C01118,2025-10,221778.62
C01118,2025-11,221778.62
C01118,2025-12,221778.62
C01118,2026-01,221778.62
C01118,2026-02,221778.62
C01118,2026-03,221778.62
C01118,2026-04,221778.62
C01118,2026-05,221778.62
C01118,2026-06,221778.62
C01119,2025-09,6222.28
C01119,2025-10,6222.28
C01119,2025-11,6222.28
C01119,2025-12,6222.28
C01119,2026-01,6222.28
C01119,2026-02,6222.28
C01119,2026-03,6222.28
C01119,2026-04,6222.28
C01119,2026-05,6222.28
C01119,2026-06,6222.28
C01120,2025-09,4787.69
C01120,2025-10,4787.69
C01120,2025-11,4787.69
C01120,2025-12,4787.69
C01120,2026-01,4787.69
C01120,2026-02,4787.69
C01120,2026-03,4787.69
C01120,2026-04,4787.69
C01120,2026-05,4787.69
C01120,2026-06,4787.69
C01121,2025-09,19118.96
C01121,2025-10,19118.96
C01121,2025-11,19118.96
C01121,2025-12,19118.96
C01121,2026-01,19118.96
C01121,2026-02,19118.96
C01121,2026-03,19118.96
C01121,2026-04,19118.96
C01121,2026-05,19118.96
C01121,2026-06,19118.96
C01122,2025-09,112194.99
C01122,2025-10,112194.99
C01122,2025-11,112194.99
C01122,2025-12,112194.99
C01122,2026-01,112194.99
C01122,2026-02,112194.99
C01122,2026-03,112194.99
C01122,2026-04,112194.99
C01122,2026-05,112194.99
C01122,2026-06,112194.99
C01123,2025-09,11136.85
C01123,2025-10,11136.85
C01123,2025-11,11136.85
C01123,2025-12,11136.85
C01123,2026-01,11136.85
C01123,2026-02,11136.85
C01123,2026-03,11136.85
C01123,2026-04,11136.85
C01123,2026-05,11136.85
C01123,2026-06,11136.85
C01124,2025-09,20505.16
C01124,2025-10,20505.16
C01124,2025-11,20505.16
C01124,2025-12,20505.16
C01124,2026-01,20505.16
C01124,2026-02,20505.16
C01124,2026-03,20505.16
C01124,2026-04,20505.16
C01124,2026-05,20505.16
C01124,2026-06,20505.16
C01125,2025-09,43982.0
C01125,2025-10,43982.0
C01125,2025-11,43982.0
C01125,2025-12,43982.0
C01125,2026-01,43982.0
C01125,2026-02,43982.0
C01125,2026-03,43982.0
C01125,2026-04,43982.0
C01125,2026-05,43982.0
C01125,2026-06,43982.0
C01126,2025-09,16427.31
C01126,2025-10,16427.31
C01126,2025-11,16427.31
C01126,2025-12,16427.31
C01126,2026-01,16427.31
C01126,2026-02,16427.31
C01126,2026-03,16427.31
C01126,2026-04,16427.31
C01126,2026-05,16427.31
C01126,2026-06,16427.31
C01127,2025-09,8615.18
C01127,2025-10,8615.18
C01127,2025-11,8615.18
C01128,2025-09,7165.91
C01128,2025-10,7165.91
C01128,2025-11,7165.91
C01128,2025-12,7165.91
C01128,2026-01,7165.91
C01128,2026-02,7165.91
C01128,2026-03,7165.91
C01128,2026-04,7165.91
C01128,2026-05,7165.91
C01128,2026-06,7165.91
C01129,2025-09,5217.12
C01129,2025-10,5217.12
C01129,2025-11,5217.12
C01129,2025-12,5217.12
C01129,2026-01,5217.12
C01129,2026-02,5217.12
C01129,2026-03,5217.12
C01129,2026-04,5217.12
C01129,2026-05,5217.12
C01129,2026-06,5217.12
C01130,2025-09,176520.71
C01130,2025-10,176520.71
C01130,2025-11,176520.71
C01130,2025-12,176520.71
C01130,2026-01,176520.71
C01130,2026-02,176520.71
C01130,2026-03,176520.71
C01130,2026-04,176520.71
C01130,2026-05,176520.71
C01130,2026-06,176520.71
C01131,2025-09,134448.34
C01131,2025-10,134448.34
C01131,2025-11,134448.34
C01131,2025-12,134448.34
C01131,2026-01,134448.34
C01131,2026-02,134448.34
C01131,2026-03,134448.34
C01131,2026-04,134448.34
C01131,2026-05,134448.34
C01131,2026-06,134448.34
C01132,2025-09,34894.48
C01132,2025-10,34894.48
C01132,2025-11,34894.48
C01132,2025-12,34894.48
C01132,2026-01,34894.48
C01132,2026-02,34894.48
C01132,2026-03,34894.48
C01132,2026-04,34894.48
C01132,2026-05,34894.48
C01132,2026-06,29945.52
C01133,2025-09,5082.16
C01133,2025-10,5082.16
C01133,2025-11,5082.16
C01133,2025-12,5082.16
C01133,2026-01,5082.16
C01133,2026-02,5082.16
C01133,2026-03,5082.16
C01133,2026-04,5082.16
C01133,2026-05,5082.16
C01133,2026-06,5082.16
C01134,2025-09,4790.94
C01134,2025-10,4790.94
C01134,2025-11,4790.94
C01134,2025-12,4790.94
C01134,2026-01,5053.21
C01134,2026-02,5053.21
C01134,2026-03,5053.21
C01134,2026-04,5053.21
C01134,2026-05,5053.21
C01134,2026-06,5053.21
C01135,2025-09,20559.41
C01135,2025-10,20559.41
C01135,2025-11,20559.41
C01135,2025-12,20559.41
C01135,2026-01,20559.41
C01135,2026-02,20559.41
C01135,2026-03,20559.41
C01135,2026-04,20559.41
C01135,2026-05,20559.41
C01135,2026-06,20559.41
C01136,2025-09,5061.8
C01136,2025-10,5061.8
C01136,2025-11,5061.8
C01136,2025-12,5061.8
C01136,2026-01,5061.8
C01136,2026-02,5061.8
C01136,2026-03,5061.8
C01136,2026-04,5061.8
C01136,2026-05,5061.8
C01136,2026-06,5061.8
C01137,2025-09,33368.69
C01137,2025-10,33368.69
C01137,2025-11,33368.69
C01137,2025-12,33368.69
C01137,2026-01,33368.69
C01137,2026-02,33368.69
C01137,2026-03,33368.69
C01137,2026-04,33368.69
C01137,2026-05,33368.69
C01137,2026-06,33368.69
C01138,2025-09,58989.65
C01138,2025-10,58989.65
C01138,2025-11,58989.65
C01138,2025-12,58989.65
C01138,2026-01,58989.65
C01138,2026-02,58989.65
C01138,2026-03,58989.65
C01138,2026-04,58989.65
C01138,2026-05,58989.65
C01138,2026-06,58989.65
C01139,2025-09,4355.35
C01139,2025-10,4355.35
C01139,2025-11,4355.35
C01139,2025-12,4355.35
C01139,2026-01,4355.35
C01139,2026-02,4355.35
C01139,2026-03,4355.35
C01139,2026-04,4355.35
C01139,2026-05,4355.35
C01139,2026-06,4355.35
C01140,2025-09,21232.48
C01140,2025-10,21232.48
C01140,2025-11,21232.48
C01140,2025-12,21232.48
C01140,2026-01,21232.48
C01140,2026-02,21232.48
C01140,2026-03,21232.48
C01140,2026-04,21232.48
C01140,2026-05,21232.48
C01140,2026-06,21232.48
C01141,2025-09,11754.69
C01141,2025-10,11754.69
C01141,2025-11,11754.69
C01141,2025-12,11754.69
C01141,2026-01,11754.69
C01141,2026-02,11754.69
C01141,2026-03,11754.69
C01141,2026-04,11754.69
C01141,2026-05,11754.69
C01141,2026-06,11754.69
C01142,2025-09,7701.69
C01143,2025-09,59874.01
C01143,2025-10,80521.7
C01143,2025-11,80521.7
C01143,2025-12,80521.7
C01143,2026-01,80521.7
C01143,2026-02,80521.7
C01143,2026-03,80521.7
C01143,2026-04,80521.7
C01143,2026-05,80521.7
C01143,2026-06,80521.7
C01144,2025-09,4904.97
C01144,2025-10,4904.97
C01144,2025-11,4904.97
C01144,2025-12,4904.97
C01144,2026-01,4904.97
C01144,2026-02,4904.97
C01144,2026-03,4904.97
C01144,2026-04,4904.97
C01144,2026-05,4904.97
C01144,2026-06,4904.97
C01145,2025-10,2564.47
C01145,2025-11,2564.47
C01145,2025-12,2564.47
C01145,2026-01,2564.47
C01145,2026-02,2564.47
C01145,2026-03,2564.47
C01145,2026-04,2564.47
C01145,2026-05,2564.47
C01145,2026-06,2564.47
C01146,2025-10,4420.91
C01146,2025-11,4420.91
C01146,2025-12,4420.91
C01146,2026-01,4420.91
C01146,2026-02,4420.91
C01146,2026-03,4420.91
C01146,2026-04,4420.91
C01146,2026-05,4420.91
C01146,2026-06,4420.91
C01147,2025-10,32640.78
C01147,2025-11,32640.78
C01147,2025-12,32640.78
C01147,2026-01,32640.78
C01147,2026-02,32640.78
C01147,2026-03,32640.78
C01147,2026-04,32640.78
C01147,2026-05,32640.78
C01147,2026-06,32640.78
C01148,2025-10,4997.78
C01148,2025-11,4997.78
C01148,2025-12,4997.78
C01148,2026-01,4997.78
C01148,2026-02,4997.78
C01148,2026-03,4997.78
C01148,2026-04,4997.78
C01148,2026-05,4997.78
C01148,2026-06,4997.78
C01149,2025-10,56061.4
C01149,2025-11,56061.4
C01149,2025-12,56061.4
C01149,2026-01,56061.4
C01149,2026-02,56061.4
C01149,2026-03,56061.4
C01149,2026-04,56061.4
C01149,2026-05,56061.4
C01149,2026-06,56061.4
C01150,2025-10,48118.22
C01150,2025-11,48118.22
C01150,2025-12,48118.22
C01150,2026-01,48118.22
C01150,2026-02,48118.22
C01150,2026-03,48118.22
C01150,2026-04,48118.22
C01150,2026-05,48118.22
C01150,2026-06,48118.22
C01151,2025-10,2124.64
C01151,2025-11,2124.64
C01151,2025-12,2124.64
C01151,2026-01,2124.64
C01151,2026-02,2124.64
C01151,2026-03,2124.64
C01151,2026-04,2124.64
C01151,2026-05,2124.64
C01151,2026-06,2124.64
C01152,2025-10,38703.31
C01152,2025-11,38703.31
C01152,2025-12,38703.31
C01152,2026-01,38703.31
C01152,2026-02,38703.31
C01152,2026-03,38703.31
C01152,2026-04,38703.31
C01152,2026-05,38703.31
C01152,2026-06,38703.31
C01153,2025-10,11871.38
C01153,2025-11,11871.38
C01153,2025-12,11871.38
C01153,2026-01,11871.38
C01153,2026-02,11871.38
C01153,2026-03,11871.38
C01153,2026-04,11871.38
C01153,2026-05,11871.38
C01153,2026-06,11871.38
C01154,2025-10,4851.5
C01154,2025-11,4851.5
C01154,2025-12,4851.5
C01154,2026-01,4851.5
C01154,2026-02,4851.5
C01154,2026-03,4851.5
C01154,2026-04,4851.5
C01154,2026-05,4851.5
C01154,2026-06,4851.5
C01155,2025-10,37249.65
C01155,2025-11,37249.65
C01155,2025-12,37249.65
C01155,2026-01,37249.65
C01155,2026-02,37249.65
C01155,2026-03,37249.65
C01155,2026-04,37249.65
C01155,2026-05,37249.65
C01155,2026-06,37249.65
C01156,2025-10,14457.24
C01156,2025-11,14457.24
C01156,2025-12,14457.24
C01156,2026-01,14457.24
C01156,2026-02,14457.24
C01156,2026-03,14457.24
C01156,2026-04,14457.24
C01156,2026-05,14457.24
C01156,2026-06,14457.24
C01157,2025-10,94408.48
C01157,2025-11,94408.48
C01157,2025-12,94408.48
C01157,2026-01,94408.48
C01157,2026-02,94408.48
C01157,2026-03,94408.48
C01157,2026-04,94408.48
C01157,2026-05,94408.48
C01157,2026-06,94408.48
C01158,2025-10,6347.52
C01158,2025-11,6347.52
C01158,2025-12,6347.52
C01158,2026-01,6347.52
C01158,2026-02,6347.52
C01158,2026-03,6347.52
C01158,2026-04,6347.52
C01158,2026-05,6347.52
C01158,2026-06,6347.52
C01159,2025-10,1977.83
C01159,2025-11,1977.83
C01159,2025-12,1977.83
C01160,2025-10,35996.61
C01160,2025-11,35996.61
C01160,2025-12,35996.61
C01160,2026-01,35996.61
C01160,2026-02,35996.61
C01160,2026-03,35996.61
C01160,2026-04,35996.61
C01160,2026-05,35996.61
C01160,2026-06,35996.61
C01161,2025-10,44100.23
C01161,2025-11,44100.23
C01161,2025-12,44100.23
C01161,2026-01,44100.23
C01161,2026-02,44100.23
C01161,2026-03,44100.23
C01161,2026-04,44100.23
C01161,2026-05,44100.23
C01161,2026-06,44100.23
C01162,2025-10,11424.94
C01162,2025-11,11424.94
C01162,2025-12,11424.94
C01162,2026-01,11424.94
C01162,2026-02,11424.94
C01163,2025-10,7868.97
C01163,2025-11,7868.97
C01163,2025-12,7868.97
C01163,2026-01,7868.97
C01163,2026-02,7868.97
C01163,2026-03,7868.97
C01163,2026-04,7868.97
C01163,2026-05,7868.97
C01163,2026-06,7868.97
C01164,2025-10,37359.2
C01164,2025-11,37359.2
C01164,2025-12,37359.2
C01164,2026-01,37359.2
C01164,2026-02,37359.2
C01164,2026-03,37359.2
C01164,2026-04,37359.2
C01164,2026-05,37359.2
C01164,2026-06,37359.2
C01165,2025-10,7720.33
C01166,2025-10,9241.01
C01166,2025-11,9241.01
C01166,2025-12,9241.01
C01167,2025-10,23032.65
C01167,2025-11,23032.65
C01167,2025-12,23032.65
C01167,2026-01,23032.65
C01167,2026-02,23032.65
C01167,2026-03,23032.65
C01167,2026-04,23032.65
C01167,2026-05,23032.65
C01167,2026-06,23032.65
C01168,2025-10,15888.55
C01168,2025-11,15888.55
C01168,2025-12,15888.55
C01168,2026-01,15888.55
C01168,2026-02,15888.55
C01168,2026-03,15888.55
C01168,2026-04,15888.55
C01168,2026-05,15888.55
C01168,2026-06,15888.55
C01169,2025-10,10090.8
C01169,2025-11,10090.8
C01169,2025-12,10090.8
C01169,2026-01,10090.8
C01169,2026-02,10090.8
C01169,2026-03,10090.8
C01169,2026-04,10090.8
C01169,2026-05,10090.8
C01169,2026-06,10090.8
C01170,2025-10,47643.0
C01170,2025-11,47643.0
C01170,2025-12,47643.0
C01170,2026-01,47643.0
C01170,2026-02,47643.0
C01170,2026-03,47643.0
C01170,2026-04,47643.0
C01170,2026-05,47643.0
C01170,2026-06,47643.0
C01171,2025-10,9973.63
C01171,2025-11,9973.63
C01171,2025-12,9973.63
C01171,2026-01,9973.63
C01171,2026-02,9973.63
C01171,2026-03,9973.63
C01171,2026-04,9973.63
C01171,2026-05,9973.63
C01171,2026-06,9973.63
C01172,2025-10,8241.65
C01172,2025-11,8241.65
C01172,2025-12,8241.65
C01172,2026-01,8241.65
C01172,2026-02,8241.65
C01172,2026-03,8241.65
C01172,2026-04,8241.65
C01172,2026-05,8241.65
C01172,2026-06,8241.65
C01173,2025-10,12261.9
C01173,2025-11,12261.9
C01173,2025-12,12261.9
C01173,2026-01,12261.9
C01173,2026-02,12261.9
C01173,2026-03,12261.9
C01173,2026-04,12261.9
C01173,2026-05,12261.9
C01173,2026-06,12261.9
C01174,2025-10,25487.17
C01174,2025-11,25487.17
C01174,2025-12,25487.17
C01174,2026-01,25487.17
C01174,2026-02,25487.17
C01174,2026-03,25487.17
C01174,2026-04,25487.17
C01174,2026-05,29544.8
C01174,2026-06,29544.8
C01175,2025-10,57103.49
C01176,2025-10,35171.11
C01176,2025-11,35171.11
C01176,2025-12,35171.11
C01176,2026-01,35171.11
C01176,2026-02,35171.11
C01176,2026-03,35171.11
C01176,2026-04,35171.11
C01176,2026-05,35171.11
C01176,2026-06,35171.11
C01177,2025-11,9028.18
C01177,2025-12,9028.18
C01177,2026-01,9028.18
C01177,2026-02,9028.18
C01177,2026-03,9028.18
C01177,2026-04,9028.18
C01177,2026-05,9028.18
C01177,2026-06,9028.18
C01178,2025-11,27241.61
C01178,2025-12,29373.65
C01178,2026-01,29373.65
C01178,2026-02,29373.65
C01178,2026-03,29373.65
C01178,2026-04,29373.65
C01178,2026-05,29373.65
C01178,2026-06,29373.65
C01179,2025-11,34451.54
C01179,2025-12,34451.54
C01179,2026-01,34451.54
C01179,2026-02,34451.54
C01179,2026-03,34451.54
C01179,2026-04,34451.54
C01179,2026-05,34451.54
C01179,2026-06,34451.54
C01180,2025-11,7398.43
C01180,2025-12,7398.43
C01180,2026-01,7398.43
C01180,2026-02,7398.43
C01180,2026-03,7398.43
C01180,2026-04,7398.43
C01180,2026-05,7398.43
C01180,2026-06,7398.43
C01181,2025-11,28279.27
C01181,2025-12,28279.27
C01181,2026-01,28279.27
C01181,2026-02,37095.06
C01181,2026-03,37095.06
C01181,2026-04,37095.06
C01181,2026-05,37095.06
C01181,2026-06,42172.63
C01182,2025-11,2645.91
C01182,2025-12,2645.91
C01182,2026-01,2645.91
C01182,2026-02,2645.91
C01182,2026-03,2645.91
C01182,2026-04,2645.91
C01182,2026-05,2645.91
C01182,2026-06,2645.91
C01183,2025-11,57224.66
C01183,2025-12,57224.66
C01183,2026-01,57224.66
C01183,2026-02,57224.66
C01183,2026-03,57224.66
C01183,2026-04,57224.66
C01183,2026-05,57224.66
C01183,2026-06,57224.66
C01184,2025-11,30346.43
C01184,2025-12,30346.43
C01184,2026-01,30346.43
C01184,2026-02,30346.43
C01184,2026-03,30346.43
C01184,2026-04,30346.43
C01184,2026-05,30346.43
C01184,2026-06,30346.43
C01185,2025-11,7981.59
C01185,2025-12,7981.59
C01185,2026-01,7981.59
C01185,2026-02,7981.59
C01185,2026-03,7981.59
C01185,2026-04,7981.59
C01185,2026-05,7981.59
C01185,2026-06,7981.59
C01186,2025-11,10034.49
C01186,2025-12,12715.26
C01186,2026-01,12715.26
C01186,2026-02,12715.26
C01186,2026-03,12715.26
C01186,2026-04,12715.26
C01186,2026-05,12715.26
C01186,2026-06,12715.26
C01187,2025-11,10809.3
C01187,2025-12,12287.13
C01187,2026-01,12287.13
C01187,2026-02,12287.13
C01187,2026-03,12287.13
C01187,2026-04,12287.13
C01187,2026-05,12287.13
C01187,2026-06,12287.13
C01188,2025-11,38817.82
C01188,2025-12,38817.82
C01188,2026-01,38817.82
C01188,2026-02,38817.82
C01188,2026-03,38817.82
C01188,2026-04,38817.82
C01188,2026-05,38817.82
C01188,2026-06,38817.82
C01189,2025-11,40703.57
C01189,2025-12,40703.57
C01189,2026-01,40703.57
C01189,2026-02,40703.57
C01189,2026-03,40703.57
C01189,2026-04,40703.57
C01189,2026-05,40703.57
C01189,2026-06,40703.57
C01190,2025-11,205819.42
C01190,2025-12,205819.42
C01190,2026-01,205819.42
C01190,2026-02,205819.42
C01190,2026-03,205819.42
C01190,2026-04,205819.42
C01190,2026-05,205819.42
C01190,2026-06,205819.42
C01191,2025-11,10140.96
C01191,2025-12,10140.96
C01191,2026-01,10140.96
C01191,2026-02,10140.96
C01191,2026-03,10140.96
C01191,2026-04,11092.82
C01191,2026-05,11092.82
C01191,2026-06,11092.82
C01192,2025-11,46628.18
C01192,2025-12,46628.18
C01192,2026-01,46628.18
C01192,2026-02,46628.18
C01192,2026-03,46628.18
C01192,2026-04,38451.16
C01192,2026-05,38451.16
C01192,2026-06,38451.16
C01193,2025-11,56889.7
C01193,2025-12,56889.7
C01193,2026-01,56889.7
C01193,2026-02,56889.7
C01193,2026-03,56889.7
C01193,2026-04,56889.7
C01193,2026-05,56889.7
C01193,2026-06,56889.7
C01194,2025-11,9622.24
C01194,2025-12,9622.24
C01194,2026-01,9622.24
C01194,2026-02,9622.24
C01194,2026-03,9622.24
C01194,2026-04,9622.24
C01194,2026-05,9622.24
C01194,2026-06,9622.24
C01195,2025-11,216999.31
C01195,2025-12,216999.31
C01195,2026-01,216999.31
C01195,2026-02,216999.31
C01195,2026-03,216999.31
C01195,2026-04,216999.31
C01195,2026-05,216999.31
C01195,2026-06,216999.31
C01196,2025-11,204553.66
C01196,2025-12,204553.66
C01196,2026-01,204553.66
C01196,2026-02,204553.66
C01196,2026-03,158980.77
C01196,2026-04,158980.77
C01196,2026-05,158980.77
C01196,2026-06,158980.77
C01197,2025-11,3516.34
C01197,2025-12,3516.34
C01197,2026-01,3516.34
C01197,2026-02,3516.34
C01197,2026-03,3516.34
C01197,2026-04,3516.34
C01197,2026-05,3516.34
C01197,2026-06,3516.34
C01198,2025-11,3603.74
C01198,2025-12,3603.74
C01198,2026-01,3603.74
C01198,2026-02,3603.74
C01198,2026-03,3603.74
C01198,2026-04,3603.74
C01198,2026-05,3603.74
C01198,2026-06,3603.74
C01199,2025-11,30979.48
C01199,2025-12,30979.48
C01199,2026-01,30979.48
C01199,2026-02,30979.48
C01199,2026-03,30979.48
C01199,2026-04,30979.48
C01199,2026-05,30979.48
C01199,2026-06,30979.48
C01200,2025-11,3420.71
C01200,2025-12,3420.71
C01200,2026-01,3420.71
C01200,2026-02,3420.71
C01200,2026-03,3420.71
C01200,2026-04,3420.71
C01200,2026-05,3420.71
C01200,2026-06,3420.71
C01201,2025-11,86478.32
C01201,2025-12,86478.32
C01201,2026-01,86478.32
C01201,2026-02,86478.32
C01201,2026-03,86478.32
C01201,2026-04,86478.32
C01201,2026-05,86478.32
C01201,2026-06,86478.32
C01202,2025-11,50500.35
C01202,2025-12,50500.35
C01202,2026-01,50500.35
C01202,2026-02,50500.35
C01202,2026-03,50500.35
C01202,2026-04,50500.35
C01202,2026-05,50500.35
C01202,2026-06,50500.35
C01203,2025-11,36756.23
C01203,2025-12,36756.23
C01203,2026-01,36756.23
C01203,2026-02,36756.23
C01203,2026-03,36756.23
C01203,2026-04,36756.23
C01203,2026-05,36756.23
C01203,2026-06,36756.23
C01204,2025-11,28893.7
C01204,2025-12,28893.7
C01204,2026-01,28893.7
C01204,2026-02,28893.7
C01204,2026-03,28893.7
C01204,2026-04,28893.7
C01204,2026-05,28893.7
C01204,2026-06,28893.7
C01205,2025-11,16866.13
C01205,2025-12,16866.13
C01205,2026-01,16866.13
C01205,2026-02,16866.13
C01205,2026-03,16866.13
C01205,2026-04,16866.13
C01205,2026-05,16866.13
C01205,2026-06,16866.13
C01206,2025-11,8385.73
C01206,2025-12,9273.34
C01206,2026-01,9273.34
C01206,2026-02,9273.34
C01206,2026-03,9273.34
C01206,2026-04,9273.34
C01206,2026-05,9273.34
C01206,2026-06,9273.34
C01207,2025-11,11698.79
C01208,2025-11,56051.13
C01208,2025-12,56051.13
C01208,2026-01,56051.13
C01208,2026-02,56051.13
C01208,2026-03,56051.13
C01208,2026-04,56051.13
C01208,2026-05,56051.13
C01208,2026-06,56051.13
C01209,2025-11,7820.13
C01209,2025-12,7820.13
C01209,2026-01,7820.13
C01209,2026-02,7820.13
C01209,2026-03,7820.13
C01209,2026-04,7820.13
C01209,2026-05,7820.13
C01209,2026-06,7820.13
C01210,2025-11,230795.06
C01210,2025-12,230795.06
C01210,2026-01,230795.06
C01210,2026-02,230795.06
C01210,2026-03,230795.06
C01210,2026-04,230795.06
C01210,2026-05,230795.06
C01210,2026-06,230795.06
C01211,2025-11,5154.65
C01211,2025-12,5154.65
C01211,2026-01,5154.65
C01211,2026-02,5154.65
C01211,2026-03,5154.65
C01211,2026-04,5154.65
C01211,2026-05,5154.65
C01211,2026-06,5154.65
C01212,2025-11,3913.16
C01212,2025-12,3913.16
C01212,2026-01,3913.16
C01212,2026-02,3913.16
C01212,2026-03,3913.16
C01212,2026-04,3913.16
C01212,2026-05,3913.16
C01212,2026-06,3913.16
C01213,2025-11,210969.14
C01213,2025-12,210969.14
C01213,2026-01,210969.14
C01213,2026-02,210969.14
C01213,2026-03,210969.14
C01213,2026-04,210969.14
C01213,2026-05,210969.14
C01213,2026-06,210969.14
C01214,2025-11,48794.66
C01214,2025-12,48794.66
C01214,2026-01,48794.66
C01214,2026-02,48794.66
C01214,2026-03,48794.66
C01214,2026-04,48794.66
C01214,2026-05,48794.66
C01214,2026-06,48794.66
C01215,2025-11,10684.65
C01216,2025-11,113143.08
C01216,2025-12,113143.08
C01216,2026-01,113143.08
C01216,2026-02,113143.08
C01216,2026-03,113143.08
C01216,2026-04,113143.08
C01216,2026-05,113143.08
C01216,2026-06,113143.08
C01217,2025-12,7741.09
C01217,2026-01,7741.09
C01217,2026-02,7741.09
C01217,2026-03,7741.09
C01217,2026-04,7741.09
C01217,2026-05,7741.09
C01217,2026-06,7741.09
C01218,2025-12,10542.77
C01218,2026-01,10542.77
C01218,2026-02,10542.77
C01218,2026-03,10542.77
C01218,2026-04,10542.77
C01218,2026-05,10542.77
C01218,2026-06,10542.77
C01219,2025-12,49201.26
C01219,2026-01,49201.26
C01219,2026-02,49201.26
C01219,2026-03,49201.26
C01219,2026-04,49201.26
C01219,2026-05,49201.26
C01219,2026-06,49201.26
C01220,2025-12,191922.83
C01220,2026-01,191922.83
C01220,2026-02,191922.83
C01220,2026-03,191922.83
C01220,2026-04,191922.83
C01220,2026-05,191922.83
C01220,2026-06,191922.83
C01221,2025-12,10483.79
C01221,2026-01,10483.79
C01221,2026-02,10483.79
C01221,2026-03,10483.79
C01221,2026-04,10483.79
C01221,2026-05,10483.79
C01221,2026-06,10483.79
C01222,2025-12,49155.07
C01222,2026-01,49155.07
C01222,2026-02,49155.07
C01222,2026-03,49155.07
C01222,2026-04,56094.78
C01222,2026-05,56094.78
C01222,2026-06,56094.78
C01223,2025-12,11248.73
C01223,2026-01,11248.73
C01223,2026-02,11248.73
C01223,2026-03,11248.73
C01223,2026-04,11248.73
C01223,2026-05,11248.73
C01223,2026-06,11248.73
C01224,2025-12,13328.92
C01224,2026-01,13328.92
C01224,2026-02,13328.92
C01225,2025-12,8372.06
C01225,2026-01,8372.06
C01225,2026-02,8372.06
C01225,2026-03,8372.06
C01225,2026-04,8372.06
C01225,2026-05,8372.06
C01225,2026-06,8372.06
C01226,2025-12,9488.44
C01226,2026-01,9488.44
C01226,2026-02,9488.44
C01226,2026-03,9488.44
C01227,2025-12,7422.2
C01227,2026-01,7422.2
C01227,2026-02,7422.2
C01227,2026-03,7422.2
C01227,2026-04,7422.2
C01227,2026-05,7422.2
C01227,2026-06,7422.2
C01228,2025-12,9357.4
C01228,2026-01,9357.4
C01228,2026-02,9357.4
C01228,2026-03,9357.4
C01228,2026-04,9357.4
C01228,2026-05,9357.4
C01228,2026-06,9357.4
C01229,2025-12,57296.03
C01229,2026-01,57296.03
C01229,2026-02,57296.03
C01229,2026-03,57296.03
C01229,2026-04,57296.03
C01229,2026-05,57296.03
C01229,2026-06,57296.03
C01230,2025-12,2050.92
C01230,2026-01,2050.92
C01230,2026-02,2050.92
C01230,2026-03,2050.92
C01231,2025-12,43051.14
C01231,2026-01,43051.14
C01231,2026-02,43051.14
C01231,2026-03,43051.14
C01231,2026-04,43051.14
C01231,2026-05,43051.14
C01231,2026-06,43051.14
C01232,2025-12,9907.58
C01232,2026-01,9907.58
C01232,2026-02,9907.58
C01232,2026-03,9907.58
C01232,2026-04,9907.58
C01232,2026-05,9907.58
C01232,2026-06,9907.58
C01233,2025-12,5711.73
C01233,2026-01,5711.73
C01233,2026-02,5711.73
C01233,2026-03,5711.73
C01233,2026-04,5711.73
C01233,2026-05,5711.73
C01233,2026-06,5711.73
C01234,2025-12,11958.4
C01235,2025-12,13209.13
C01235,2026-01,13209.13
C01235,2026-02,13209.13
C01235,2026-03,13209.13
C01235,2026-04,13209.13
C01235,2026-05,13209.13
C01235,2026-06,13209.13
C01236,2025-12,109233.9
C01236,2026-01,109233.9
C01236,2026-02,109233.9
C01236,2026-03,109233.9
C01236,2026-04,109233.9
C01236,2026-05,109233.9
C01236,2026-06,109233.9
C01237,2025-12,34989.67
C01237,2026-01,34989.67
C01237,2026-02,34989.67
C01237,2026-03,34989.67
C01237,2026-04,34989.67
C01237,2026-05,34989.67
C01237,2026-06,34989.67
C01238,2025-12,44209.81
C01238,2026-01,44209.81
C01238,2026-02,44209.81
C01238,2026-03,44209.81
C01238,2026-04,44209.81
C01238,2026-05,44209.81
C01238,2026-06,44209.81
C01239,2025-12,100326.24
C01239,2026-01,100326.24
C01239,2026-02,100326.24
C01239,2026-03,100326.24
C01239,2026-04,100326.24
C01239,2026-05,100326.24
C01239,2026-06,100326.24
C01240,2025-12,4523.3
C01240,2026-01,4523.3
C01240,2026-02,4523.3
C01240,2026-03,4523.3
C01240,2026-04,4523.3
C01240,2026-05,4523.3
C01240,2026-06,4523.3
C01241,2025-12,8363.3
C01241,2026-01,8363.3
C01241,2026-02,8363.3
C01241,2026-03,8363.3
C01241,2026-04,8363.3
C01241,2026-05,8363.3
C01241,2026-06,8363.3
C01242,2025-12,29671.66
C01242,2026-01,29671.66
C01242,2026-02,29671.66
C01242,2026-03,29671.66
C01242,2026-04,29671.66
C01243,2025-12,127205.52
C01243,2026-01,127205.52
C01243,2026-02,127205.52
C01243,2026-03,127205.52
C01243,2026-04,127205.52
C01243,2026-05,127205.52
C01243,2026-06,127205.52
C01244,2025-12,212420.05
C01244,2026-01,212420.05
C01244,2026-02,212420.05
C01244,2026-03,212420.05
C01244,2026-04,212420.05
C01244,2026-05,212420.05
C01244,2026-06,212420.05
C01245,2025-12,6704.09
C01245,2026-01,6704.09
C01245,2026-02,6704.09
C01245,2026-03,6704.09
C01245,2026-04,6704.09
C01245,2026-05,6704.09
C01245,2026-06,6704.09
C01246,2025-12,5474.51
C01246,2026-01,5474.51
C01247,2025-12,25978.81
C01247,2026-01,25978.81
C01247,2026-02,25978.81
C01247,2026-03,25978.81
C01247,2026-04,25978.81
C01247,2026-05,25978.81
C01247,2026-06,25978.81
C01248,2025-12,6713.84
C01248,2026-01,6713.84
C01248,2026-02,6713.84
C01248,2026-03,6713.84
C01248,2026-04,6713.84
C01248,2026-05,6713.84
C01248,2026-06,6713.84
C01249,2025-12,3710.78
C01249,2026-01,3710.78
C01249,2026-02,3710.78
C01249,2026-03,3710.78
C01249,2026-04,3710.78
C01249,2026-05,3710.78
C01249,2026-06,3710.78
C01250,2025-12,53586.94
C01250,2026-01,64690.82
C01250,2026-02,64690.82
C01251,2025-12,2307.43
C01251,2026-01,2307.43
C01251,2026-02,2307.43
C01252,2025-12,11146.92
C01252,2026-01,11146.92
C01252,2026-02,11146.92
C01252,2026-03,11146.92
C01252,2026-04,11146.92
C01252,2026-05,7940.04
C01252,2026-06,7940.04
C01253,2025-12,4487.81
C01253,2026-01,4487.81
C01253,2026-02,4487.81
C01253,2026-03,4487.81
C01253,2026-04,4487.81
C01253,2026-05,4487.81
C01254,2025-12,25867.69
C01254,2026-01,25867.69
C01254,2026-02,33611.64
C01254,2026-03,33611.64
C01254,2026-04,33611.64
C01254,2026-05,33611.64
C01254,2026-06,33611.64
C01255,2025-12,198064.11
C01255,2026-01,198064.11
C01255,2026-02,198064.11
C01255,2026-03,198064.11
C01255,2026-04,198064.11
C01255,2026-05,198064.11
C01255,2026-06,198064.11
C01256,2025-12,9227.29
C01256,2026-01,9227.29
C01256,2026-02,9227.29
C01256,2026-03,9227.29
C01256,2026-04,9227.29
C01257,2026-01,10440.03
C01257,2026-02,10440.03
C01257,2026-03,10440.03
C01257,2026-04,10440.03
C01257,2026-05,10440.03
C01257,2026-06,10440.03
C01258,2026-01,8906.52
C01258,2026-02,8906.52
C01258,2026-03,8906.52
C01258,2026-04,8906.52
C01258,2026-05,8906.52
C01258,2026-06,8906.52
C01259,2026-01,15530.53
C01259,2026-02,15530.53
C01259,2026-03,15530.53
C01259,2026-04,15530.53
C01259,2026-05,15530.53
C01259,2026-06,15530.53
C01260,2026-01,59103.29
C01260,2026-02,59103.29
C01260,2026-03,59103.29
C01260,2026-04,59103.29
C01260,2026-05,59103.29
C01261,2026-01,7415.1
C01261,2026-02,7415.1
C01261,2026-03,7415.1
C01261,2026-04,7415.1
C01261,2026-05,7415.1
C01261,2026-06,7415.1
C01262,2026-01,4727.59
C01262,2026-02,4727.59
C01262,2026-03,4727.59
C01262,2026-04,4727.59
C01262,2026-05,4727.59
C01262,2026-06,4727.59
C01263,2026-01,9342.51
C01263,2026-02,9342.51
C01263,2026-03,9342.51
C01263,2026-04,9342.51
C01263,2026-05,9342.51
C01263,2026-06,9342.51
C01264,2026-01,32907.34
C01264,2026-02,32907.34
C01264,2026-03,32907.34
C01264,2026-04,32907.34
C01264,2026-05,32907.34
C01264,2026-06,32907.34
C01265,2026-01,40316.92
C01265,2026-02,40316.92
C01265,2026-03,40316.92
C01265,2026-04,40316.92
C01265,2026-05,40316.92
C01265,2026-06,40316.92
C01266,2026-01,6237.04
C01266,2026-02,6237.04
C01266,2026-03,6237.04
C01266,2026-04,6237.04
C01266,2026-05,6237.04
C01266,2026-06,6237.04
C01267,2026-01,236477.92
C01267,2026-02,236477.92
C01267,2026-03,236477.92
C01267,2026-04,236477.92
C01267,2026-05,236477.92
C01267,2026-06,236477.92
C01268,2026-01,5755.47
C01268,2026-02,5755.47
C01268,2026-03,5755.47
C01268,2026-04,5755.47
C01268,2026-05,5755.47
C01268,2026-06,5755.47
C01269,2026-01,7352.41
C01269,2026-02,7352.41
C01269,2026-03,7352.41
C01269,2026-04,7352.41
C01269,2026-05,7352.41
C01269,2026-06,7352.41
C01270,2026-01,11407.02
C01270,2026-02,11407.02
C01270,2026-03,11407.02
C01270,2026-04,11407.02
C01270,2026-05,11407.02
C01270,2026-06,11407.02
C01271,2026-01,1861.48
C01271,2026-02,1861.48
C01271,2026-03,1861.48
C01271,2026-04,1861.48
C01271,2026-05,1861.48
C01271,2026-06,1861.48
C01272,2026-01,6491.51
C01272,2026-02,6491.51
C01272,2026-03,6491.51
C01272,2026-04,6491.51
C01272,2026-05,6491.51
C01272,2026-06,6491.51
C01273,2026-01,45918.82
C01273,2026-02,45918.82
C01273,2026-03,45918.82
C01273,2026-04,45918.82
C01273,2026-05,45918.82
C01273,2026-06,45918.82
C01274,2026-01,5636.98
C01274,2026-02,5636.98
C01274,2026-03,5636.98
C01274,2026-04,5636.98
C01274,2026-05,5636.98
C01274,2026-06,5636.98
C01275,2026-01,16429.53
C01275,2026-02,16429.53
C01275,2026-03,16429.53
C01275,2026-04,16429.53
C01275,2026-05,16429.53
C01275,2026-06,16429.53
C01276,2026-01,223279.66
C01276,2026-02,223279.66
C01276,2026-03,223279.66
C01276,2026-04,223279.66
C01276,2026-05,223279.66
C01276,2026-06,223279.66
C01277,2026-01,5128.77
C01277,2026-02,5128.77
C01277,2026-03,5128.77
C01277,2026-04,5128.77
C01277,2026-05,5128.77
C01277,2026-06,5128.77
C01278,2026-01,46077.05
C01278,2026-02,46077.05
C01278,2026-03,46077.05
C01278,2026-04,46077.05
C01278,2026-05,46077.05
C01278,2026-06,46077.05
C01279,2026-01,21462.72
C01279,2026-02,21462.72
C01279,2026-03,21462.72
C01279,2026-04,21462.72
C01279,2026-05,21462.72
C01279,2026-06,21462.72
C01280,2026-01,17396.31
C01280,2026-02,17396.31
C01280,2026-03,17396.31
C01280,2026-04,17396.31
C01280,2026-05,17396.31
C01280,2026-06,17396.31
C01281,2026-01,69528.85
C01281,2026-02,69528.85
C01281,2026-03,69528.85
C01281,2026-04,69528.85
C01281,2026-05,69528.85
C01281,2026-06,69528.85
C01282,2026-01,48397.06
C01282,2026-02,48397.06
C01282,2026-03,48397.06
C01282,2026-04,48397.06
C01282,2026-05,48397.06
C01282,2026-06,48397.06
C01283,2026-01,17980.63
C01283,2026-02,17980.63
C01283,2026-03,17980.63
C01283,2026-04,17980.63
C01283,2026-05,17980.63
C01283,2026-06,17980.63
C01284,2026-01,114437.14
C01284,2026-02,114437.14
C01284,2026-03,114437.14
C01284,2026-04,114437.14
C01284,2026-05,114437.14
C01284,2026-06,114437.14
C01285,2026-01,16870.71
C01285,2026-02,16870.71
C01285,2026-03,16870.71
C01285,2026-04,16870.71
C01285,2026-05,16870.71
C01285,2026-06,16870.71
C01286,2026-01,159783.09
C01286,2026-02,159783.09
C01286,2026-03,159783.09
C01286,2026-04,159783.09
C01286,2026-05,159783.09
C01286,2026-06,159783.09
C01287,2026-02,1905.16
C01287,2026-03,1905.16
C01287,2026-04,1905.16
C01287,2026-05,1905.16
C01287,2026-06,1905.16
C01288,2026-02,205021.79
C01288,2026-03,205021.79
C01288,2026-04,205021.79
C01288,2026-05,205021.79
C01288,2026-06,205021.79
C01289,2026-02,10649.69
C01289,2026-03,10649.69
C01289,2026-04,10649.69
C01289,2026-05,10649.69
C01289,2026-06,10649.69
C01290,2026-02,8557.91
C01290,2026-03,8557.91
C01290,2026-04,8557.91
C01290,2026-05,8557.91
C01290,2026-06,8557.91
C01291,2026-02,10210.9
C01291,2026-03,10210.9
C01291,2026-04,10210.9
C01292,2026-02,21743.19
C01292,2026-03,21743.19
C01292,2026-04,21743.19
C01292,2026-05,21743.19
C01292,2026-06,21743.19
C01293,2026-02,9358.02
C01293,2026-03,9358.02
C01293,2026-04,9358.02
C01293,2026-05,9358.02
C01293,2026-06,9358.02
C01294,2026-02,20369.94
C01294,2026-03,20369.94
C01294,2026-04,20369.94
C01294,2026-05,20369.94
C01294,2026-06,20369.94
C01295,2026-02,51016.9
C01295,2026-03,51016.9
C01295,2026-04,51016.9
C01295,2026-05,51016.9
C01295,2026-06,51016.9
C01296,2026-02,192196.16
C01296,2026-03,192196.16
C01296,2026-04,192196.16
C01296,2026-05,192196.16
C01296,2026-06,192196.16
C01297,2026-02,3536.47
C01297,2026-03,3536.47
C01297,2026-04,3118.85
C01297,2026-05,3118.85
C01297,2026-06,3118.85
C01298,2026-02,80739.91
C01298,2026-03,80739.91
C01298,2026-04,80739.91
C01298,2026-05,80739.91
C01298,2026-06,80739.91
C01299,2026-02,5298.31
C01299,2026-03,5298.31
C01299,2026-04,5298.31
C01299,2026-05,5298.31
C01299,2026-06,5298.31
C01300,2026-02,3189.77
C01300,2026-03,3189.77
C01300,2026-04,3189.77
C01300,2026-05,3189.77
C01300,2026-06,3189.77
C01301,2026-02,24302.55
C01301,2026-03,24302.55
C01301,2026-04,24302.55
C01301,2026-05,24302.55
C01301,2026-06,24302.55
C01302,2026-02,6093.6
C01302,2026-03,6093.6
C01302,2026-04,6093.6
C01302,2026-05,6093.6
C01302,2026-06,6093.6
C01303,2026-02,19477.26
C01303,2026-03,19477.26
C01303,2026-04,19477.26
C01303,2026-05,19477.26
C01303,2026-06,19477.26
C01304,2026-02,11975.74
C01304,2026-03,11975.74
C01304,2026-04,11975.74
C01304,2026-05,11975.74
C01304,2026-06,11975.74
C01305,2026-02,11183.8
C01305,2026-03,11183.8
C01305,2026-04,11183.8
C01305,2026-05,11183.8
C01305,2026-06,11183.8
C01306,2026-02,42219.37
C01306,2026-03,42219.37
C01306,2026-04,42219.37
C01306,2026-05,47866.25
C01306,2026-06,47866.25
C01307,2026-02,6566.1
C01307,2026-03,6566.1
C01307,2026-04,6566.1
C01308,2026-02,38866.85
C01308,2026-03,38866.85
C01308,2026-04,38866.85
C01308,2026-05,38866.85
C01308,2026-06,38866.85
C01309,2026-02,57508.11
C01309,2026-03,57508.11
C01309,2026-04,57508.11
C01309,2026-05,57508.11
C01310,2026-02,32561.57
C01310,2026-03,32561.57
C01310,2026-04,32561.57
C01310,2026-05,32561.57
C01310,2026-06,32561.57
C01311,2026-02,37888.54
C01311,2026-03,37888.54
C01311,2026-04,37888.54
C01311,2026-05,37888.54
C01311,2026-06,37888.54
C01312,2026-02,10669.77
C01312,2026-03,10669.77
C01312,2026-04,10669.77
C01312,2026-05,10669.77
C01312,2026-06,10669.77
C01313,2026-02,19330.89
C01313,2026-03,19330.89
C01313,2026-04,19330.89
C01313,2026-05,19330.89
C01313,2026-06,19330.89
C01314,2026-02,50076.92
C01314,2026-03,50076.92
C01314,2026-04,50076.92
C01314,2026-05,50076.92
C01314,2026-06,50076.92
C01315,2026-02,6272.72
C01315,2026-03,6272.72
C01315,2026-04,6272.72
C01315,2026-05,6272.72
C01315,2026-06,6272.72
C01316,2026-02,2659.85
C01316,2026-03,2659.85
C01316,2026-04,2659.85
C01316,2026-05,2659.85
C01316,2026-06,2659.85
C01317,2026-02,161319.35
C01317,2026-03,161319.35
C01317,2026-04,161319.35
C01317,2026-05,161319.35
C01317,2026-06,161319.35
C01318,2026-02,53069.5
C01318,2026-03,53069.5
C01318,2026-04,53069.5
C01318,2026-05,53069.5
C01318,2026-06,53069.5
C01319,2026-02,11403.51
C01319,2026-03,11403.51
C01319,2026-04,11403.51
C01319,2026-05,11403.51
C01319,2026-06,11403.51
C01320,2026-02,11974.13
C01320,2026-03,11974.13
C01320,2026-04,11974.13
C01321,2026-02,9866.97
C01321,2026-03,9866.97
C01321,2026-04,9866.97
C01321,2026-05,9866.97
C01321,2026-06,9866.97
C01322,2026-02,107160.57
C01322,2026-03,81926.69
C01322,2026-04,81926.69
C01322,2026-05,81926.69
C01322,2026-06,81926.69
C01323,2026-02,4276.34
C01323,2026-03,4276.34
C01323,2026-04,4276.34
C01323,2026-05,4276.34
C01323,2026-06,4276.34
C01324,2026-02,42012.96
C01324,2026-03,42012.96
C01324,2026-04,42012.96
C01324,2026-05,42012.96
C01324,2026-06,42012.96
C01325,2026-02,97437.24
C01325,2026-03,97437.24
C01325,2026-04,97437.24
C01325,2026-05,97437.24
C01325,2026-06,97437.24
C01326,2026-02,25831.23
C01326,2026-03,25831.23
C01326,2026-04,25831.23
C01326,2026-05,25831.23
C01326,2026-06,25831.23
C01327,2026-02,22574.22
C01327,2026-03,22574.22
C01327,2026-04,22574.22
C01327,2026-05,22574.22
C01327,2026-06,22574.22
C01328,2026-03,31539.95
C01328,2026-04,31539.95
C01328,2026-05,31539.95
C01328,2026-06,31539.95
C01329,2026-03,11035.37
C01329,2026-04,11035.37
C01329,2026-05,11035.37
C01329,2026-06,9441.21
C01330,2026-03,53950.38
C01330,2026-04,53950.38
C01330,2026-05,53950.38
C01330,2026-06,53950.38
C01331,2026-03,3507.11
C01331,2026-04,3507.11
C01331,2026-05,3507.11
C01331,2026-06,3507.11
C01332,2026-03,10171.45
C01332,2026-04,10171.45
C01332,2026-05,10171.45
C01332,2026-06,10171.45
C01333,2026-03,45407.43
C01333,2026-04,45407.43
C01333,2026-05,45407.43
C01333,2026-06,45407.43
C01334,2026-03,9856.68
C01334,2026-04,9856.68
C01334,2026-05,9856.68
C01334,2026-06,9856.68
C01335,2026-03,9239.92
C01335,2026-04,9239.92
C01335,2026-05,9239.92
C01336,2026-03,9721.4
C01336,2026-04,9721.4
C01336,2026-05,9721.4
C01336,2026-06,9721.4
C01337,2026-03,30820.44
C01337,2026-04,30820.44
C01337,2026-05,30820.44
C01337,2026-06,30820.44
C01338,2026-03,5059.84
C01338,2026-04,5059.84
C01338,2026-05,5059.84
C01338,2026-06,5059.84
C01339,2026-03,5378.67
C01339,2026-04,5378.67
C01339,2026-05,5378.67
C01339,2026-06,5378.67
C01340,2026-03,10065.89
C01340,2026-04,10065.89
C01340,2026-05,10065.89
C01340,2026-06,10065.89
C01341,2026-03,36698.13
C01341,2026-04,36698.13
C01341,2026-05,36698.13
C01341,2026-06,36698.13
C01342,2026-03,3508.48
C01342,2026-04,3508.48
C01342,2026-05,3508.48
C01342,2026-06,3508.48
C01343,2026-03,10830.96
C01343,2026-04,10830.96
C01343,2026-05,10830.96
C01343,2026-06,10830.96
C01344,2026-03,176453.73
C01344,2026-04,176453.73
C01344,2026-05,176453.73
C01344,2026-06,176453.73
C01345,2026-03,5368.72
C01345,2026-04,5368.72
C01345,2026-05,5368.72
C01345,2026-06,5368.72
C01346,2026-03,52675.13
C01346,2026-04,52675.13
C01346,2026-05,52675.13
C01346,2026-06,52675.13
C01347,2026-03,144449.31
C01347,2026-04,144449.31
C01347,2026-05,144449.31
C01347,2026-06,144449.31
C01348,2026-03,10051.24
C01348,2026-04,10051.24
C01348,2026-05,10051.24
C01348,2026-06,10051.24
C01349,2026-03,8184.35
C01349,2026-04,8184.35
C01349,2026-05,8184.35
C01349,2026-06,8184.35
C01350,2026-03,58638.97
C01350,2026-04,58638.97
C01350,2026-05,58638.97
C01350,2026-06,58638.97
C01351,2026-03,8172.25
C01351,2026-04,8172.25
C01351,2026-05,8172.25
C01351,2026-06,8172.25
C01352,2026-03,22294.64
C01352,2026-04,22294.64
C01352,2026-05,22294.64
C01352,2026-06,22294.64
C01353,2026-03,6436.75
C01353,2026-04,6436.75
C01353,2026-05,6436.75
C01353,2026-06,6436.75
C01354,2026-03,11938.31
C01354,2026-04,11938.31
C01354,2026-05,11938.31
C01354,2026-06,11938.31
C01355,2026-03,5329.43
C01355,2026-04,5329.43
C01355,2026-05,5329.43
C01355,2026-06,5329.43
C01356,2026-03,6867.11
C01356,2026-04,6867.11
C01356,2026-05,6867.11
C01356,2026-06,6867.11
C01357,2026-03,38422.88
C01357,2026-04,38422.88
C01357,2026-05,38422.88
C01357,2026-06,38422.88
C01358,2026-03,50930.61
C01358,2026-04,50930.61
C01358,2026-05,50930.61
C01358,2026-06,50930.61
C01359,2026-03,8870.23
C01359,2026-04,8870.23
C01359,2026-05,8870.23
C01359,2026-06,8870.23
C01360,2026-03,7163.66
C01360,2026-04,7163.66
C01360,2026-05,7163.66
C01360,2026-06,7163.66
C01361,2026-03,45469.03
C01361,2026-04,45469.03
C01361,2026-05,45469.03
C01361,2026-06,45469.03
C01362,2026-03,3435.56
C01362,2026-04,3435.56
C01362,2026-05,3435.56
C01362,2026-06,3435.56
C01363,2026-03,11621.87
C01363,2026-04,11621.87
C01363,2026-05,11621.87
C01363,2026-06,11621.87
C01364,2026-03,35479.11
C01364,2026-04,35479.11
C01364,2026-05,35479.11
C01364,2026-06,35479.11
C01365,2026-03,6999.59
C01365,2026-04,6999.59
C01365,2026-05,6999.59
C01365,2026-06,6999.59
C01366,2026-03,40725.73
C01366,2026-04,40725.73
C01366,2026-05,40725.73
C01366,2026-06,40725.73
C01367,2026-03,11533.55
C01367,2026-04,11533.55
C01367,2026-05,11533.55
C01367,2026-06,11533.55
C01368,2026-03,52294.98
C01368,2026-04,52294.98
C01368,2026-05,52294.98
C01369,2026-03,3854.25
C01369,2026-04,3854.25
C01369,2026-05,3854.25
C01369,2026-06,3854.25
C01370,2026-03,220074.75
C01370,2026-04,220074.75
C01370,2026-05,220074.75
C01370,2026-06,220074.75
C01371,2026-03,5194.96
C01371,2026-04,5194.96
C01371,2026-05,5194.96
C01371,2026-06,5194.96
C01372,2026-03,12737.37
C01372,2026-04,12737.37
C01372,2026-05,12737.37
C01372,2026-06,12737.37
C01373,2026-04,58418.68
C01373,2026-05,58418.68
C01373,2026-06,58418.68
C01374,2026-04,16242.36
C01374,2026-05,16242.36
C01374,2026-06,16242.36
C01375,2026-04,200864.42
C01375,2026-05,200864.42
C01375,2026-06,200864.42
C01376,2026-04,4741.71
C01376,2026-05,4741.71
C01376,2026-06,4741.71
C01377,2026-04,45870.74
C01377,2026-05,32814.04
C01377,2026-06,32814.04
C01378,2026-04,235108.71
C01378,2026-05,235108.71
C01378,2026-06,235108.71
C01379,2026-04,5826.93
C01379,2026-05,5826.93
C01379,2026-06,5826.93
C01380,2026-04,2209.19
C01380,2026-05,2209.19
C01380,2026-06,2209.19
C01381,2026-04,38638.44
C01381,2026-05,38638.44
C01381,2026-06,38638.44
C01382,2026-04,4765.54
C01382,2026-05,4765.54
C01382,2026-06,4765.54
C01383,2026-04,15492.88
C01383,2026-05,15492.88
C01383,2026-06,15492.88
C01384,2026-04,11162.83
C01384,2026-05,11162.83
C01384,2026-06,11162.83
C01385,2026-04,90985.04
C01385,2026-05,90985.04
C01385,2026-06,90985.04
C01386,2026-04,26251.45
C01386,2026-05,26251.45
C01386,2026-06,26251.45
C01387,2026-04,10875.34
C01387,2026-05,10875.34
C01387,2026-06,10875.34
C01388,2026-04,30303.16
C01388,2026-05,30303.16
C01388,2026-06,30303.16
C01389,2026-04,214666.31
C01389,2026-05,214666.31
C01389,2026-06,214666.31
C01390,2026-04,217460.83
C01390,2026-05,217460.83
C01390,2026-06,217460.83
C01391,2026-04,7953.35
C01391,2026-05,7953.35
C01391,2026-06,7953.35
C01392,2026-04,1978.48
C01392,2026-05,1978.48
C01392,2026-06,1978.48
C01393,2026-04,95177.26
C01393,2026-05,95177.26
C01393,2026-06,95177.26
C01394,2026-04,8289.26
C01394,2026-05,8289.26
C01394,2026-06,8289.26
C01395,2026-04,59072.13
C01395,2026-05,59072.13
C01395,2026-06,46596.05
C01396,2026-04,8329.6
C01396,2026-05,8329.6
C01396,2026-06,8329.6
C01397,2026-04,7468.53
C01398,2026-04,22839.91
C01398,2026-05,22839.91
C01398,2026-06,22839.91
C01399,2026-04,10235.13
C01399,2026-05,10235.13
C01399,2026-06,10235.13
C01400,2026-04,30324.59
C01400,2026-05,30324.59
C01400,2026-06,30324.59
C01401,2026-04,46389.44
C01401,2026-05,46389.44
C01401,2026-06,46389.44
C01402,2026-04,9406.7
C01402,2026-05,9406.7
C01402,2026-06,9406.7
C01403,2026-04,52832.66
C01403,2026-05,52832.66
C01403,2026-06,52832.66
C01404,2026-04,7895.0
C01404,2026-05,7895.0
C01404,2026-06,7895.0
C01405,2026-04,57625.38
C01405,2026-05,57625.38
C01405,2026-06,57625.38
C01406,2026-04,3369.94
C01406,2026-05,3369.94
C01406,2026-06,3369.94
C01407,2026-04,10944.15
C01407,2026-05,10944.15
C01407,2026-06,10944.15
C01408,2026-04,11498.85
C01408,2026-05,11498.85
C01408,2026-06,11498.85
C01409,2026-04,16894.37
C01409,2026-05,16894.37
C01409,2026-06,16894.37
C01410,2026-04,57217.29
C01410,2026-05,57217.29
C01410,2026-06,57217.29
C01411,2026-04,2558.44
C01411,2026-05,2558.44
C01411,2026-06,2558.44
C01412,2026-04,39814.23
C01412,2026-05,42993.59
C01412,2026-06,42993.59
C01413,2026-05,28212.88
C01413,2026-06,28212.88
C01414,2026-05,6727.72
C01414,2026-06,6727.72
C01415,2026-05,6318.43
C01415,2026-06,6318.43
C01416,2026-05,51987.43
C01416,2026-06,51987.43
C01417,2026-05,2012.35
C01417,2026-06,2012.35
C01418,2026-05,168380.2
C01418,2026-06,168380.2
C01419,2026-05,17400.13
C01419,2026-06,17400.13
C01420,2026-05,55183.06
C01420,2026-06,55183.06
C01421,2026-05,3794.78
C01421,2026-06,3794.78
C01422,2026-05,5610.67
C01423,2026-05,23662.6
C01423,2026-06,23662.6
C01424,2026-05,2559.24
C01424,2026-06,2559.24
C01425,2026-05,20256.55
C01425,2026-06,20256.55
C01426,2026-05,16407.05
C01426,2026-06,16407.05
C01427,2026-05,51539.07
C01427,2026-06,51539.07
C01428,2026-05,4287.24
C01428,2026-06,4287.24
C01429,2026-05,13455.97
C01429,2026-06,13455.97
C01430,2026-05,129981.33
C01430,2026-06,129981.33
C01431,2026-05,160428.93
C01431,2026-06,160428.93
C01432,2026-05,43446.31
C01432,2026-06,43446.31
C01433,2026-05,29616.87
C01433,2026-06,29616.87
C01434,2026-05,56529.08
C01434,2026-06,56529.08
C01435,2026-05,11021.1
C01435,2026-06,11021.1
C01436,2026-05,180138.55
C01436,2026-06,180138.55
C01437,2026-05,1845.15
C01437,2026-06,1845.15
C01438,2026-05,7442.66
C01438,2026-06,7442.66
C01439,2026-05,8157.33
C01439,2026-06,8157.33
C01440,2026-05,36661.98
C01440,2026-06,36661.98
C01441,2026-05,14069.6
C01441,2026-06,14069.6
C01442,2026-05,5718.85
C01442,2026-06,5718.85
C01443,2026-05,37085.81
C01443,2026-06,37085.81
C01444,2026-05,1958.61
C01444,2026-06,1958.61
C01445,2026-05,34615.01
C01445,2026-06,34615.01
C01446,2026-05,52543.05
C01446,2026-06,52543.05
C01447,2026-05,3005.03
C01447,2026-06,3005.03
C01448,2026-05,18909.32
C01448,2026-06,18909.32
